<?xml version="1.0" encoding="utf-8"?>
<Report ver="2" type="prc">
  <Bands>
    <PrintBlock>
      <Controls />
      <Properties>
        <RPT_TEXT_MODE>False</RPT_TEXT_MODE>
        <RPT_INTERNAL_NAME>lineablanco</RPT_INTERNAL_NAME>
        <RPT_ID>315</RPT_ID>
        <RPT_VISIBLE>True</RPT_VISIBLE>
        <RPT_TEXT>Text</RPT_TEXT>
        <RPT_X>0</RPT_X>
        <RPT_Y>0</RPT_Y>
        <RPT_WIDTH>100</RPT_WIDTH>
        <RPT_HEIGHT>15</RPT_HEIGHT>
      </Properties>
    </PrintBlock>
    <PrintBlock>
      <Controls>
        <ReportAttribute>
          <RPT_TEXT_MODE>False</RPT_TEXT_MODE>
          <RPT_INTERNAL_NAME>Control2</RPT_INTERNAL_NAME>
          <RPT_ID>2</RPT_ID>
          <RPT_VISIBLE>True</RPT_VISIBLE>
          <ControlName>&amp;HojRut</ControlName>
          <AttID>&amp;HojRut</AttID>
          <AttType>5</AttType>
          <BaseAttType>5</BaseAttType>
          <PROP_EXT_BASE_ATT_COLLECTION>False</PROP_EXT_BASE_ATT_COLLECTION>
          <GxObjClass>1</GxObjClass>
          <isVariable>True</isVariable>
          <isAttribute>False</isAttribute>
          <ColCount>12</ColCount>
          <ControlType>Edit</ControlType>
          <IsEnumerated>False</IsEnumerated>
          <RowIndex>1</RowIndex>
          <ColIndex>1</ColIndex>
          <AttNumDim>0</AttNumDim>
          <AttCollection>False</AttCollection>
          <RPT_TEXT>Text</RPT_TEXT>
          <RPT_X>535</RPT_X>
          <RPT_Y>90</RPT_Y>
          <RPT_WIDTH>214</RPT_WIDTH>
          <RPT_WIDTH_Default>214</RPT_WIDTH_Default>
          <RPT_HEIGHT>24</RPT_HEIGHT>
          <RPT_HEIGHT_Default>24</RPT_HEIGHT_Default>
          <RPT_FORECOLOR>Black, ARGB(255,0,0,0)</RPT_FORECOLOR>
          <RPT_BACKCOLOR>White, ARGB(255,255,255,255)</RPT_BACKCOLOR>
          <RPT_BORDERS>None</RPT_BORDERS>
          <RPT_BORDERWIDTH>1</RPT_BORDERWIDTH>
          <RPT_BORDERCOLOR>Black, ARGB(255,0,0,0)</RPT_BORDERCOLOR>
          <RPT_ALIGNMENT>TopLeft</RPT_ALIGNMENT>
          <RPT_FONT>3 of 9 Barcode, 22pt</RPT_FONT>
          <GxFormat>Text</GxFormat>
          <RPT_WORDWRAP>False</RPT_WORDWRAP>
          <AttEditNameProtected>False</AttEditNameProtected>
          <IsStandardVariable>False</IsStandardVariable>
          <idIsAutoDefinedVariable>False</idIsAutoDefinedVariable>
          <AttEditDisableArrays>False</AttEditDisableArrays>
          <AttEditNewVariable>False</AttEditNewVariable>
          <AttEditDontAssign>False</AttEditDontAssign>
        </ReportAttribute>
        <ReportLabel>
          <RPT_TEXT_MODE>False</RPT_TEXT_MODE>
          <RPT_INTERNAL_NAME>Control3</RPT_INTERNAL_NAME>
          <RPT_ID>3</RPT_ID>
          <RPT_VISIBLE>True</RPT_VISIBLE>
          <RPT_TEXT>Ordem Serviço:</RPT_TEXT>
          <RPT_X>222</RPT_X>
          <RPT_Y>90</RPT_Y>
          <RPT_WIDTH>118</RPT_WIDTH>
          <RPT_HEIGHT>18</RPT_HEIGHT>
          <RPT_FORECOLOR>Black, ARGB(255,0,0,0)</RPT_FORECOLOR>
          <RPT_BACKCOLOR>Transparent, ARGB(0,255,255,255)</RPT_BACKCOLOR>
          <RPT_BORDERS>None</RPT_BORDERS>
          <RPT_BORDERWIDTH>1</RPT_BORDERWIDTH>
          <RPT_BORDERCOLOR>Black, ARGB(255,0,0,0)</RPT_BORDERCOLOR>
          <RPT_ALIGNMENT>TopLeft</RPT_ALIGNMENT>
          <RPT_FONT>Courier New, 10pt</RPT_FONT>
          <RPT_WORDWRAP>False</RPT_WORDWRAP>
        </ReportLabel>
        <ReportAttribute>
          <RPT_TEXT_MODE>False</RPT_TEXT_MODE>
          <RPT_INTERNAL_NAME>Control4</RPT_INTERNAL_NAME>
          <RPT_ID>4</RPT_ID>
          <RPT_VISIBLE>True</RPT_VISIBLE>
          <ControlName>BarCod</ControlName>
          <AttID>BarCod</AttID>
          <AttType>4</AttType>
          <BaseAttType>4</BaseAttType>
          <PROP_EXT_BASE_ATT_COLLECTION>False</PROP_EXT_BASE_ATT_COLLECTION>
          <GxObjClass>1</GxObjClass>
          <isVariable>False</isVariable>
          <isAttribute>True</isAttribute>
          <ColCount>8</ColCount>
          <ControlType>Edit</ControlType>
          <IsEnumerated>False</IsEnumerated>
          <RowIndex>1</RowIndex>
          <ColIndex>1</ColIndex>
          <AttNumDim>0</AttNumDim>
          <AttCollection>False</AttCollection>
          <RPT_TEXT>Text</RPT_TEXT>
          <RPT_X>348</RPT_X>
          <RPT_Y>90</RPT_Y>
          <RPT_WIDTH>93</RPT_WIDTH>
          <RPT_WIDTH_Default>93</RPT_WIDTH_Default>
          <RPT_HEIGHT>24</RPT_HEIGHT>
          <RPT_HEIGHT_Default>24</RPT_HEIGHT_Default>
          <RPT_FORECOLOR>Black, ARGB(255,0,0,0)</RPT_FORECOLOR>
          <RPT_BACKCOLOR>White, ARGB(255,255,255,255)</RPT_BACKCOLOR>
          <RPT_BORDERS>None</RPT_BORDERS>
          <RPT_BORDERWIDTH>1</RPT_BORDERWIDTH>
          <RPT_BORDERCOLOR>Black, ARGB(255,0,0,0)</RPT_BORDERCOLOR>
          <RPT_ALIGNMENT>TopRight</RPT_ALIGNMENT>
          <RPT_FONT>Courier New, 14pt, style=Bold</RPT_FONT>
          <GxFormat>Text</GxFormat>
          <RPT_WORDWRAP>False</RPT_WORDWRAP>
          <AttEditNameProtected>False</AttEditNameProtected>
          <IsStandardVariable>False</IsStandardVariable>
          <idIsAutoDefinedVariable>False</idIsAutoDefinedVariable>
          <AttEditDisableArrays>False</AttEditDisableArrays>
          <AttEditNewVariable>False</AttEditNewVariable>
          <AttEditDontAssign>False</AttEditDontAssign>
        </ReportAttribute>
        <ReportAttribute>
          <RPT_TEXT_MODE>False</RPT_TEXT_MODE>
          <RPT_INTERNAL_NAME>Control5</RPT_INTERNAL_NAME>
          <RPT_ID>5</RPT_ID>
          <RPT_VISIBLE>True</RPT_VISIBLE>
          <ControlName>BarCodReo</ControlName>
          <AttID>BarCodReo</AttID>
          <AttType>4</AttType>
          <BaseAttType>4</BaseAttType>
          <PROP_EXT_BASE_ATT_COLLECTION>False</PROP_EXT_BASE_ATT_COLLECTION>
          <GxObjClass>1</GxObjClass>
          <isVariable>False</isVariable>
          <isAttribute>True</isAttribute>
          <ColCount>1</ColCount>
          <ControlType>Edit</ControlType>
          <IsEnumerated>False</IsEnumerated>
          <RowIndex>1</RowIndex>
          <ColIndex>1</ColIndex>
          <AttNumDim>0</AttNumDim>
          <AttCollection>False</AttCollection>
          <RPT_TEXT>Text</RPT_TEXT>
          <RPT_X>471</RPT_X>
          <RPT_Y>90</RPT_Y>
          <RPT_WIDTH>12</RPT_WIDTH>
          <RPT_WIDTH_Default>12</RPT_WIDTH_Default>
          <RPT_HEIGHT>24</RPT_HEIGHT>
          <RPT_HEIGHT_Default>24</RPT_HEIGHT_Default>
          <RPT_FORECOLOR>Black, ARGB(255,0,0,0)</RPT_FORECOLOR>
          <RPT_BACKCOLOR>White, ARGB(255,255,255,255)</RPT_BACKCOLOR>
          <RPT_BORDERS>None</RPT_BORDERS>
          <RPT_BORDERWIDTH>1</RPT_BORDERWIDTH>
          <RPT_BORDERCOLOR>Black, ARGB(255,0,0,0)</RPT_BORDERCOLOR>
          <RPT_ALIGNMENT>TopRight</RPT_ALIGNMENT>
          <RPT_FONT>Courier New, 14pt, style=Bold</RPT_FONT>
          <GxFormat>Text</GxFormat>
          <RPT_WORDWRAP>False</RPT_WORDWRAP>
          <AttEditNameProtected>False</AttEditNameProtected>
          <IsStandardVariable>False</IsStandardVariable>
          <idIsAutoDefinedVariable>False</idIsAutoDefinedVariable>
          <AttEditDisableArrays>False</AttEditDisableArrays>
          <AttEditNewVariable>False</AttEditNewVariable>
          <AttEditDontAssign>False</AttEditDontAssign>
        </ReportAttribute>
        <ReportAttribute>
          <RPT_TEXT_MODE>False</RPT_TEXT_MODE>
          <RPT_INTERNAL_NAME>Control6</RPT_INTERNAL_NAME>
          <RPT_ID>6</RPT_ID>
          <RPT_VISIBLE>True</RPT_VISIBLE>
          <ControlName>BarCodPar</ControlName>
          <AttID>BarCodPar</AttID>
          <AttType>5</AttType>
          <BaseAttType>5</BaseAttType>
          <PROP_EXT_BASE_ATT_COLLECTION>False</PROP_EXT_BASE_ATT_COLLECTION>
          <GxObjClass>1</GxObjClass>
          <isVariable>False</isVariable>
          <isAttribute>True</isAttribute>
          <ColCount>1</ColCount>
          <ControlType>Edit</ControlType>
          <IsEnumerated>False</IsEnumerated>
          <RowIndex>1</RowIndex>
          <ColIndex>1</ColIndex>
          <AttNumDim>0</AttNumDim>
          <AttCollection>False</AttCollection>
          <RPT_TEXT>Text</RPT_TEXT>
          <RPT_X>494</RPT_X>
          <RPT_Y>90</RPT_Y>
          <RPT_WIDTH>12</RPT_WIDTH>
          <RPT_WIDTH_Default>12</RPT_WIDTH_Default>
          <RPT_HEIGHT>24</RPT_HEIGHT>
          <RPT_HEIGHT_Default>24</RPT_HEIGHT_Default>
          <RPT_FORECOLOR>Black, ARGB(255,0,0,0)</RPT_FORECOLOR>
          <RPT_BACKCOLOR>White, ARGB(255,255,255,255)</RPT_BACKCOLOR>
          <RPT_BORDERS>None</RPT_BORDERS>
          <RPT_BORDERWIDTH>1</RPT_BORDERWIDTH>
          <RPT_BORDERCOLOR>Black, ARGB(255,0,0,0)</RPT_BORDERCOLOR>
          <RPT_ALIGNMENT>TopLeft</RPT_ALIGNMENT>
          <RPT_FONT>Courier New, 14pt, style=Bold</RPT_FONT>
          <GxFormat>Text</GxFormat>
          <RPT_WORDWRAP>False</RPT_WORDWRAP>
          <AttEditNameProtected>False</AttEditNameProtected>
          <IsStandardVariable>False</IsStandardVariable>
          <idIsAutoDefinedVariable>False</idIsAutoDefinedVariable>
          <AttEditDisableArrays>False</AttEditDisableArrays>
          <AttEditNewVariable>False</AttEditNewVariable>
          <AttEditDontAssign>False</AttEditDontAssign>
        </ReportAttribute>
        <ReportLabel>
          <RPT_TEXT_MODE>False</RPT_TEXT_MODE>
          <RPT_INTERNAL_NAME>Control7</RPT_INTERNAL_NAME>
          <RPT_ID>7</RPT_ID>
          <RPT_VISIBLE>True</RPT_VISIBLE>
          <RPT_TEXT>Data Emissão:</RPT_TEXT>
          <RPT_X>222</RPT_X>
          <RPT_Y>115</RPT_Y>
          <RPT_WIDTH>117</RPT_WIDTH>
          <RPT_HEIGHT>17</RPT_HEIGHT>
          <RPT_FORECOLOR>Black, ARGB(255,0,0,0)</RPT_FORECOLOR>
          <RPT_BACKCOLOR>Transparent, ARGB(0,255,255,255)</RPT_BACKCOLOR>
          <RPT_BORDERS>None</RPT_BORDERS>
          <RPT_BORDERWIDTH>1</RPT_BORDERWIDTH>
          <RPT_BORDERCOLOR>Black, ARGB(255,0,0,0)</RPT_BORDERCOLOR>
          <RPT_ALIGNMENT>TopLeft</RPT_ALIGNMENT>
          <RPT_FONT>Courier New, 10pt</RPT_FONT>
          <RPT_WORDWRAP>False</RPT_WORDWRAP>
        </ReportLabel>
        <ReportAttribute>
          <RPT_TEXT_MODE>False</RPT_TEXT_MODE>
          <RPT_INTERNAL_NAME>Control8</RPT_INTERNAL_NAME>
          <RPT_ID>8</RPT_ID>
          <RPT_VISIBLE>True</RPT_VISIBLE>
          <ControlName>BarFecGen</ControlName>
          <AttID>BarFecGen</AttID>
          <AttType>6</AttType>
          <BaseAttType>6</BaseAttType>
          <PROP_EXT_BASE_ATT_COLLECTION>False</PROP_EXT_BASE_ATT_COLLECTION>
          <GxObjClass>1</GxObjClass>
          <isVariable>False</isVariable>
          <isAttribute>True</isAttribute>
          <ColCount>8</ColCount>
          <ControlType>Edit</ControlType>
          <IsEnumerated>False</IsEnumerated>
          <RowIndex>1</RowIndex>
          <ColIndex>1</ColIndex>
          <AttNumDim>0</AttNumDim>
          <AttCollection>False</AttCollection>
          <RPT_TEXT>Text</RPT_TEXT>
          <RPT_X>356</RPT_X>
          <RPT_Y>115</RPT_Y>
          <RPT_WIDTH>84</RPT_WIDTH>
          <RPT_WIDTH_Default>84</RPT_WIDTH_Default>
          <RPT_HEIGHT>20</RPT_HEIGHT>
          <RPT_HEIGHT_Default>20</RPT_HEIGHT_Default>
          <RPT_FORECOLOR>Black, ARGB(255,0,0,0)</RPT_FORECOLOR>
          <RPT_BACKCOLOR>White, ARGB(255,255,255,255)</RPT_BACKCOLOR>
          <RPT_BORDERS>None</RPT_BORDERS>
          <RPT_BORDERWIDTH>1</RPT_BORDERWIDTH>
          <RPT_BORDERCOLOR>Black, ARGB(255,0,0,0)</RPT_BORDERCOLOR>
          <RPT_ALIGNMENT>TopLeft</RPT_ALIGNMENT>
          <RPT_FONT>Courier New, 12pt</RPT_FONT>
          <GxFormat>Text</GxFormat>
          <RPT_WORDWRAP>False</RPT_WORDWRAP>
          <AttEditNameProtected>False</AttEditNameProtected>
          <IsStandardVariable>False</IsStandardVariable>
          <idIsAutoDefinedVariable>False</idIsAutoDefinedVariable>
          <AttEditDisableArrays>False</AttEditDisableArrays>
          <AttEditNewVariable>False</AttEditNewVariable>
          <AttEditDontAssign>False</AttEditDontAssign>
        </ReportAttribute>
        <ReportLabel>
          <RPT_TEXT_MODE>False</RPT_TEXT_MODE>
          <RPT_INTERNAL_NAME>Control9</RPT_INTERNAL_NAME>
          <RPT_ID>9</RPT_ID>
          <RPT_VISIBLE>True</RPT_VISIBLE>
          <RPT_TEXT>-</RPT_TEXT>
          <RPT_X>448</RPT_X>
          <RPT_Y>90</RPT_Y>
          <RPT_WIDTH>11</RPT_WIDTH>
          <RPT_HEIGHT>19</RPT_HEIGHT>
          <RPT_FORECOLOR>Black, ARGB(255,0,0,0)</RPT_FORECOLOR>
          <RPT_BACKCOLOR>Transparent, ARGB(0,255,255,255)</RPT_BACKCOLOR>
          <RPT_BORDERS>None</RPT_BORDERS>
          <RPT_BORDERWIDTH>1</RPT_BORDERWIDTH>
          <RPT_BORDERCOLOR>Black, ARGB(255,0,0,0)</RPT_BORDERCOLOR>
          <RPT_ALIGNMENT>TopLeft</RPT_ALIGNMENT>
          <RPT_FONT>Courier New, 12pt, style=Bold</RPT_FONT>
          <RPT_WORDWRAP>False</RPT_WORDWRAP>
        </ReportLabel>
        <ReportRectangle>
          <RPT_TEXT_MODE>False</RPT_TEXT_MODE>
          <RPT_INTERNAL_NAME>Control10</RPT_INTERNAL_NAME>
          <RPT_ID>10</RPT_ID>
          <RPT_VISIBLE>True</RPT_VISIBLE>
          <RPT_X>216</RPT_X>
          <RPT_Y>84</RPT_Y>
          <RPT_WIDTH>548</RPT_WIDTH>
          <RPT_HEIGHT>54</RPT_HEIGHT>
          <RPT_FORECOLOR>Black, ARGB(255,0,0,0)</RPT_FORECOLOR>
          <RPT_BACKCOLOR>Transparent, ARGB(0,255,255,255)</RPT_BACKCOLOR>
          <RPT_BORDERS>All</RPT_BORDERS>
          <RPT_BORDERWIDTH>1</RPT_BORDERWIDTH>
          <RPT_BORDERCOLOR>Black, ARGB(255,0,0,0)</RPT_BORDERCOLOR>
          <RPT_STYLE>Solid</RPT_STYLE>
          <RPT_STYLE_TOP>Solid</RPT_STYLE_TOP>
          <RPT_STYLE_RIGHT>Solid</RPT_STYLE_RIGHT>
          <RPT_STYLE_BOTTOM>Solid</RPT_STYLE_BOTTOM>
          <RPT_STYLE_LEFT>Solid</RPT_STYLE_LEFT>
          <RPT_ALIGNMENT>TopLeft</RPT_ALIGNMENT>
          <RPT_CORNER_RADIUS>0</RPT_CORNER_RADIUS>
          <RPT_CORNER_RADIUS_TOPLEFT>0</RPT_CORNER_RADIUS_TOPLEFT>
          <RPT_CORNER_RADIUS_TOPRIGHT>0</RPT_CORNER_RADIUS_TOPRIGHT>
          <RPT_CORNER_RADIUS_BOTTOMLEFT>0</RPT_CORNER_RADIUS_BOTTOMLEFT>
          <RPT_CORNER_RADIUS_BOTTOMRIGHT>0</RPT_CORNER_RADIUS_BOTTOMRIGHT>
        </ReportRectangle>
        <ReportAttribute>
          <RPT_TEXT_MODE>False</RPT_TEXT_MODE>
          <RPT_INTERNAL_NAME>Control11</RPT_INTERNAL_NAME>
          <RPT_ID>11</RPT_ID>
          <RPT_VISIBLE>True</RPT_VISIBLE>
          <ControlName>&amp;ContDsc</ControlName>
          <AttID>&amp;ContDsc</AttID>
          <AttType>5</AttType>
          <BaseAttType>5</BaseAttType>
          <PROP_EXT_BASE_ATT_COLLECTION>False</PROP_EXT_BASE_ATT_COLLECTION>
          <GxObjClass>1</GxObjClass>
          <isVariable>True</isVariable>
          <isAttribute>False</isAttribute>
          <ColCount>20</ColCount>
          <ControlType>Edit</ControlType>
          <IsEnumerated>False</IsEnumerated>
          <RowIndex>1</RowIndex>
          <ColIndex>1</ColIndex>
          <AttNumDim>0</AttNumDim>
          <AttCollection>False</AttCollection>
          <RPT_TEXT>Text</RPT_TEXT>
          <RPT_X>618</RPT_X>
          <RPT_Y>13</RPT_Y>
          <RPT_WIDTH>146</RPT_WIDTH>
          <RPT_WIDTH_Default>84</RPT_WIDTH_Default>
          <RPT_HEIGHT>15</RPT_HEIGHT>
          <RPT_HEIGHT_Default>14</RPT_HEIGHT_Default>
          <RPT_FORECOLOR>Black, ARGB(255,0,0,0)</RPT_FORECOLOR>
          <RPT_BACKCOLOR>Transparent, ARGB(0,255,255,255)</RPT_BACKCOLOR>
          <RPT_BORDERS>None</RPT_BORDERS>
          <RPT_BORDERWIDTH>1</RPT_BORDERWIDTH>
          <RPT_BORDERCOLOR>Black, ARGB(255,0,0,0)</RPT_BORDERCOLOR>
          <RPT_ALIGNMENT>TopRight</RPT_ALIGNMENT>
          <RPT_FONT>Arial, 7pt</RPT_FONT>
          <GxFormat>Text</GxFormat>
          <RPT_WORDWRAP>False</RPT_WORDWRAP>
          <AttEditNameProtected>False</AttEditNameProtected>
          <IsStandardVariable>False</IsStandardVariable>
          <idIsAutoDefinedVariable>False</idIsAutoDefinedVariable>
          <AttEditDisableArrays>False</AttEditDisableArrays>
          <AttEditNewVariable>False</AttEditNewVariable>
          <AttEditDontAssign>False</AttEditDontAssign>
        </ReportAttribute>
        <ReportImage>
          <RPT_INTERNAL_NAME>Control12</RPT_INTERNAL_NAME>
          <RPT_ID>12</RPT_ID>
          <RPT_VISIBLE>True</RPT_VISIBLE>
          <RPT_X>49</RPT_X>
          <RPT_Y>7</RPT_Y>
          <RPT_WIDTH>156</RPT_WIDTH>
          <RPT_HEIGHT>73</RPT_HEIGHT>
          <imagereference>9fb193d9-64a4-4d30-b129-ff7c76830f7e-moda212</imagereference>
        </ReportImage>
        <ReportAttribute>
          <RPT_TEXT_MODE>False</RPT_TEXT_MODE>
          <RPT_INTERNAL_NAME>Control13</RPT_INTERNAL_NAME>
          <RPT_ID>13</RPT_ID>
          <RPT_VISIBLE>True</RPT_VISIBLE>
          <ControlName>&amp;Texto</ControlName>
          <AttID>&amp;Texto</AttID>
          <AttType>5</AttType>
          <BaseAttType>5</BaseAttType>
          <PROP_EXT_BASE_ATT_COLLECTION>False</PROP_EXT_BASE_ATT_COLLECTION>
          <GxObjClass>1</GxObjClass>
          <isVariable>True</isVariable>
          <isAttribute>False</isAttribute>
          <ColCount>20</ColCount>
          <ControlType>Edit</ControlType>
          <IsEnumerated>False</IsEnumerated>
          <RowIndex>1</RowIndex>
          <ColIndex>1</ColIndex>
          <AttNumDim>0</AttNumDim>
          <AttCollection>False</AttCollection>
          <RPT_TEXT>Text</RPT_TEXT>
          <RPT_X>216</RPT_X>
          <RPT_Y>7</RPT_Y>
          <RPT_WIDTH>254</RPT_WIDTH>
          <RPT_WIDTH_Default>272</RPT_WIDTH_Default>
          <RPT_HEIGHT>24</RPT_HEIGHT>
          <RPT_HEIGHT_Default>25</RPT_HEIGHT_Default>
          <RPT_FORECOLOR>Black, ARGB(255,0,0,0)</RPT_FORECOLOR>
          <RPT_BACKCOLOR>White, ARGB(255,255,255,255)</RPT_BACKCOLOR>
          <RPT_BORDERS>None</RPT_BORDERS>
          <RPT_BORDERWIDTH>1</RPT_BORDERWIDTH>
          <RPT_BORDERCOLOR>Black, ARGB(255,0,0,0)</RPT_BORDERCOLOR>
          <RPT_ALIGNMENT>TopLeft</RPT_ALIGNMENT>
          <RPT_FONT>Courier New, 16pt, style=Bold</RPT_FONT>
          <GxFormat>Text</GxFormat>
          <RPT_WORDWRAP>False</RPT_WORDWRAP>
          <AttEditNameProtected>False</AttEditNameProtected>
          <IsStandardVariable>False</IsStandardVariable>
          <idIsAutoDefinedVariable>False</idIsAutoDefinedVariable>
          <AttEditDisableArrays>False</AttEditDisableArrays>
          <AttEditNewVariable>False</AttEditNewVariable>
          <AttEditDontAssign>False</AttEditDontAssign>
        </ReportAttribute>
        <ReportAttribute>
          <RPT_TEXT_MODE>False</RPT_TEXT_MODE>
          <RPT_INTERNAL_NAME>Control14</RPT_INTERNAL_NAME>
          <RPT_ID>14</RPT_ID>
          <RPT_VISIBLE>True</RPT_VISIBLE>
          <ControlName>&amp;Remonta</ControlName>
          <AttID>&amp;Remonta</AttID>
          <AttType>5</AttType>
          <BaseAttType>5</BaseAttType>
          <PROP_EXT_BASE_ATT_COLLECTION>False</PROP_EXT_BASE_ATT_COLLECTION>
          <GxObjClass>1</GxObjClass>
          <isVariable>True</isVariable>
          <isAttribute>False</isAttribute>
          <ColCount>20</ColCount>
          <ControlType>Edit</ControlType>
          <IsEnumerated>False</IsEnumerated>
          <RowIndex>1</RowIndex>
          <ColIndex>1</ColIndex>
          <AttNumDim>0</AttNumDim>
          <AttCollection>False</AttCollection>
          <RPT_TEXT>Text</RPT_TEXT>
          <RPT_X>216</RPT_X>
          <RPT_Y>59</RPT_Y>
          <RPT_WIDTH>209</RPT_WIDTH>
          <RPT_WIDTH_Default>209</RPT_WIDTH_Default>
          <RPT_HEIGHT>20</RPT_HEIGHT>
          <RPT_HEIGHT_Default>20</RPT_HEIGHT_Default>
          <RPT_FORECOLOR>Black, ARGB(255,0,0,0)</RPT_FORECOLOR>
          <RPT_BACKCOLOR>White, ARGB(255,255,255,255)</RPT_BACKCOLOR>
          <RPT_BORDERS>None</RPT_BORDERS>
          <RPT_BORDERWIDTH>1</RPT_BORDERWIDTH>
          <RPT_BORDERCOLOR>Black, ARGB(255,0,0,0)</RPT_BORDERCOLOR>
          <RPT_ALIGNMENT>TopLeft</RPT_ALIGNMENT>
          <RPT_FONT>Courier New, 12pt, style=Bold</RPT_FONT>
          <GxFormat>Text</GxFormat>
          <RPT_WORDWRAP>False</RPT_WORDWRAP>
          <AttEditNameProtected>False</AttEditNameProtected>
          <IsStandardVariable>False</IsStandardVariable>
          <idIsAutoDefinedVariable>False</idIsAutoDefinedVariable>
          <AttEditDisableArrays>False</AttEditDisableArrays>
          <AttEditNewVariable>False</AttEditNewVariable>
          <AttEditDontAssign>False</AttEditDontAssign>
        </ReportAttribute>
        <ReportAttribute>
          <RPT_TEXT_MODE>False</RPT_TEXT_MODE>
          <RPT_INTERNAL_NAME>Control15</RPT_INTERNAL_NAME>
          <RPT_ID>15</RPT_ID>
          <RPT_VISIBLE>True</RPT_VISIBLE>
          <ControlName>DisCod</ControlName>
          <AttID>DisCod</AttID>
          <AttType>4</AttType>
          <BaseAttType>4</BaseAttType>
          <PROP_EXT_BASE_ATT_COLLECTION>False</PROP_EXT_BASE_ATT_COLLECTION>
          <GxObjClass>1</GxObjClass>
          <isVariable>False</isVariable>
          <isAttribute>True</isAttribute>
          <ColCount>8</ColCount>
          <ControlType>Edit</ControlType>
          <IsEnumerated>False</IsEnumerated>
          <RowIndex>1</RowIndex>
          <ColIndex>1</ColIndex>
          <AttNumDim>0</AttNumDim>
          <AttCollection>False</AttCollection>
          <RPT_TEXT>Text</RPT_TEXT>
          <RPT_X>697</RPT_X>
          <RPT_Y>32</RPT_Y>
          <RPT_WIDTH>59</RPT_WIDTH>
          <RPT_WIDTH_Default>59</RPT_WIDTH_Default>
          <RPT_HEIGHT>17</RPT_HEIGHT>
          <RPT_HEIGHT_Default>17</RPT_HEIGHT_Default>
          <RPT_FORECOLOR>Black, ARGB(255,0,0,0)</RPT_FORECOLOR>
          <RPT_BACKCOLOR>White, ARGB(255,255,255,255)</RPT_BACKCOLOR>
          <RPT_BORDERS>None</RPT_BORDERS>
          <RPT_BORDERWIDTH>1</RPT_BORDERWIDTH>
          <RPT_BORDERCOLOR>Black, ARGB(255,0,0,0)</RPT_BORDERCOLOR>
          <RPT_ALIGNMENT>TopRight</RPT_ALIGNMENT>
          <RPT_FONT>Courier New, 9pt</RPT_FONT>
          <GxFormat>Text</GxFormat>
          <RPT_WORDWRAP>False</RPT_WORDWRAP>
          <AttEditNameProtected>False</AttEditNameProtected>
          <IsStandardVariable>False</IsStandardVariable>
          <idIsAutoDefinedVariable>False</idIsAutoDefinedVariable>
          <AttEditDisableArrays>False</AttEditDisableArrays>
          <AttEditNewVariable>False</AttEditNewVariable>
          <AttEditDontAssign>False</AttEditDontAssign>
        </ReportAttribute>
        <ReportLabel>
          <RPT_TEXT_MODE>False</RPT_TEXT_MODE>
          <RPT_INTERNAL_NAME>Control16</RPT_INTERNAL_NAME>
          <RPT_ID>16</RPT_ID>
          <RPT_VISIBLE>True</RPT_VISIBLE>
          <RPT_TEXT>(</RPT_TEXT>
          <RPT_X>688</RPT_X>
          <RPT_Y>33</RPT_Y>
          <RPT_WIDTH>5</RPT_WIDTH>
          <RPT_HEIGHT>14</RPT_HEIGHT>
          <RPT_FORECOLOR>Black, ARGB(255,0,0,0)</RPT_FORECOLOR>
          <RPT_BACKCOLOR>Transparent, ARGB(0,255,255,255)</RPT_BACKCOLOR>
          <RPT_BORDERS>None</RPT_BORDERS>
          <RPT_BORDERWIDTH>1</RPT_BORDERWIDTH>
          <RPT_BORDERCOLOR>Black, ARGB(255,0,0,0)</RPT_BORDERCOLOR>
          <RPT_ALIGNMENT>TopLeft</RPT_ALIGNMENT>
          <RPT_FONT>Microsoft Sans Serif, 8pt, style=Bold</RPT_FONT>
          <RPT_WORDWRAP>False</RPT_WORDWRAP>
        </ReportLabel>
        <ReportLabel>
          <RPT_TEXT_MODE>False</RPT_TEXT_MODE>
          <RPT_INTERNAL_NAME>Control17</RPT_INTERNAL_NAME>
          <RPT_ID>17</RPT_ID>
          <RPT_VISIBLE>True</RPT_VISIBLE>
          <RPT_TEXT>)</RPT_TEXT>
          <RPT_X>758</RPT_X>
          <RPT_Y>33</RPT_Y>
          <RPT_WIDTH>5</RPT_WIDTH>
          <RPT_HEIGHT>14</RPT_HEIGHT>
          <RPT_FORECOLOR>Black, ARGB(255,0,0,0)</RPT_FORECOLOR>
          <RPT_BACKCOLOR>Transparent, ARGB(0,255,255,255)</RPT_BACKCOLOR>
          <RPT_BORDERS>None</RPT_BORDERS>
          <RPT_BORDERWIDTH>1</RPT_BORDERWIDTH>
          <RPT_BORDERCOLOR>Black, ARGB(255,0,0,0)</RPT_BORDERCOLOR>
          <RPT_ALIGNMENT>TopLeft</RPT_ALIGNMENT>
          <RPT_FONT>Microsoft Sans Serif, 8pt, style=Bold</RPT_FONT>
          <RPT_WORDWRAP>False</RPT_WORDWRAP>
        </ReportLabel>
        <ReportLabel>
          <RPT_TEXT_MODE>False</RPT_TEXT_MODE>
          <RPT_INTERNAL_NAME>Control18</RPT_INTERNAL_NAME>
          <RPT_ID>18</RPT_ID>
          <RPT_VISIBLE>True</RPT_VISIBLE>
          <RPT_TEXT>PARTIDA:</RPT_TEXT>
          <RPT_X>632</RPT_X>
          <RPT_Y>116</RPT_Y>
          <RPT_WIDTH>68</RPT_WIDTH>
          <RPT_HEIGHT>18</RPT_HEIGHT>
          <RPT_FORECOLOR>Black, ARGB(255,0,0,0)</RPT_FORECOLOR>
          <RPT_BACKCOLOR>Transparent, ARGB(0,255,255,255)</RPT_BACKCOLOR>
          <RPT_BORDERS>None</RPT_BORDERS>
          <RPT_BORDERWIDTH>1</RPT_BORDERWIDTH>
          <RPT_BORDERCOLOR>Black, ARGB(255,0,0,0)</RPT_BORDERCOLOR>
          <RPT_ALIGNMENT>TopLeft</RPT_ALIGNMENT>
          <RPT_FONT>Courier New, 10pt</RPT_FONT>
          <RPT_WORDWRAP>False</RPT_WORDWRAP>
        </ReportLabel>
        <ReportAttribute>
          <RPT_TEXT_MODE>False</RPT_TEXT_MODE>
          <RPT_INTERNAL_NAME>Control19</RPT_INTERNAL_NAME>
          <RPT_ID>19</RPT_ID>
          <RPT_VISIBLE>True</RPT_VISIBLE>
          <ControlName>BarPart</ControlName>
          <AttID>BarPart</AttID>
          <AttType>4</AttType>
          <BaseAttType>4</BaseAttType>
          <PROP_EXT_BASE_ATT_COLLECTION>False</PROP_EXT_BASE_ATT_COLLECTION>
          <GxObjClass>1</GxObjClass>
          <isVariable>False</isVariable>
          <isAttribute>True</isAttribute>
          <ColCount>4</ColCount>
          <ControlType>Edit</ControlType>
          <IsEnumerated>False</IsEnumerated>
          <RowIndex>1</RowIndex>
          <ColIndex>1</ColIndex>
          <AttNumDim>0</AttNumDim>
          <AttCollection>False</AttCollection>
          <RPT_TEXT>Text</RPT_TEXT>
          <RPT_X>723</RPT_X>
          <RPT_Y>116</RPT_Y>
          <RPT_WIDTH>34</RPT_WIDTH>
          <RPT_WIDTH_Default>34</RPT_WIDTH_Default>
          <RPT_HEIGHT>18</RPT_HEIGHT>
          <RPT_HEIGHT_Default>18</RPT_HEIGHT_Default>
          <RPT_FORECOLOR>Black, ARGB(255,0,0,0)</RPT_FORECOLOR>
          <RPT_BACKCOLOR>White, ARGB(255,255,255,255)</RPT_BACKCOLOR>
          <RPT_BORDERS>None</RPT_BORDERS>
          <RPT_BORDERWIDTH>1</RPT_BORDERWIDTH>
          <RPT_BORDERCOLOR>Black, ARGB(255,0,0,0)</RPT_BORDERCOLOR>
          <RPT_ALIGNMENT>TopRight</RPT_ALIGNMENT>
          <RPT_FONT>Courier New, 10pt, style=Bold</RPT_FONT>
          <GxFormat>Text</GxFormat>
          <RPT_WORDWRAP>False</RPT_WORDWRAP>
          <AttEditNameProtected>False</AttEditNameProtected>
          <IsStandardVariable>False</IsStandardVariable>
          <idIsAutoDefinedVariable>False</idIsAutoDefinedVariable>
          <AttEditDisableArrays>False</AttEditDisableArrays>
          <AttEditNewVariable>False</AttEditNewVariable>
          <AttEditDontAssign>False</AttEditDontAssign>
        </ReportAttribute>
        <ReportAttribute>
          <RPT_TEXT_MODE>False</RPT_TEXT_MODE>
          <RPT_INTERNAL_NAME>Control20</RPT_INTERNAL_NAME>
          <RPT_ID>20</RPT_ID>
          <RPT_VISIBLE>True</RPT_VISIBLE>
          <ControlName>&amp;baridtxdc2</ControlName>
          <AttID>&amp;baridtxdc2</AttID>
          <AttType>5</AttType>
          <BaseAttType>5</BaseAttType>
          <PROP_EXT_BASE_ATT_COLLECTION>False</PROP_EXT_BASE_ATT_COLLECTION>
          <GxObjClass>1</GxObjClass>
          <isVariable>True</isVariable>
          <isAttribute>False</isAttribute>
          <ColCount>20</ColCount>
          <ControlType>Edit</ControlType>
          <IsEnumerated>False</IsEnumerated>
          <RowIndex>1</RowIndex>
          <ColIndex>1</ColIndex>
          <AttNumDim>0</AttNumDim>
          <AttCollection>False</AttCollection>
          <RPT_TEXT>Text</RPT_TEXT>
          <RPT_X>471</RPT_X>
          <RPT_Y>54</RPT_Y>
          <RPT_WIDTH>293</RPT_WIDTH>
          <RPT_WIDTH_Default>293</RPT_WIDTH_Default>
          <RPT_HEIGHT>29</RPT_HEIGHT>
          <RPT_HEIGHT_Default>29</RPT_HEIGHT_Default>
          <RPT_FORECOLOR>Black, ARGB(255,0,0,0)</RPT_FORECOLOR>
          <RPT_BACKCOLOR>White, ARGB(255,255,255,255)</RPT_BACKCOLOR>
          <RPT_BORDERS>None</RPT_BORDERS>
          <RPT_BORDERWIDTH>1</RPT_BORDERWIDTH>
          <RPT_BORDERCOLOR>Black, ARGB(255,0,0,0)</RPT_BORDERCOLOR>
          <RPT_ALIGNMENT>TopLeft</RPT_ALIGNMENT>
          <RPT_FONT>Courier New, 18pt</RPT_FONT>
          <GxFormat>Text</GxFormat>
          <RPT_WORDWRAP>False</RPT_WORDWRAP>
          <AttEditNameProtected>False</AttEditNameProtected>
          <IsStandardVariable>False</IsStandardVariable>
          <idIsAutoDefinedVariable>False</idIsAutoDefinedVariable>
          <AttEditDisableArrays>False</AttEditDisableArrays>
          <AttEditNewVariable>False</AttEditNewVariable>
          <AttEditDontAssign>False</AttEditDontAssign>
        </ReportAttribute>
        <ReportAttribute>
          <RPT_TEXT_MODE>False</RPT_TEXT_MODE>
          <RPT_INTERNAL_NAME>Control21</RPT_INTERNAL_NAME>
          <RPT_ID>21</RPT_ID>
          <RPT_VISIBLE>True</RPT_VISIBLE>
          <ControlName>&amp;procesoidtx</ControlName>
          <AttID>&amp;procesoidtx</AttID>
          <AttType>5</AttType>
          <BaseAttType>5</BaseAttType>
          <PROP_EXT_BASE_ATT_COLLECTION>False</PROP_EXT_BASE_ATT_COLLECTION>
          <GxObjClass>1</GxObjClass>
          <isVariable>True</isVariable>
          <isAttribute>False</isAttribute>
          <ColCount>10</ColCount>
          <ControlType>Edit</ControlType>
          <IsEnumerated>False</IsEnumerated>
          <RowIndex>1</RowIndex>
          <ColIndex>1</ColIndex>
          <AttNumDim>0</AttNumDim>
          <AttCollection>False</AttCollection>
          <RPT_TEXT>Text</RPT_TEXT>
          <RPT_X>471</RPT_X>
          <RPT_Y>25</RPT_Y>
          <RPT_WIDTH>147</RPT_WIDTH>
          <RPT_WIDTH_Default>147</RPT_WIDTH_Default>
          <RPT_HEIGHT>29</RPT_HEIGHT>
          <RPT_HEIGHT_Default>29</RPT_HEIGHT_Default>
          <RPT_FORECOLOR>Black, ARGB(255,0,0,0)</RPT_FORECOLOR>
          <RPT_BACKCOLOR>White, ARGB(255,255,255,255)</RPT_BACKCOLOR>
          <RPT_BORDERS>None</RPT_BORDERS>
          <RPT_BORDERWIDTH>1</RPT_BORDERWIDTH>
          <RPT_BORDERCOLOR>Black, ARGB(255,0,0,0)</RPT_BORDERCOLOR>
          <RPT_ALIGNMENT>TopLeft</RPT_ALIGNMENT>
          <RPT_FONT>Courier New, 18pt, style=Bold</RPT_FONT>
          <GxFormat>Text</GxFormat>
          <RPT_WORDWRAP>False</RPT_WORDWRAP>
          <AttEditNameProtected>False</AttEditNameProtected>
          <IsStandardVariable>False</IsStandardVariable>
          <idIsAutoDefinedVariable>False</idIsAutoDefinedVariable>
          <AttEditDisableArrays>False</AttEditDisableArrays>
          <AttEditNewVariable>False</AttEditNewVariable>
          <AttEditDontAssign>False</AttEditDontAssign>
        </ReportAttribute>
      </Controls>
      <Properties>
        <RPT_TEXT_MODE>False</RPT_TEXT_MODE>
        <RPT_INTERNAL_NAME>P_DisCod</RPT_INTERNAL_NAME>
        <RPT_ID>1</RPT_ID>
        <RPT_VISIBLE>True</RPT_VISIBLE>
        <RPT_TEXT>Text</RPT_TEXT>
        <RPT_X>74</RPT_X>
        <RPT_Y>2</RPT_Y>
        <RPT_WIDTH>856</RPT_WIDTH>
        <RPT_HEIGHT>143</RPT_HEIGHT>
      </Properties>
    </PrintBlock>
    <PrintBlock>
      <Controls>
        <ReportLabel>
          <RPT_TEXT_MODE>False</RPT_TEXT_MODE>
          <RPT_INTERNAL_NAME>Control23</RPT_INTERNAL_NAME>
          <RPT_ID>23</RPT_ID>
          <RPT_VISIBLE>True</RPT_VISIBLE>
          <RPT_TEXT>Doc. Cliente:</RPT_TEXT>
          <RPT_X>56</RPT_X>
          <RPT_Y>33</RPT_Y>
          <RPT_WIDTH>109</RPT_WIDTH>
          <RPT_HEIGHT>18</RPT_HEIGHT>
          <RPT_FORECOLOR>Black, ARGB(255,0,0,0)</RPT_FORECOLOR>
          <RPT_BACKCOLOR>Transparent, ARGB(0,255,255,255)</RPT_BACKCOLOR>
          <RPT_BORDERS>None</RPT_BORDERS>
          <RPT_BORDERWIDTH>1</RPT_BORDERWIDTH>
          <RPT_BORDERCOLOR>Black, ARGB(255,0,0,0)</RPT_BORDERCOLOR>
          <RPT_ALIGNMENT>TopLeft</RPT_ALIGNMENT>
          <RPT_FONT>Courier New, 10pt</RPT_FONT>
          <RPT_WORDWRAP>False</RPT_WORDWRAP>
        </ReportLabel>
        <ReportAttribute>
          <RPT_TEXT_MODE>False</RPT_TEXT_MODE>
          <RPT_INTERNAL_NAME>Control24</RPT_INTERNAL_NAME>
          <RPT_ID>24</RPT_ID>
          <RPT_VISIBLE>True</RPT_VISIBLE>
          <ControlName>BarDisNum</ControlName>
          <AttID>BarDisNum</AttID>
          <AttType>5</AttType>
          <BaseAttType>5</BaseAttType>
          <PROP_EXT_BASE_ATT_COLLECTION>False</PROP_EXT_BASE_ATT_COLLECTION>
          <GxObjClass>1</GxObjClass>
          <isVariable>False</isVariable>
          <isAttribute>True</isAttribute>
          <ColCount>8</ColCount>
          <ControlType>Edit</ControlType>
          <IsEnumerated>False</IsEnumerated>
          <RowIndex>1</RowIndex>
          <ColIndex>1</ColIndex>
          <AttNumDim>0</AttNumDim>
          <AttCollection>False</AttCollection>
          <RPT_TEXT>Text</RPT_TEXT>
          <RPT_X>173</RPT_X>
          <RPT_Y>33</RPT_Y>
          <RPT_WIDTH>68</RPT_WIDTH>
          <RPT_WIDTH_Default>68</RPT_WIDTH_Default>
          <RPT_HEIGHT>18</RPT_HEIGHT>
          <RPT_HEIGHT_Default>18</RPT_HEIGHT_Default>
          <RPT_FORECOLOR>Black, ARGB(255,0,0,0)</RPT_FORECOLOR>
          <RPT_BACKCOLOR>White, ARGB(255,255,255,255)</RPT_BACKCOLOR>
          <RPT_BORDERS>None</RPT_BORDERS>
          <RPT_BORDERWIDTH>1</RPT_BORDERWIDTH>
          <RPT_BORDERCOLOR>Black, ARGB(255,0,0,0)</RPT_BORDERCOLOR>
          <RPT_ALIGNMENT>TopLeft</RPT_ALIGNMENT>
          <RPT_FONT>Courier New, 10pt</RPT_FONT>
          <GxFormat>Text</GxFormat>
          <RPT_WORDWRAP>False</RPT_WORDWRAP>
          <AttEditNameProtected>False</AttEditNameProtected>
          <IsStandardVariable>False</IsStandardVariable>
          <idIsAutoDefinedVariable>False</idIsAutoDefinedVariable>
          <AttEditDisableArrays>False</AttEditDisableArrays>
          <AttEditNewVariable>False</AttEditNewVariable>
          <AttEditDontAssign>False</AttEditDontAssign>
        </ReportAttribute>
        <ReportLabel>
          <RPT_TEXT_MODE>False</RPT_TEXT_MODE>
          <RPT_INTERNAL_NAME>Control25</RPT_INTERNAL_NAME>
          <RPT_ID>25</RPT_ID>
          <RPT_VISIBLE>True</RPT_VISIBLE>
          <RPT_TEXT>Cliente:</RPT_TEXT>
          <RPT_X>55</RPT_X>
          <RPT_Y>10</RPT_Y>
          <RPT_WIDTH>68</RPT_WIDTH>
          <RPT_HEIGHT>18</RPT_HEIGHT>
          <RPT_FORECOLOR>Black, ARGB(255,0,0,0)</RPT_FORECOLOR>
          <RPT_BACKCOLOR>Transparent, ARGB(0,255,255,255)</RPT_BACKCOLOR>
          <RPT_BORDERS>None</RPT_BORDERS>
          <RPT_BORDERWIDTH>1</RPT_BORDERWIDTH>
          <RPT_BORDERCOLOR>Black, ARGB(255,0,0,0)</RPT_BORDERCOLOR>
          <RPT_ALIGNMENT>TopLeft</RPT_ALIGNMENT>
          <RPT_FONT>Courier New, 10pt</RPT_FONT>
          <RPT_WORDWRAP>False</RPT_WORDWRAP>
        </ReportLabel>
        <ReportAttribute>
          <RPT_TEXT_MODE>False</RPT_TEXT_MODE>
          <RPT_INTERNAL_NAME>Control26</RPT_INTERNAL_NAME>
          <RPT_ID>26</RPT_ID>
          <RPT_VISIBLE>True</RPT_VISIBLE>
          <ControlName>CliCod</ControlName>
          <AttID>CliCod</AttID>
          <AttType>4</AttType>
          <BaseAttType>4</BaseAttType>
          <PROP_EXT_BASE_ATT_COLLECTION>False</PROP_EXT_BASE_ATT_COLLECTION>
          <GxObjClass>1</GxObjClass>
          <isVariable>False</isVariable>
          <isAttribute>True</isAttribute>
          <ColCount>6</ColCount>
          <ControlType>Edit</ControlType>
          <IsEnumerated>False</IsEnumerated>
          <RowIndex>1</RowIndex>
          <ColIndex>1</ColIndex>
          <AttNumDim>0</AttNumDim>
          <AttCollection>False</AttCollection>
          <RPT_TEXT>Text</RPT_TEXT>
          <RPT_X>131</RPT_X>
          <RPT_Y>10</RPT_Y>
          <RPT_WIDTH>57</RPT_WIDTH>
          <RPT_WIDTH_Default>57</RPT_WIDTH_Default>
          <RPT_HEIGHT>19</RPT_HEIGHT>
          <RPT_HEIGHT_Default>19</RPT_HEIGHT_Default>
          <RPT_FORECOLOR>Black, ARGB(255,0,0,0)</RPT_FORECOLOR>
          <RPT_BACKCOLOR>White, ARGB(255,255,255,255)</RPT_BACKCOLOR>
          <RPT_BORDERS>None</RPT_BORDERS>
          <RPT_BORDERWIDTH>1</RPT_BORDERWIDTH>
          <RPT_BORDERCOLOR>Black, ARGB(255,0,0,0)</RPT_BORDERCOLOR>
          <RPT_ALIGNMENT>TopRight</RPT_ALIGNMENT>
          <RPT_FONT>Courier New, 11pt</RPT_FONT>
          <GxFormat>Text</GxFormat>
          <RPT_WORDWRAP>False</RPT_WORDWRAP>
          <AttEditNameProtected>False</AttEditNameProtected>
          <IsStandardVariable>False</IsStandardVariable>
          <idIsAutoDefinedVariable>False</idIsAutoDefinedVariable>
          <AttEditDisableArrays>False</AttEditDisableArrays>
          <AttEditNewVariable>False</AttEditNewVariable>
          <AttEditDontAssign>False</AttEditDontAssign>
        </ReportAttribute>
        <ReportLabel>
          <RPT_TEXT_MODE>False</RPT_TEXT_MODE>
          <RPT_INTERNAL_NAME>Control27</RPT_INTERNAL_NAME>
          <RPT_ID>27</RPT_ID>
          <RPT_VISIBLE>True</RPT_VISIBLE>
          <RPT_TEXT>V/Refª Cor:</RPT_TEXT>
          <RPT_X>488</RPT_X>
          <RPT_Y>33</RPT_Y>
          <RPT_WIDTH>93</RPT_WIDTH>
          <RPT_HEIGHT>18</RPT_HEIGHT>
          <RPT_FORECOLOR>Black, ARGB(255,0,0,0)</RPT_FORECOLOR>
          <RPT_BACKCOLOR>Transparent, ARGB(0,255,255,255)</RPT_BACKCOLOR>
          <RPT_BORDERS>None</RPT_BORDERS>
          <RPT_BORDERWIDTH>1</RPT_BORDERWIDTH>
          <RPT_BORDERCOLOR>Black, ARGB(255,0,0,0)</RPT_BORDERCOLOR>
          <RPT_ALIGNMENT>TopLeft</RPT_ALIGNMENT>
          <RPT_FONT>Courier New, 10pt</RPT_FONT>
          <RPT_WORDWRAP>False</RPT_WORDWRAP>
        </ReportLabel>
        <ReportAttribute>
          <RPT_TEXT_MODE>False</RPT_TEXT_MODE>
          <RPT_INTERNAL_NAME>Control28</RPT_INTERNAL_NAME>
          <RPT_ID>28</RPT_ID>
          <RPT_VISIBLE>True</RPT_VISIBLE>
          <ControlName>BarNomCli</ControlName>
          <AttID>BarNomCli</AttID>
          <AttType>5</AttType>
          <BaseAttType>5</BaseAttType>
          <PROP_EXT_BASE_ATT_COLLECTION>False</PROP_EXT_BASE_ATT_COLLECTION>
          <GxObjClass>1</GxObjClass>
          <isVariable>False</isVariable>
          <isAttribute>True</isAttribute>
          <ColCount>13</ColCount>
          <ControlType>Edit</ControlType>
          <IsEnumerated>False</IsEnumerated>
          <RowIndex>1</RowIndex>
          <ColIndex>1</ColIndex>
          <AttNumDim>0</AttNumDim>
          <AttCollection>False</AttCollection>
          <RPT_TEXT>Text</RPT_TEXT>
          <RPT_X>589</RPT_X>
          <RPT_Y>33</RPT_Y>
          <RPT_WIDTH>109</RPT_WIDTH>
          <RPT_WIDTH_Default>109</RPT_WIDTH_Default>
          <RPT_HEIGHT>18</RPT_HEIGHT>
          <RPT_HEIGHT_Default>18</RPT_HEIGHT_Default>
          <RPT_FORECOLOR>Black, ARGB(255,0,0,0)</RPT_FORECOLOR>
          <RPT_BACKCOLOR>White, ARGB(255,255,255,255)</RPT_BACKCOLOR>
          <RPT_BORDERS>None</RPT_BORDERS>
          <RPT_BORDERWIDTH>1</RPT_BORDERWIDTH>
          <RPT_BORDERCOLOR>Black, ARGB(255,0,0,0)</RPT_BORDERCOLOR>
          <RPT_ALIGNMENT>TopLeft</RPT_ALIGNMENT>
          <RPT_FONT>Courier New, 10pt</RPT_FONT>
          <GxFormat>Text</GxFormat>
          <RPT_WORDWRAP>False</RPT_WORDWRAP>
          <AttEditNameProtected>False</AttEditNameProtected>
          <IsStandardVariable>False</IsStandardVariable>
          <idIsAutoDefinedVariable>False</idIsAutoDefinedVariable>
          <AttEditDisableArrays>False</AttEditDisableArrays>
          <AttEditNewVariable>False</AttEditNewVariable>
          <AttEditDontAssign>False</AttEditDontAssign>
        </ReportAttribute>
        <ReportAttribute>
          <RPT_TEXT_MODE>False</RPT_TEXT_MODE>
          <RPT_INTERNAL_NAME>Control29</RPT_INTERNAL_NAME>
          <RPT_ID>29</RPT_ID>
          <RPT_VISIBLE>True</RPT_VISIBLE>
          <ControlName>BarNumCli</ControlName>
          <AttID>BarNumCli</AttID>
          <AttType>4</AttType>
          <BaseAttType>4</BaseAttType>
          <PROP_EXT_BASE_ATT_COLLECTION>False</PROP_EXT_BASE_ATT_COLLECTION>
          <GxObjClass>1</GxObjClass>
          <isVariable>False</isVariable>
          <isAttribute>True</isAttribute>
          <ColCount>6</ColCount>
          <ControlType>Edit</ControlType>
          <IsEnumerated>False</IsEnumerated>
          <RowIndex>1</RowIndex>
          <ColIndex>1</ColIndex>
          <AttNumDim>0</AttNumDim>
          <AttCollection>False</AttCollection>
          <RPT_TEXT>Text</RPT_TEXT>
          <RPT_X>704</RPT_X>
          <RPT_Y>33</RPT_Y>
          <RPT_WIDTH>51</RPT_WIDTH>
          <RPT_WIDTH_Default>51</RPT_WIDTH_Default>
          <RPT_HEIGHT>18</RPT_HEIGHT>
          <RPT_HEIGHT_Default>18</RPT_HEIGHT_Default>
          <RPT_FORECOLOR>Black, ARGB(255,0,0,0)</RPT_FORECOLOR>
          <RPT_BACKCOLOR>White, ARGB(255,255,255,255)</RPT_BACKCOLOR>
          <RPT_BORDERS>None</RPT_BORDERS>
          <RPT_BORDERWIDTH>1</RPT_BORDERWIDTH>
          <RPT_BORDERCOLOR>Black, ARGB(255,0,0,0)</RPT_BORDERCOLOR>
          <RPT_ALIGNMENT>TopRight</RPT_ALIGNMENT>
          <RPT_FONT>Courier New, 10pt</RPT_FONT>
          <GxFormat>Text</GxFormat>
          <RPT_WORDWRAP>False</RPT_WORDWRAP>
          <AttEditNameProtected>False</AttEditNameProtected>
          <IsStandardVariable>False</IsStandardVariable>
          <idIsAutoDefinedVariable>False</idIsAutoDefinedVariable>
          <AttEditDisableArrays>False</AttEditDisableArrays>
          <AttEditNewVariable>False</AttEditNewVariable>
          <AttEditDontAssign>False</AttEditDontAssign>
        </ReportAttribute>
        <ReportRectangle>
          <RPT_TEXT_MODE>False</RPT_TEXT_MODE>
          <RPT_INTERNAL_NAME>Control30</RPT_INTERNAL_NAME>
          <RPT_ID>30</RPT_ID>
          <RPT_VISIBLE>True</RPT_VISIBLE>
          <RPT_X>49</RPT_X>
          <RPT_Y>4</RPT_Y>
          <RPT_WIDTH>715</RPT_WIDTH>
          <RPT_HEIGHT>51</RPT_HEIGHT>
          <RPT_FORECOLOR>Black, ARGB(255,0,0,0)</RPT_FORECOLOR>
          <RPT_BACKCOLOR>Transparent, ARGB(0,255,255,255)</RPT_BACKCOLOR>
          <RPT_BORDERS>All</RPT_BORDERS>
          <RPT_BORDERWIDTH>1</RPT_BORDERWIDTH>
          <RPT_BORDERCOLOR>Black, ARGB(255,0,0,0)</RPT_BORDERCOLOR>
          <RPT_STYLE>Solid</RPT_STYLE>
          <RPT_STYLE_TOP>Solid</RPT_STYLE_TOP>
          <RPT_STYLE_RIGHT>Solid</RPT_STYLE_RIGHT>
          <RPT_STYLE_BOTTOM>Solid</RPT_STYLE_BOTTOM>
          <RPT_STYLE_LEFT>Solid</RPT_STYLE_LEFT>
          <RPT_ALIGNMENT>TopLeft</RPT_ALIGNMENT>
          <RPT_CORNER_RADIUS>0</RPT_CORNER_RADIUS>
          <RPT_CORNER_RADIUS_TOPLEFT>0</RPT_CORNER_RADIUS_TOPLEFT>
          <RPT_CORNER_RADIUS_TOPRIGHT>0</RPT_CORNER_RADIUS_TOPRIGHT>
          <RPT_CORNER_RADIUS_BOTTOMLEFT>0</RPT_CORNER_RADIUS_BOTTOMLEFT>
          <RPT_CORNER_RADIUS_BOTTOMRIGHT>0</RPT_CORNER_RADIUS_BOTTOMRIGHT>
        </ReportRectangle>
        <ReportAttribute>
          <RPT_TEXT_MODE>False</RPT_TEXT_MODE>
          <RPT_INTERNAL_NAME>Control31</RPT_INTERNAL_NAME>
          <RPT_ID>31</RPT_ID>
          <RPT_VISIBLE>True</RPT_VISIBLE>
          <ControlName>&amp;vCliNom</ControlName>
          <AttID>&amp;vCliNom</AttID>
          <AttType>5</AttType>
          <BaseAttType>5</BaseAttType>
          <PROP_EXT_BASE_ATT_COLLECTION>False</PROP_EXT_BASE_ATT_COLLECTION>
          <GxObjClass>1</GxObjClass>
          <isVariable>True</isVariable>
          <isAttribute>False</isAttribute>
          <ColCount>40</ColCount>
          <ControlType>Edit</ControlType>
          <IsEnumerated>False</IsEnumerated>
          <RowIndex>1</RowIndex>
          <ColIndex>1</ColIndex>
          <AttNumDim>0</AttNumDim>
          <AttCollection>False</AttCollection>
          <RPT_TEXT>Text</RPT_TEXT>
          <RPT_X>191</RPT_X>
          <RPT_Y>10</RPT_Y>
          <RPT_WIDTH>418</RPT_WIDTH>
          <RPT_WIDTH_Default>418</RPT_WIDTH_Default>
          <RPT_HEIGHT>20</RPT_HEIGHT>
          <RPT_HEIGHT_Default>20</RPT_HEIGHT_Default>
          <RPT_FORECOLOR>Black, ARGB(255,0,0,0)</RPT_FORECOLOR>
          <RPT_BACKCOLOR>White, ARGB(255,255,255,255)</RPT_BACKCOLOR>
          <RPT_BORDERS>None</RPT_BORDERS>
          <RPT_BORDERWIDTH>1</RPT_BORDERWIDTH>
          <RPT_BORDERCOLOR>Black, ARGB(255,0,0,0)</RPT_BORDERCOLOR>
          <RPT_ALIGNMENT>TopLeft</RPT_ALIGNMENT>
          <RPT_FONT>Courier New, 12pt, style=Bold</RPT_FONT>
          <GxFormat>Text</GxFormat>
          <RPT_WORDWRAP>False</RPT_WORDWRAP>
          <AttEditNameProtected>False</AttEditNameProtected>
          <IsStandardVariable>False</IsStandardVariable>
          <idIsAutoDefinedVariable>False</idIsAutoDefinedVariable>
          <AttEditDisableArrays>False</AttEditDisableArrays>
          <AttEditNewVariable>False</AttEditNewVariable>
          <AttEditDontAssign>False</AttEditDontAssign>
        </ReportAttribute>
        <ReportLabel>
          <RPT_TEXT_MODE>False</RPT_TEXT_MODE>
          <RPT_INTERNAL_NAME>Control32</RPT_INTERNAL_NAME>
          <RPT_ID>32</RPT_ID>
          <RPT_VISIBLE>True</RPT_VISIBLE>
          <RPT_TEXT>Data Enc.:</RPT_TEXT>
          <RPT_X>257</RPT_X>
          <RPT_Y>33</RPT_Y>
          <RPT_WIDTH>84</RPT_WIDTH>
          <RPT_HEIGHT>18</RPT_HEIGHT>
          <RPT_FORECOLOR>Black, ARGB(255,0,0,0)</RPT_FORECOLOR>
          <RPT_BACKCOLOR>Transparent, ARGB(0,255,255,255)</RPT_BACKCOLOR>
          <RPT_BORDERS>None</RPT_BORDERS>
          <RPT_BORDERWIDTH>1</RPT_BORDERWIDTH>
          <RPT_BORDERCOLOR>Black, ARGB(255,0,0,0)</RPT_BORDERCOLOR>
          <RPT_ALIGNMENT>TopLeft</RPT_ALIGNMENT>
          <RPT_FONT>Courier New, 10pt</RPT_FONT>
          <RPT_WORDWRAP>False</RPT_WORDWRAP>
        </ReportLabel>
        <ReportAttribute>
          <RPT_TEXT_MODE>False</RPT_TEXT_MODE>
          <RPT_INTERNAL_NAME>Control33</RPT_INTERNAL_NAME>
          <RPT_ID>33</RPT_ID>
          <RPT_VISIBLE>True</RPT_VISIBLE>
          <ControlName>BarFecCli</ControlName>
          <AttID>BarFecCli</AttID>
          <AttType>6</AttType>
          <BaseAttType>6</BaseAttType>
          <PROP_EXT_BASE_ATT_COLLECTION>False</PROP_EXT_BASE_ATT_COLLECTION>
          <GxObjClass>1</GxObjClass>
          <isVariable>False</isVariable>
          <isAttribute>True</isAttribute>
          <ColCount>8</ColCount>
          <ControlType>Edit</ControlType>
          <IsEnumerated>False</IsEnumerated>
          <RowIndex>1</RowIndex>
          <ColIndex>1</ColIndex>
          <AttNumDim>0</AttNumDim>
          <AttCollection>False</AttCollection>
          <RPT_TEXT>Text</RPT_TEXT>
          <RPT_X>344</RPT_X>
          <RPT_Y>33</RPT_Y>
          <RPT_WIDTH>68</RPT_WIDTH>
          <RPT_WIDTH_Default>68</RPT_WIDTH_Default>
          <RPT_HEIGHT>18</RPT_HEIGHT>
          <RPT_HEIGHT_Default>18</RPT_HEIGHT_Default>
          <RPT_FORECOLOR>Black, ARGB(255,0,0,0)</RPT_FORECOLOR>
          <RPT_BACKCOLOR>White, ARGB(255,255,255,255)</RPT_BACKCOLOR>
          <RPT_BORDERS>None</RPT_BORDERS>
          <RPT_BORDERWIDTH>1</RPT_BORDERWIDTH>
          <RPT_BORDERCOLOR>Black, ARGB(255,0,0,0)</RPT_BORDERCOLOR>
          <RPT_ALIGNMENT>TopLeft</RPT_ALIGNMENT>
          <RPT_FONT>Courier New, 10pt</RPT_FONT>
          <GxFormat>Text</GxFormat>
          <RPT_WORDWRAP>False</RPT_WORDWRAP>
          <AttEditNameProtected>False</AttEditNameProtected>
          <IsStandardVariable>False</IsStandardVariable>
          <idIsAutoDefinedVariable>False</idIsAutoDefinedVariable>
          <AttEditDisableArrays>False</AttEditDisableArrays>
          <AttEditNewVariable>False</AttEditNewVariable>
          <AttEditDontAssign>False</AttEditDontAssign>
        </ReportAttribute>
        <ReportAttribute>
          <RPT_TEXT_MODE>False</RPT_TEXT_MODE>
          <RPT_INTERNAL_NAME>Control34</RPT_INTERNAL_NAME>
          <RPT_ID>34</RPT_ID>
          <RPT_VISIBLE>True</RPT_VISIBLE>
          <ControlName>&amp;tipdisdsc</ControlName>
          <AttID>&amp;tipdisdsc</AttID>
          <AttType>5</AttType>
          <BaseAttType>5</BaseAttType>
          <PROP_EXT_BASE_ATT_COLLECTION>False</PROP_EXT_BASE_ATT_COLLECTION>
          <GxObjClass>1</GxObjClass>
          <isVariable>True</isVariable>
          <isAttribute>False</isAttribute>
          <ColCount>20</ColCount>
          <ControlType>Edit</ControlType>
          <IsEnumerated>False</IsEnumerated>
          <RowIndex>1</RowIndex>
          <ColIndex>1</ColIndex>
          <AttNumDim>0</AttNumDim>
          <AttCollection>False</AttCollection>
          <RPT_TEXT>Text</RPT_TEXT>
          <RPT_X>544</RPT_X>
          <RPT_Y>11</RPT_Y>
          <RPT_WIDTH>209</RPT_WIDTH>
          <RPT_WIDTH_Default>209</RPT_WIDTH_Default>
          <RPT_HEIGHT>20</RPT_HEIGHT>
          <RPT_HEIGHT_Default>20</RPT_HEIGHT_Default>
          <RPT_FORECOLOR>Black, ARGB(255,0,0,0)</RPT_FORECOLOR>
          <RPT_BACKCOLOR>White, ARGB(255,255,255,255)</RPT_BACKCOLOR>
          <RPT_BORDERS>None</RPT_BORDERS>
          <RPT_BORDERWIDTH>1</RPT_BORDERWIDTH>
          <RPT_BORDERCOLOR>Black, ARGB(255,0,0,0)</RPT_BORDERCOLOR>
          <RPT_ALIGNMENT>TopLeft</RPT_ALIGNMENT>
          <RPT_FONT>Courier New, 12pt</RPT_FONT>
          <GxFormat>Text</GxFormat>
          <RPT_WORDWRAP>False</RPT_WORDWRAP>
          <AttEditNameProtected>False</AttEditNameProtected>
          <IsStandardVariable>False</IsStandardVariable>
          <idIsAutoDefinedVariable>False</idIsAutoDefinedVariable>
          <AttEditDisableArrays>False</AttEditDisableArrays>
          <AttEditNewVariable>False</AttEditNewVariable>
          <AttEditDontAssign>False</AttEditDontAssign>
        </ReportAttribute>
      </Controls>
      <Properties>
        <RPT_TEXT_MODE>False</RPT_TEXT_MODE>
        <RPT_INTERNAL_NAME>P_CliCod</RPT_INTERNAL_NAME>
        <RPT_ID>22</RPT_ID>
        <RPT_VISIBLE>True</RPT_VISIBLE>
        <RPT_TEXT>Text</RPT_TEXT>
        <RPT_X>74</RPT_X>
        <RPT_Y>148</RPT_Y>
        <RPT_WIDTH>856</RPT_WIDTH>
        <RPT_HEIGHT>58</RPT_HEIGHT>
      </Properties>
    </PrintBlock>
    <PrintBlock>
      <Controls>
        <ReportLabel>
          <RPT_TEXT_MODE>False</RPT_TEXT_MODE>
          <RPT_INTERNAL_NAME>Control36</RPT_INTERNAL_NAME>
          <RPT_ID>36</RPT_ID>
          <RPT_VISIBLE>True</RPT_VISIBLE>
          <RPT_TEXT>Composição:</RPT_TEXT>
          <RPT_X>411</RPT_X>
          <RPT_Y>94</RPT_Y>
          <RPT_WIDTH>93</RPT_WIDTH>
          <RPT_HEIGHT>18</RPT_HEIGHT>
          <RPT_FORECOLOR>Black, ARGB(255,0,0,0)</RPT_FORECOLOR>
          <RPT_BACKCOLOR>Transparent, ARGB(0,255,255,255)</RPT_BACKCOLOR>
          <RPT_BORDERS>None</RPT_BORDERS>
          <RPT_BORDERWIDTH>1</RPT_BORDERWIDTH>
          <RPT_BORDERCOLOR>Black, ARGB(255,0,0,0)</RPT_BORDERCOLOR>
          <RPT_ALIGNMENT>TopLeft</RPT_ALIGNMENT>
          <RPT_FONT>Courier New, 10pt</RPT_FONT>
          <RPT_WORDWRAP>False</RPT_WORDWRAP>
        </ReportLabel>
        <ReportLabel>
          <RPT_TEXT_MODE>False</RPT_TEXT_MODE>
          <RPT_INTERNAL_NAME>Control37</RPT_INTERNAL_NAME>
          <RPT_ID>37</RPT_ID>
          <RPT_VISIBLE>True</RPT_VISIBLE>
          <RPT_TEXT>Gram.</RPT_TEXT>
          <RPT_X>521</RPT_X>
          <RPT_Y>29</RPT_Y>
          <RPT_WIDTH>43</RPT_WIDTH>
          <RPT_HEIGHT>17</RPT_HEIGHT>
          <RPT_FORECOLOR>Black, ARGB(255,0,0,0)</RPT_FORECOLOR>
          <RPT_BACKCOLOR>Transparent, ARGB(0,255,255,255)</RPT_BACKCOLOR>
          <RPT_BORDERS>None</RPT_BORDERS>
          <RPT_BORDERWIDTH>1</RPT_BORDERWIDTH>
          <RPT_BORDERCOLOR>Black, ARGB(255,0,0,0)</RPT_BORDERCOLOR>
          <RPT_ALIGNMENT>TopLeft</RPT_ALIGNMENT>
          <RPT_FONT>Courier New, 10pt, style=Bold</RPT_FONT>
          <RPT_WORDWRAP>False</RPT_WORDWRAP>
        </ReportLabel>
        <ReportLabel>
          <RPT_TEXT_MODE>False</RPT_TEXT_MODE>
          <RPT_INTERNAL_NAME>Control38</RPT_INTERNAL_NAME>
          <RPT_ID>38</RPT_ID>
          <RPT_VISIBLE>True</RPT_VISIBLE>
          <RPT_TEXT>Medida</RPT_TEXT>
          <RPT_X>427</RPT_X>
          <RPT_Y>29</RPT_Y>
          <RPT_WIDTH>51</RPT_WIDTH>
          <RPT_HEIGHT>17</RPT_HEIGHT>
          <RPT_FORECOLOR>Black, ARGB(255,0,0,0)</RPT_FORECOLOR>
          <RPT_BACKCOLOR>Transparent, ARGB(0,255,255,255)</RPT_BACKCOLOR>
          <RPT_BORDERS>None</RPT_BORDERS>
          <RPT_BORDERWIDTH>1</RPT_BORDERWIDTH>
          <RPT_BORDERCOLOR>Black, ARGB(255,0,0,0)</RPT_BORDERCOLOR>
          <RPT_ALIGNMENT>TopLeft</RPT_ALIGNMENT>
          <RPT_FONT>Courier New, 10pt, style=Bold</RPT_FONT>
          <RPT_WORDWRAP>False</RPT_WORDWRAP>
        </ReportLabel>
        <ReportAttribute>
          <RPT_TEXT_MODE>False</RPT_TEXT_MODE>
          <RPT_INTERNAL_NAME>Control39</RPT_INTERNAL_NAME>
          <RPT_ID>39</RPT_ID>
          <RPT_VISIBLE>True</RPT_VISIBLE>
          <ControlName>&amp;BarEncAnh</ControlName>
          <AttID>&amp;BarEncAnh</AttID>
          <AttType>5</AttType>
          <BaseAttType>5</BaseAttType>
          <PROP_EXT_BASE_ATT_COLLECTION>False</PROP_EXT_BASE_ATT_COLLECTION>
          <GxObjClass>1</GxObjClass>
          <isVariable>True</isVariable>
          <isAttribute>False</isAttribute>
          <ColCount>6</ColCount>
          <ControlType>Edit</ControlType>
          <IsEnumerated>False</IsEnumerated>
          <RowIndex>1</RowIndex>
          <ColIndex>1</ColIndex>
          <AttNumDim>0</AttNumDim>
          <AttCollection>False</AttCollection>
          <RPT_TEXT>Text</RPT_TEXT>
          <RPT_X>619</RPT_X>
          <RPT_Y>54</RPT_Y>
          <RPT_WIDTH>51</RPT_WIDTH>
          <RPT_WIDTH_Default>51</RPT_WIDTH_Default>
          <RPT_HEIGHT>18</RPT_HEIGHT>
          <RPT_HEIGHT_Default>18</RPT_HEIGHT_Default>
          <RPT_FORECOLOR>Black, ARGB(255,0,0,0)</RPT_FORECOLOR>
          <RPT_BACKCOLOR>White, ARGB(255,255,255,255)</RPT_BACKCOLOR>
          <RPT_BORDERS>None</RPT_BORDERS>
          <RPT_BORDERWIDTH>1</RPT_BORDERWIDTH>
          <RPT_BORDERCOLOR>Black, ARGB(255,0,0,0)</RPT_BORDERCOLOR>
          <RPT_ALIGNMENT>TopLeft</RPT_ALIGNMENT>
          <RPT_FONT>Courier New, 10pt</RPT_FONT>
          <GxFormat>Text</GxFormat>
          <RPT_WORDWRAP>False</RPT_WORDWRAP>
          <AttEditNameProtected>False</AttEditNameProtected>
          <IsStandardVariable>False</IsStandardVariable>
          <idIsAutoDefinedVariable>False</idIsAutoDefinedVariable>
          <AttEditDisableArrays>False</AttEditDisableArrays>
          <AttEditNewVariable>False</AttEditNewVariable>
          <AttEditDontAssign>False</AttEditDontAssign>
        </ReportAttribute>
        <ReportAttribute>
          <RPT_TEXT_MODE>False</RPT_TEXT_MODE>
          <RPT_INTERNAL_NAME>Control40</RPT_INTERNAL_NAME>
          <RPT_ID>40</RPT_ID>
          <RPT_VISIBLE>True</RPT_VISIBLE>
          <ControlName>&amp;BarEncCom</ControlName>
          <AttID>&amp;BarEncCom</AttID>
          <AttType>5</AttType>
          <BaseAttType>5</BaseAttType>
          <PROP_EXT_BASE_ATT_COLLECTION>False</PROP_EXT_BASE_ATT_COLLECTION>
          <GxObjClass>1</GxObjClass>
          <isVariable>True</isVariable>
          <isAttribute>False</isAttribute>
          <ColCount>6</ColCount>
          <ControlType>Edit</ControlType>
          <IsEnumerated>False</IsEnumerated>
          <RowIndex>1</RowIndex>
          <ColIndex>1</ColIndex>
          <AttNumDim>0</AttNumDim>
          <AttCollection>False</AttCollection>
          <RPT_TEXT>Text</RPT_TEXT>
          <RPT_X>694</RPT_X>
          <RPT_Y>54</RPT_Y>
          <RPT_WIDTH>51</RPT_WIDTH>
          <RPT_WIDTH_Default>51</RPT_WIDTH_Default>
          <RPT_HEIGHT>18</RPT_HEIGHT>
          <RPT_HEIGHT_Default>18</RPT_HEIGHT_Default>
          <RPT_FORECOLOR>Black, ARGB(255,0,0,0)</RPT_FORECOLOR>
          <RPT_BACKCOLOR>White, ARGB(255,255,255,255)</RPT_BACKCOLOR>
          <RPT_BORDERS>None</RPT_BORDERS>
          <RPT_BORDERWIDTH>1</RPT_BORDERWIDTH>
          <RPT_BORDERCOLOR>Black, ARGB(255,0,0,0)</RPT_BORDERCOLOR>
          <RPT_ALIGNMENT>TopLeft</RPT_ALIGNMENT>
          <RPT_FONT>Courier New, 10pt</RPT_FONT>
          <GxFormat>Text</GxFormat>
          <RPT_WORDWRAP>False</RPT_WORDWRAP>
          <AttEditNameProtected>False</AttEditNameProtected>
          <IsStandardVariable>False</IsStandardVariable>
          <idIsAutoDefinedVariable>False</idIsAutoDefinedVariable>
          <AttEditDisableArrays>False</AttEditDisableArrays>
          <AttEditNewVariable>False</AttEditNewVariable>
          <AttEditDontAssign>False</AttEditDontAssign>
        </ReportAttribute>
        <ReportAttribute>
          <RPT_TEXT_MODE>False</RPT_TEXT_MODE>
          <RPT_INTERNAL_NAME>Control41</RPT_INTERNAL_NAME>
          <RPT_ID>41</RPT_ID>
          <RPT_VISIBLE>True</RPT_VISIBLE>
          <ControlName>&amp;BarAncAca1</ControlName>
          <AttID>&amp;BarAncAca1</AttID>
          <AttType>5</AttType>
          <BaseAttType>5</BaseAttType>
          <PROP_EXT_BASE_ATT_COLLECTION>False</PROP_EXT_BASE_ATT_COLLECTION>
          <GxObjClass>1</GxObjClass>
          <isVariable>True</isVariable>
          <isAttribute>False</isAttribute>
          <ColCount>3</ColCount>
          <ControlType>Edit</ControlType>
          <IsEnumerated>False</IsEnumerated>
          <RowIndex>1</RowIndex>
          <ColIndex>1</ColIndex>
          <AttNumDim>0</AttNumDim>
          <AttCollection>False</AttCollection>
          <RPT_TEXT>Text</RPT_TEXT>
          <RPT_X>427</RPT_X>
          <RPT_Y>54</RPT_Y>
          <RPT_WIDTH>26</RPT_WIDTH>
          <RPT_WIDTH_Default>26</RPT_WIDTH_Default>
          <RPT_HEIGHT>18</RPT_HEIGHT>
          <RPT_HEIGHT_Default>18</RPT_HEIGHT_Default>
          <RPT_FORECOLOR>Black, ARGB(255,0,0,0)</RPT_FORECOLOR>
          <RPT_BACKCOLOR>White, ARGB(255,255,255,255)</RPT_BACKCOLOR>
          <RPT_BORDERS>None</RPT_BORDERS>
          <RPT_BORDERWIDTH>1</RPT_BORDERWIDTH>
          <RPT_BORDERCOLOR>Black, ARGB(255,0,0,0)</RPT_BORDERCOLOR>
          <RPT_ALIGNMENT>TopLeft</RPT_ALIGNMENT>
          <RPT_FONT>Courier New, 10pt</RPT_FONT>
          <GxFormat>Text</GxFormat>
          <RPT_WORDWRAP>False</RPT_WORDWRAP>
          <AttEditNameProtected>False</AttEditNameProtected>
          <IsStandardVariable>False</IsStandardVariable>
          <idIsAutoDefinedVariable>False</idIsAutoDefinedVariable>
          <AttEditDisableArrays>False</AttEditDisableArrays>
          <AttEditNewVariable>False</AttEditNewVariable>
          <AttEditDontAssign>False</AttEditDontAssign>
        </ReportAttribute>
        <ReportAttribute>
          <RPT_TEXT_MODE>False</RPT_TEXT_MODE>
          <RPT_INTERNAL_NAME>Control42</RPT_INTERNAL_NAME>
          <RPT_ID>42</RPT_ID>
          <RPT_VISIBLE>True</RPT_VISIBLE>
          <ControlName>&amp;BarGraAca</ControlName>
          <AttID>&amp;BarGraAca</AttID>
          <AttType>5</AttType>
          <BaseAttType>5</BaseAttType>
          <PROP_EXT_BASE_ATT_COLLECTION>False</PROP_EXT_BASE_ATT_COLLECTION>
          <GxObjClass>1</GxObjClass>
          <isVariable>True</isVariable>
          <isAttribute>False</isAttribute>
          <ColCount>4</ColCount>
          <ControlType>Edit</ControlType>
          <IsEnumerated>False</IsEnumerated>
          <RowIndex>1</RowIndex>
          <ColIndex>1</ColIndex>
          <AttNumDim>0</AttNumDim>
          <AttCollection>False</AttCollection>
          <RPT_TEXT>Text</RPT_TEXT>
          <RPT_X>522</RPT_X>
          <RPT_Y>54</RPT_Y>
          <RPT_WIDTH>34</RPT_WIDTH>
          <RPT_WIDTH_Default>34</RPT_WIDTH_Default>
          <RPT_HEIGHT>18</RPT_HEIGHT>
          <RPT_HEIGHT_Default>18</RPT_HEIGHT_Default>
          <RPT_FORECOLOR>Black, ARGB(255,0,0,0)</RPT_FORECOLOR>
          <RPT_BACKCOLOR>White, ARGB(255,255,255,255)</RPT_BACKCOLOR>
          <RPT_BORDERS>None</RPT_BORDERS>
          <RPT_BORDERWIDTH>1</RPT_BORDERWIDTH>
          <RPT_BORDERCOLOR>Black, ARGB(255,0,0,0)</RPT_BORDERCOLOR>
          <RPT_ALIGNMENT>TopLeft</RPT_ALIGNMENT>
          <RPT_FONT>Courier New, 10pt</RPT_FONT>
          <GxFormat>Text</GxFormat>
          <RPT_WORDWRAP>False</RPT_WORDWRAP>
          <AttEditNameProtected>False</AttEditNameProtected>
          <IsStandardVariable>False</IsStandardVariable>
          <idIsAutoDefinedVariable>False</idIsAutoDefinedVariable>
          <AttEditDisableArrays>False</AttEditDisableArrays>
          <AttEditNewVariable>False</AttEditNewVariable>
          <AttEditDontAssign>False</AttEditDontAssign>
        </ReportAttribute>
        <ReportLabel>
          <RPT_TEXT_MODE>False</RPT_TEXT_MODE>
          <RPT_INTERNAL_NAME>Control43</RPT_INTERNAL_NAME>
          <RPT_ID>43</RPT_ID>
          <RPT_VISIBLE>True</RPT_VISIBLE>
          <RPT_TEXT>Cor/Serviço:</RPT_TEXT>
          <RPT_X>56</RPT_X>
          <RPT_Y>10</RPT_Y>
          <RPT_WIDTH>101</RPT_WIDTH>
          <RPT_HEIGHT>18</RPT_HEIGHT>
          <RPT_FORECOLOR>Black, ARGB(255,0,0,0)</RPT_FORECOLOR>
          <RPT_BACKCOLOR>Transparent, ARGB(0,255,255,255)</RPT_BACKCOLOR>
          <RPT_BORDERS>None</RPT_BORDERS>
          <RPT_BORDERWIDTH>1</RPT_BORDERWIDTH>
          <RPT_BORDERCOLOR>Black, ARGB(255,0,0,0)</RPT_BORDERCOLOR>
          <RPT_ALIGNMENT>TopLeft</RPT_ALIGNMENT>
          <RPT_FONT>Courier New, 10pt</RPT_FONT>
          <RPT_WORDWRAP>False</RPT_WORDWRAP>
        </ReportLabel>
        <ReportAttribute>
          <RPT_TEXT_MODE>False</RPT_TEXT_MODE>
          <RPT_INTERNAL_NAME>Control44</RPT_INTERNAL_NAME>
          <RPT_ID>44</RPT_ID>
          <RPT_VISIBLE>True</RPT_VISIBLE>
          <ControlName>BarColNom</ControlName>
          <AttID>BarColNom</AttID>
          <AttType>5</AttType>
          <BaseAttType>5</BaseAttType>
          <PROP_EXT_BASE_ATT_COLLECTION>False</PROP_EXT_BASE_ATT_COLLECTION>
          <GxObjClass>1</GxObjClass>
          <isVariable>False</isVariable>
          <isAttribute>True</isAttribute>
          <ColCount>13</ColCount>
          <ControlType>Edit</ControlType>
          <IsEnumerated>False</IsEnumerated>
          <RowIndex>1</RowIndex>
          <ColIndex>1</ColIndex>
          <AttNumDim>0</AttNumDim>
          <AttCollection>False</AttCollection>
          <RPT_TEXT>Text</RPT_TEXT>
          <RPT_X>163</RPT_X>
          <RPT_Y>10</RPT_Y>
          <RPT_WIDTH>136</RPT_WIDTH>
          <RPT_WIDTH_Default>136</RPT_WIDTH_Default>
          <RPT_HEIGHT>20</RPT_HEIGHT>
          <RPT_HEIGHT_Default>20</RPT_HEIGHT_Default>
          <RPT_FORECOLOR>Black, ARGB(255,0,0,0)</RPT_FORECOLOR>
          <RPT_BACKCOLOR>White, ARGB(255,255,255,255)</RPT_BACKCOLOR>
          <RPT_BORDERS>None</RPT_BORDERS>
          <RPT_BORDERWIDTH>1</RPT_BORDERWIDTH>
          <RPT_BORDERCOLOR>Black, ARGB(255,0,0,0)</RPT_BORDERCOLOR>
          <RPT_ALIGNMENT>TopLeft</RPT_ALIGNMENT>
          <RPT_FONT>Courier New, 12pt, style=Bold</RPT_FONT>
          <GxFormat>Text</GxFormat>
          <RPT_WORDWRAP>False</RPT_WORDWRAP>
          <AttEditNameProtected>False</AttEditNameProtected>
          <IsStandardVariable>False</IsStandardVariable>
          <idIsAutoDefinedVariable>False</idIsAutoDefinedVariable>
          <AttEditDisableArrays>False</AttEditDisableArrays>
          <AttEditNewVariable>False</AttEditNewVariable>
          <AttEditDontAssign>False</AttEditDontAssign>
        </ReportAttribute>
        <ReportAttribute>
          <RPT_TEXT_MODE>False</RPT_TEXT_MODE>
          <RPT_INTERNAL_NAME>Control45</RPT_INTERNAL_NAME>
          <RPT_ID>45</RPT_ID>
          <RPT_VISIBLE>True</RPT_VISIBLE>
          <ControlName>BarColNum</ControlName>
          <AttID>BarColNum</AttID>
          <AttType>4</AttType>
          <BaseAttType>4</BaseAttType>
          <PROP_EXT_BASE_ATT_COLLECTION>False</PROP_EXT_BASE_ATT_COLLECTION>
          <GxObjClass>1</GxObjClass>
          <isVariable>False</isVariable>
          <isAttribute>True</isAttribute>
          <ColCount>6</ColCount>
          <ControlType>Edit</ControlType>
          <IsEnumerated>False</IsEnumerated>
          <RowIndex>1</RowIndex>
          <ColIndex>1</ColIndex>
          <AttNumDim>0</AttNumDim>
          <AttCollection>False</AttCollection>
          <RPT_TEXT>Text</RPT_TEXT>
          <RPT_X>122</RPT_X>
          <RPT_Y>33</RPT_Y>
          <RPT_WIDTH>64</RPT_WIDTH>
          <RPT_WIDTH_Default>64</RPT_WIDTH_Default>
          <RPT_HEIGHT>20</RPT_HEIGHT>
          <RPT_HEIGHT_Default>20</RPT_HEIGHT_Default>
          <RPT_FORECOLOR>Black, ARGB(255,0,0,0)</RPT_FORECOLOR>
          <RPT_BACKCOLOR>White, ARGB(255,255,255,255)</RPT_BACKCOLOR>
          <RPT_BORDERS>None</RPT_BORDERS>
          <RPT_BORDERWIDTH>1</RPT_BORDERWIDTH>
          <RPT_BORDERCOLOR>Black, ARGB(255,0,0,0)</RPT_BORDERCOLOR>
          <RPT_ALIGNMENT>TopRight</RPT_ALIGNMENT>
          <RPT_FONT>Courier New, 12pt, style=Bold</RPT_FONT>
          <GxFormat>Text</GxFormat>
          <RPT_WORDWRAP>False</RPT_WORDWRAP>
          <AttEditNameProtected>False</AttEditNameProtected>
          <IsStandardVariable>False</IsStandardVariable>
          <idIsAutoDefinedVariable>False</idIsAutoDefinedVariable>
          <AttEditDisableArrays>False</AttEditDisableArrays>
          <AttEditNewVariable>False</AttEditNewVariable>
          <AttEditDontAssign>False</AttEditDontAssign>
        </ReportAttribute>
        <ReportAttribute>
          <RPT_TEXT_MODE>False</RPT_TEXT_MODE>
          <RPT_INTERNAL_NAME>Control46</RPT_INTERNAL_NAME>
          <RPT_ID>46</RPT_ID>
          <RPT_VISIBLE>True</RPT_VISIBLE>
          <ControlName>BarTipCol</ControlName>
          <AttID>BarTipCol</AttID>
          <AttType>4</AttType>
          <BaseAttType>4</BaseAttType>
          <PROP_EXT_BASE_ATT_COLLECTION>False</PROP_EXT_BASE_ATT_COLLECTION>
          <GxObjClass>1</GxObjClass>
          <isVariable>False</isVariable>
          <isAttribute>True</isAttribute>
          <ColCount>2</ColCount>
          <ControlType>Edit</ControlType>
          <IsEnumerated>False</IsEnumerated>
          <RowIndex>1</RowIndex>
          <ColIndex>1</ColIndex>
          <AttNumDim>0</AttNumDim>
          <AttCollection>False</AttCollection>
          <RPT_TEXT>Text</RPT_TEXT>
          <RPT_X>84</RPT_X>
          <RPT_Y>55</RPT_Y>
          <RPT_WIDTH>22</RPT_WIDTH>
          <RPT_WIDTH_Default>22</RPT_WIDTH_Default>
          <RPT_HEIGHT>20</RPT_HEIGHT>
          <RPT_HEIGHT_Default>20</RPT_HEIGHT_Default>
          <RPT_FORECOLOR>Black, ARGB(255,0,0,0)</RPT_FORECOLOR>
          <RPT_BACKCOLOR>White, ARGB(255,255,255,255)</RPT_BACKCOLOR>
          <RPT_BORDERS>None</RPT_BORDERS>
          <RPT_BORDERWIDTH>1</RPT_BORDERWIDTH>
          <RPT_BORDERCOLOR>Black, ARGB(255,0,0,0)</RPT_BORDERCOLOR>
          <RPT_ALIGNMENT>TopRight</RPT_ALIGNMENT>
          <RPT_FONT>Courier New, 12pt, style=Bold</RPT_FONT>
          <GxFormat>Text</GxFormat>
          <RPT_WORDWRAP>False</RPT_WORDWRAP>
          <AttEditNameProtected>False</AttEditNameProtected>
          <IsStandardVariable>False</IsStandardVariable>
          <idIsAutoDefinedVariable>False</idIsAutoDefinedVariable>
          <AttEditDisableArrays>False</AttEditDisableArrays>
          <AttEditNewVariable>False</AttEditNewVariable>
          <AttEditDontAssign>False</AttEditDontAssign>
        </ReportAttribute>
        <ReportLabel>
          <RPT_TEXT_MODE>False</RPT_TEXT_MODE>
          <RPT_INTERNAL_NAME>Control47</RPT_INTERNAL_NAME>
          <RPT_ID>47</RPT_ID>
          <RPT_VISIBLE>True</RPT_VISIBLE>
          <RPT_TEXT>Artigo:</RPT_TEXT>
          <RPT_X>58</RPT_X>
          <RPT_Y>118</RPT_Y>
          <RPT_WIDTH>59</RPT_WIDTH>
          <RPT_HEIGHT>18</RPT_HEIGHT>
          <RPT_FORECOLOR>Black, ARGB(255,0,0,0)</RPT_FORECOLOR>
          <RPT_BACKCOLOR>Transparent, ARGB(0,255,255,255)</RPT_BACKCOLOR>
          <RPT_BORDERS>None</RPT_BORDERS>
          <RPT_BORDERWIDTH>1</RPT_BORDERWIDTH>
          <RPT_BORDERCOLOR>Black, ARGB(255,0,0,0)</RPT_BORDERCOLOR>
          <RPT_ALIGNMENT>TopLeft</RPT_ALIGNMENT>
          <RPT_FONT>Courier New, 10pt</RPT_FONT>
          <RPT_WORDWRAP>False</RPT_WORDWRAP>
        </ReportLabel>
        <ReportAttribute>
          <RPT_TEXT_MODE>False</RPT_TEXT_MODE>
          <RPT_INTERNAL_NAME>Control48</RPT_INTERNAL_NAME>
          <RPT_ID>48</RPT_ID>
          <RPT_VISIBLE>True</RPT_VISIBLE>
          <ControlName>BarSer</ControlName>
          <AttID>BarSer</AttID>
          <AttType>5</AttType>
          <BaseAttType>5</BaseAttType>
          <PROP_EXT_BASE_ATT_COLLECTION>False</PROP_EXT_BASE_ATT_COLLECTION>
          <GxObjClass>1</GxObjClass>
          <isVariable>False</isVariable>
          <isAttribute>True</isAttribute>
          <ColCount>16</ColCount>
          <ControlType>Edit</ControlType>
          <IsEnumerated>False</IsEnumerated>
          <RowIndex>1</RowIndex>
          <ColIndex>1</ColIndex>
          <AttNumDim>0</AttNumDim>
          <AttCollection>False</AttCollection>
          <RPT_TEXT>Text</RPT_TEXT>
          <RPT_X>125</RPT_X>
          <RPT_Y>118</RPT_Y>
          <RPT_WIDTH>134</RPT_WIDTH>
          <RPT_WIDTH_Default>134</RPT_WIDTH_Default>
          <RPT_HEIGHT>18</RPT_HEIGHT>
          <RPT_HEIGHT_Default>18</RPT_HEIGHT_Default>
          <RPT_FORECOLOR>Black, ARGB(255,0,0,0)</RPT_FORECOLOR>
          <RPT_BACKCOLOR>White, ARGB(255,255,255,255)</RPT_BACKCOLOR>
          <RPT_BORDERS>None</RPT_BORDERS>
          <RPT_BORDERWIDTH>1</RPT_BORDERWIDTH>
          <RPT_BORDERCOLOR>Black, ARGB(255,0,0,0)</RPT_BORDERCOLOR>
          <RPT_ALIGNMENT>TopLeft</RPT_ALIGNMENT>
          <RPT_FONT>Courier New, 10pt</RPT_FONT>
          <GxFormat>Text</GxFormat>
          <RPT_WORDWRAP>False</RPT_WORDWRAP>
          <AttEditNameProtected>False</AttEditNameProtected>
          <IsStandardVariable>False</IsStandardVariable>
          <idIsAutoDefinedVariable>False</idIsAutoDefinedVariable>
          <AttEditDisableArrays>False</AttEditDisableArrays>
          <AttEditNewVariable>False</AttEditNewVariable>
          <AttEditDontAssign>False</AttEditDontAssign>
        </ReportAttribute>
        <ReportAttribute>
          <RPT_TEXT_MODE>False</RPT_TEXT_MODE>
          <RPT_INTERNAL_NAME>Control49</RPT_INTERNAL_NAME>
          <RPT_ID>49</RPT_ID>
          <RPT_VISIBLE>True</RPT_VISIBLE>
          <ControlName>BarSerDsc</ControlName>
          <AttID>BarSerDsc</AttID>
          <AttType>5</AttType>
          <BaseAttType>5</BaseAttType>
          <PROP_EXT_BASE_ATT_COLLECTION>False</PROP_EXT_BASE_ATT_COLLECTION>
          <GxObjClass>1</GxObjClass>
          <isVariable>False</isVariable>
          <isAttribute>True</isAttribute>
          <ColCount>26</ColCount>
          <ControlType>Edit</ControlType>
          <IsEnumerated>False</IsEnumerated>
          <RowIndex>1</RowIndex>
          <ColIndex>1</ColIndex>
          <AttNumDim>0</AttNumDim>
          <AttCollection>False</AttCollection>
          <RPT_TEXT>Text</RPT_TEXT>
          <RPT_X>265</RPT_X>
          <RPT_Y>118</RPT_Y>
          <RPT_WIDTH>272</RPT_WIDTH>
          <RPT_WIDTH_Default>272</RPT_WIDTH_Default>
          <RPT_HEIGHT>20</RPT_HEIGHT>
          <RPT_HEIGHT_Default>20</RPT_HEIGHT_Default>
          <RPT_FORECOLOR>Black, ARGB(255,0,0,0)</RPT_FORECOLOR>
          <RPT_BACKCOLOR>White, ARGB(255,255,255,255)</RPT_BACKCOLOR>
          <RPT_BORDERS>None</RPT_BORDERS>
          <RPT_BORDERWIDTH>1</RPT_BORDERWIDTH>
          <RPT_BORDERCOLOR>Black, ARGB(255,0,0,0)</RPT_BORDERCOLOR>
          <RPT_ALIGNMENT>TopLeft</RPT_ALIGNMENT>
          <RPT_FONT>Courier New, 12pt, style=Bold</RPT_FONT>
          <GxFormat>Text</GxFormat>
          <RPT_WORDWRAP>False</RPT_WORDWRAP>
          <AttEditNameProtected>False</AttEditNameProtected>
          <IsStandardVariable>False</IsStandardVariable>
          <idIsAutoDefinedVariable>False</idIsAutoDefinedVariable>
          <AttEditDisableArrays>False</AttEditDisableArrays>
          <AttEditNewVariable>False</AttEditNewVariable>
          <AttEditDontAssign>False</AttEditDontAssign>
        </ReportAttribute>
        <ReportRectangle>
          <RPT_TEXT_MODE>False</RPT_TEXT_MODE>
          <RPT_INTERNAL_NAME>Control50</RPT_INTERNAL_NAME>
          <RPT_ID>50</RPT_ID>
          <RPT_VISIBLE>True</RPT_VISIBLE>
          <RPT_X>52</RPT_X>
          <RPT_Y>0</RPT_Y>
          <RPT_WIDTH>714</RPT_WIDTH>
          <RPT_HEIGHT>156</RPT_HEIGHT>
          <RPT_FORECOLOR>Black, ARGB(255,0,0,0)</RPT_FORECOLOR>
          <RPT_BACKCOLOR>Transparent, ARGB(0,255,255,255)</RPT_BACKCOLOR>
          <RPT_BORDERS>All</RPT_BORDERS>
          <RPT_BORDERWIDTH>1</RPT_BORDERWIDTH>
          <RPT_BORDERCOLOR>Black, ARGB(255,0,0,0)</RPT_BORDERCOLOR>
          <RPT_STYLE>Solid</RPT_STYLE>
          <RPT_STYLE_TOP>Solid</RPT_STYLE_TOP>
          <RPT_STYLE_RIGHT>Solid</RPT_STYLE_RIGHT>
          <RPT_STYLE_BOTTOM>Solid</RPT_STYLE_BOTTOM>
          <RPT_STYLE_LEFT>Solid</RPT_STYLE_LEFT>
          <RPT_ALIGNMENT>TopLeft</RPT_ALIGNMENT>
          <RPT_CORNER_RADIUS>0</RPT_CORNER_RADIUS>
          <RPT_CORNER_RADIUS_TOPLEFT>0</RPT_CORNER_RADIUS_TOPLEFT>
          <RPT_CORNER_RADIUS_TOPRIGHT>0</RPT_CORNER_RADIUS_TOPRIGHT>
          <RPT_CORNER_RADIUS_BOTTOMLEFT>0</RPT_CORNER_RADIUS_BOTTOMLEFT>
          <RPT_CORNER_RADIUS_BOTTOMRIGHT>0</RPT_CORNER_RADIUS_BOTTOMRIGHT>
        </ReportRectangle>
        <ReportRectangle>
          <RPT_TEXT_MODE>False</RPT_TEXT_MODE>
          <RPT_INTERNAL_NAME>Control51</RPT_INTERNAL_NAME>
          <RPT_ID>51</RPT_ID>
          <RPT_VISIBLE>True</RPT_VISIBLE>
          <RPT_X>315</RPT_X>
          <RPT_Y>6</RPT_Y>
          <RPT_WIDTH>446</RPT_WIDTH>
          <RPT_HEIGHT>68</RPT_HEIGHT>
          <RPT_FORECOLOR>Black, ARGB(255,0,0,0)</RPT_FORECOLOR>
          <RPT_BACKCOLOR>Transparent, ARGB(0,255,255,255)</RPT_BACKCOLOR>
          <RPT_BORDERS>All</RPT_BORDERS>
          <RPT_BORDERWIDTH>1</RPT_BORDERWIDTH>
          <RPT_BORDERCOLOR>Black, ARGB(255,0,0,0)</RPT_BORDERCOLOR>
          <RPT_STYLE>Solid</RPT_STYLE>
          <RPT_STYLE_TOP>Solid</RPT_STYLE_TOP>
          <RPT_STYLE_RIGHT>Solid</RPT_STYLE_RIGHT>
          <RPT_STYLE_BOTTOM>Solid</RPT_STYLE_BOTTOM>
          <RPT_STYLE_LEFT>Solid</RPT_STYLE_LEFT>
          <RPT_ALIGNMENT>TopLeft</RPT_ALIGNMENT>
          <RPT_CORNER_RADIUS>0</RPT_CORNER_RADIUS>
          <RPT_CORNER_RADIUS_TOPLEFT>0</RPT_CORNER_RADIUS_TOPLEFT>
          <RPT_CORNER_RADIUS_TOPRIGHT>0</RPT_CORNER_RADIUS_TOPRIGHT>
          <RPT_CORNER_RADIUS_BOTTOMLEFT>0</RPT_CORNER_RADIUS_BOTTOMLEFT>
          <RPT_CORNER_RADIUS_BOTTOMRIGHT>0</RPT_CORNER_RADIUS_BOTTOMRIGHT>
        </ReportRectangle>
        <ReportLabel>
          <RPT_TEXT_MODE>False</RPT_TEXT_MODE>
          <RPT_INTERNAL_NAME>Control52</RPT_INTERNAL_NAME>
          <RPT_ID>52</RPT_ID>
          <RPT_VISIBLE>True</RPT_VISIBLE>
          <RPT_TEXT>Parametros de Acabamento</RPT_TEXT>
          <RPT_X>438</RPT_X>
          <RPT_Y>8</RPT_Y>
          <RPT_WIDTH>201</RPT_WIDTH>
          <RPT_HEIGHT>17</RPT_HEIGHT>
          <RPT_FORECOLOR>Black, ARGB(255,0,0,0)</RPT_FORECOLOR>
          <RPT_BACKCOLOR>Transparent, ARGB(0,255,255,255)</RPT_BACKCOLOR>
          <RPT_BORDERS>None</RPT_BORDERS>
          <RPT_BORDERWIDTH>1</RPT_BORDERWIDTH>
          <RPT_BORDERCOLOR>Black, ARGB(255,0,0,0)</RPT_BORDERCOLOR>
          <RPT_ALIGNMENT>TopLeft</RPT_ALIGNMENT>
          <RPT_FONT>Courier New, 10pt, style=Bold</RPT_FONT>
          <RPT_WORDWRAP>False</RPT_WORDWRAP>
        </ReportLabel>
        <ReportLabel>
          <RPT_TEXT_MODE>False</RPT_TEXT_MODE>
          <RPT_INTERNAL_NAME>Control53</RPT_INTERNAL_NAME>
          <RPT_ID>53</RPT_ID>
          <RPT_VISIBLE>True</RPT_VISIBLE>
          <RPT_TEXT>(g/m2)</RPT_TEXT>
          <RPT_X>558</RPT_X>
          <RPT_Y>29</RPT_Y>
          <RPT_WIDTH>45</RPT_WIDTH>
          <RPT_HEIGHT>15</RPT_HEIGHT>
          <RPT_FORECOLOR>Black, ARGB(255,0,0,0)</RPT_FORECOLOR>
          <RPT_BACKCOLOR>Transparent, ARGB(0,255,255,255)</RPT_BACKCOLOR>
          <RPT_BORDERS>None</RPT_BORDERS>
          <RPT_BORDERWIDTH>1</RPT_BORDERWIDTH>
          <RPT_BORDERCOLOR>Black, ARGB(255,0,0,0)</RPT_BORDERCOLOR>
          <RPT_ALIGNMENT>TopLeft</RPT_ALIGNMENT>
          <RPT_FONT>Courier New, 8pt, style=Bold</RPT_FONT>
          <RPT_WORDWRAP>False</RPT_WORDWRAP>
        </ReportLabel>
        <ReportLabel>
          <RPT_TEXT_MODE>False</RPT_TEXT_MODE>
          <RPT_INTERNAL_NAME>Control54</RPT_INTERNAL_NAME>
          <RPT_ID>54</RPT_ID>
          <RPT_VISIBLE>True</RPT_VISIBLE>
          <RPT_TEXT>Enc.</RPT_TEXT>
          <RPT_X>609</RPT_X>
          <RPT_Y>29</RPT_Y>
          <RPT_WIDTH>34</RPT_WIDTH>
          <RPT_HEIGHT>17</RPT_HEIGHT>
          <RPT_FORECOLOR>Black, ARGB(255,0,0,0)</RPT_FORECOLOR>
          <RPT_BACKCOLOR>Transparent, ARGB(0,255,255,255)</RPT_BACKCOLOR>
          <RPT_BORDERS>None</RPT_BORDERS>
          <RPT_BORDERWIDTH>1</RPT_BORDERWIDTH>
          <RPT_BORDERCOLOR>Black, ARGB(255,0,0,0)</RPT_BORDERCOLOR>
          <RPT_ALIGNMENT>TopLeft</RPT_ALIGNMENT>
          <RPT_FONT>Courier New, 10pt, style=Bold</RPT_FONT>
          <RPT_WORDWRAP>False</RPT_WORDWRAP>
        </ReportLabel>
        <ReportLabel>
          <RPT_TEXT_MODE>False</RPT_TEXT_MODE>
          <RPT_INTERNAL_NAME>Control55</RPT_INTERNAL_NAME>
          <RPT_ID>55</RPT_ID>
          <RPT_VISIBLE>True</RPT_VISIBLE>
          <RPT_TEXT>(%)</RPT_TEXT>
          <RPT_X>646</RPT_X>
          <RPT_Y>29</RPT_Y>
          <RPT_WIDTH>23</RPT_WIDTH>
          <RPT_HEIGHT>15</RPT_HEIGHT>
          <RPT_FORECOLOR>Black, ARGB(255,0,0,0)</RPT_FORECOLOR>
          <RPT_BACKCOLOR>Transparent, ARGB(0,255,255,255)</RPT_BACKCOLOR>
          <RPT_BORDERS>None</RPT_BORDERS>
          <RPT_BORDERWIDTH>1</RPT_BORDERWIDTH>
          <RPT_BORDERCOLOR>Black, ARGB(255,0,0,0)</RPT_BORDERCOLOR>
          <RPT_ALIGNMENT>TopLeft</RPT_ALIGNMENT>
          <RPT_FONT>Courier New, 8pt, style=Bold</RPT_FONT>
          <RPT_WORDWRAP>False</RPT_WORDWRAP>
        </ReportLabel>
        <ReportLine>
          <RPT_TEXT_MODE>False</RPT_TEXT_MODE>
          <RPT_INTERNAL_NAME>Control56</RPT_INTERNAL_NAME>
          <RPT_ID>56</RPT_ID>
          <RPT_VISIBLE>True</RPT_VISIBLE>
          <RPT_X>315</RPT_X>
          <RPT_Y>25</RPT_Y>
          <RPT_WIDTH>445</RPT_WIDTH>
          <RPT_HEIGHT>1</RPT_HEIGHT>
          <RPT_FORECOLOR>Black, ARGB(255,0,0,0)</RPT_FORECOLOR>
          <RPT_LINEDIRECTION>Horizontal</RPT_LINEDIRECTION>
          <RPT_LINEWIDTH>1</RPT_LINEWIDTH>
          <RPT_STYLE_LINE>Solid</RPT_STYLE_LINE>
          <RPT_ALIGNMENT>TopLeft</RPT_ALIGNMENT>
        </ReportLine>
        <ReportLabel>
          <RPT_TEXT_MODE>False</RPT_TEXT_MODE>
          <RPT_INTERNAL_NAME>Control57</RPT_INTERNAL_NAME>
          <RPT_ID>57</RPT_ID>
          <RPT_VISIBLE>True</RPT_VISIBLE>
          <RPT_TEXT>Torção</RPT_TEXT>
          <RPT_X>679</RPT_X>
          <RPT_Y>28</RPT_Y>
          <RPT_WIDTH>51</RPT_WIDTH>
          <RPT_HEIGHT>17</RPT_HEIGHT>
          <RPT_FORECOLOR>Black, ARGB(255,0,0,0)</RPT_FORECOLOR>
          <RPT_BACKCOLOR>Transparent, ARGB(0,255,255,255)</RPT_BACKCOLOR>
          <RPT_BORDERS>None</RPT_BORDERS>
          <RPT_BORDERWIDTH>1</RPT_BORDERWIDTH>
          <RPT_BORDERCOLOR>Black, ARGB(255,0,0,0)</RPT_BORDERCOLOR>
          <RPT_ALIGNMENT>TopLeft</RPT_ALIGNMENT>
          <RPT_FONT>Courier New, 10pt, style=Bold</RPT_FONT>
          <RPT_WORDWRAP>False</RPT_WORDWRAP>
        </ReportLabel>
        <ReportLabel>
          <RPT_TEXT_MODE>False</RPT_TEXT_MODE>
          <RPT_INTERNAL_NAME>Control58</RPT_INTERNAL_NAME>
          <RPT_ID>58</RPT_ID>
          <RPT_VISIBLE>True</RPT_VISIBLE>
          <RPT_TEXT>(%)</RPT_TEXT>
          <RPT_X>734</RPT_X>
          <RPT_Y>28</RPT_Y>
          <RPT_WIDTH>23</RPT_WIDTH>
          <RPT_HEIGHT>15</RPT_HEIGHT>
          <RPT_FORECOLOR>Black, ARGB(255,0,0,0)</RPT_FORECOLOR>
          <RPT_BACKCOLOR>Transparent, ARGB(0,255,255,255)</RPT_BACKCOLOR>
          <RPT_BORDERS>None</RPT_BORDERS>
          <RPT_BORDERWIDTH>1</RPT_BORDERWIDTH>
          <RPT_BORDERCOLOR>Black, ARGB(255,0,0,0)</RPT_BORDERCOLOR>
          <RPT_ALIGNMENT>TopLeft</RPT_ALIGNMENT>
          <RPT_FONT>Courier New, 8pt, style=Bold</RPT_FONT>
          <RPT_WORDWRAP>False</RPT_WORDWRAP>
        </ReportLabel>
        <ReportLine>
          <RPT_TEXT_MODE>False</RPT_TEXT_MODE>
          <RPT_INTERNAL_NAME>Control59</RPT_INTERNAL_NAME>
          <RPT_ID>59</RPT_ID>
          <RPT_VISIBLE>True</RPT_VISIBLE>
          <RPT_X>315</RPT_X>
          <RPT_Y>48</RPT_Y>
          <RPT_WIDTH>446</RPT_WIDTH>
          <RPT_HEIGHT>1</RPT_HEIGHT>
          <RPT_FORECOLOR>Black, ARGB(255,0,0,0)</RPT_FORECOLOR>
          <RPT_LINEDIRECTION>Horizontal</RPT_LINEDIRECTION>
          <RPT_LINEWIDTH>1</RPT_LINEWIDTH>
          <RPT_STYLE_LINE>Solid</RPT_STYLE_LINE>
          <RPT_ALIGNMENT>TopLeft</RPT_ALIGNMENT>
        </ReportLine>
        <ReportLabel>
          <RPT_TEXT_MODE>False</RPT_TEXT_MODE>
          <RPT_INTERNAL_NAME>Control60</RPT_INTERNAL_NAME>
          <RPT_ID>60</RPT_ID>
          <RPT_VISIBLE>True</RPT_VISIBLE>
          <RPT_TEXT>(cm)</RPT_TEXT>
          <RPT_X>480</RPT_X>
          <RPT_Y>29</RPT_Y>
          <RPT_WIDTH>30</RPT_WIDTH>
          <RPT_HEIGHT>15</RPT_HEIGHT>
          <RPT_FORECOLOR>Black, ARGB(255,0,0,0)</RPT_FORECOLOR>
          <RPT_BACKCOLOR>Transparent, ARGB(0,255,255,255)</RPT_BACKCOLOR>
          <RPT_BORDERS>None</RPT_BORDERS>
          <RPT_BORDERWIDTH>1</RPT_BORDERWIDTH>
          <RPT_BORDERCOLOR>Black, ARGB(255,0,0,0)</RPT_BORDERCOLOR>
          <RPT_ALIGNMENT>TopLeft</RPT_ALIGNMENT>
          <RPT_FONT>Courier New, 8pt, style=Bold</RPT_FONT>
          <RPT_WORDWRAP>False</RPT_WORDWRAP>
        </ReportLabel>
        <ReportLine>
          <RPT_TEXT_MODE>False</RPT_TEXT_MODE>
          <RPT_INTERNAL_NAME>Control61</RPT_INTERNAL_NAME>
          <RPT_ID>61</RPT_ID>
          <RPT_VISIBLE>True</RPT_VISIBLE>
          <RPT_X>511</RPT_X>
          <RPT_Y>25</RPT_Y>
          <RPT_WIDTH>1</RPT_WIDTH>
          <RPT_HEIGHT>49</RPT_HEIGHT>
          <RPT_FORECOLOR>Black, ARGB(255,0,0,0)</RPT_FORECOLOR>
          <RPT_LINEDIRECTION>Vertical</RPT_LINEDIRECTION>
          <RPT_LINEWIDTH>1</RPT_LINEWIDTH>
          <RPT_STYLE_LINE>Solid</RPT_STYLE_LINE>
          <RPT_ALIGNMENT>TopLeft</RPT_ALIGNMENT>
        </ReportLine>
        <ReportLine>
          <RPT_TEXT_MODE>False</RPT_TEXT_MODE>
          <RPT_INTERNAL_NAME>Control62</RPT_INTERNAL_NAME>
          <RPT_ID>62</RPT_ID>
          <RPT_VISIBLE>True</RPT_VISIBLE>
          <RPT_X>605</RPT_X>
          <RPT_Y>25</RPT_Y>
          <RPT_WIDTH>1</RPT_WIDTH>
          <RPT_HEIGHT>49</RPT_HEIGHT>
          <RPT_FORECOLOR>Black, ARGB(255,0,0,0)</RPT_FORECOLOR>
          <RPT_LINEDIRECTION>Vertical</RPT_LINEDIRECTION>
          <RPT_LINEWIDTH>1</RPT_LINEWIDTH>
          <RPT_STYLE_LINE>Solid</RPT_STYLE_LINE>
          <RPT_ALIGNMENT>TopLeft</RPT_ALIGNMENT>
        </ReportLine>
        <ReportLine>
          <RPT_TEXT_MODE>False</RPT_TEXT_MODE>
          <RPT_INTERNAL_NAME>Control63</RPT_INTERNAL_NAME>
          <RPT_ID>63</RPT_ID>
          <RPT_VISIBLE>True</RPT_VISIBLE>
          <RPT_X>673</RPT_X>
          <RPT_Y>25</RPT_Y>
          <RPT_WIDTH>1</RPT_WIDTH>
          <RPT_HEIGHT>49</RPT_HEIGHT>
          <RPT_FORECOLOR>Black, ARGB(255,0,0,0)</RPT_FORECOLOR>
          <RPT_LINEDIRECTION>Vertical</RPT_LINEDIRECTION>
          <RPT_LINEWIDTH>1</RPT_LINEWIDTH>
          <RPT_STYLE_LINE>Solid</RPT_STYLE_LINE>
          <RPT_ALIGNMENT>TopLeft</RPT_ALIGNMENT>
        </ReportLine>
        <ReportAttribute>
          <RPT_TEXT_MODE>False</RPT_TEXT_MODE>
          <RPT_INTERNAL_NAME>Control64</RPT_INTERNAL_NAME>
          <RPT_ID>64</RPT_ID>
          <RPT_VISIBLE>True</RPT_VISIBLE>
          <ControlName>BarPle</ControlName>
          <AttID>BarPle</AttID>
          <AttType>5</AttType>
          <BaseAttType>5</BaseAttType>
          <PROP_EXT_BASE_ATT_COLLECTION>False</PROP_EXT_BASE_ATT_COLLECTION>
          <GxObjClass>1</GxObjClass>
          <isVariable>False</isVariable>
          <isAttribute>True</isAttribute>
          <ColCount>10</ColCount>
          <ControlType>Edit</ControlType>
          <IsEnumerated>False</IsEnumerated>
          <RowIndex>1</RowIndex>
          <ColIndex>1</ColIndex>
          <AttNumDim>0</AttNumDim>
          <AttCollection>False</AttCollection>
          <RPT_TEXT>Text</RPT_TEXT>
          <RPT_X>330</RPT_X>
          <RPT_Y>54</RPT_Y>
          <RPT_WIDTH>84</RPT_WIDTH>
          <RPT_WIDTH_Default>84</RPT_WIDTH_Default>
          <RPT_HEIGHT>18</RPT_HEIGHT>
          <RPT_HEIGHT_Default>18</RPT_HEIGHT_Default>
          <RPT_FORECOLOR>Black, ARGB(255,0,0,0)</RPT_FORECOLOR>
          <RPT_BACKCOLOR>White, ARGB(255,255,255,255)</RPT_BACKCOLOR>
          <RPT_BORDERS>None</RPT_BORDERS>
          <RPT_BORDERWIDTH>1</RPT_BORDERWIDTH>
          <RPT_BORDERCOLOR>Black, ARGB(255,0,0,0)</RPT_BORDERCOLOR>
          <RPT_ALIGNMENT>TopLeft</RPT_ALIGNMENT>
          <RPT_FONT>Courier New, 10pt</RPT_FONT>
          <GxFormat>Text</GxFormat>
          <RPT_WORDWRAP>False</RPT_WORDWRAP>
          <AttEditNameProtected>False</AttEditNameProtected>
          <IsStandardVariable>False</IsStandardVariable>
          <idIsAutoDefinedVariable>False</idIsAutoDefinedVariable>
          <AttEditDisableArrays>False</AttEditDisableArrays>
          <AttEditNewVariable>False</AttEditNewVariable>
          <AttEditDontAssign>False</AttEditDontAssign>
        </ReportAttribute>
        <ReportLabel>
          <RPT_TEXT_MODE>False</RPT_TEXT_MODE>
          <RPT_INTERNAL_NAME>Control65</RPT_INTERNAL_NAME>
          <RPT_ID>65</RPT_ID>
          <RPT_VISIBLE>True</RPT_VISIBLE>
          <RPT_TEXT>Apresentação</RPT_TEXT>
          <RPT_X>317</RPT_X>
          <RPT_Y>29</RPT_Y>
          <RPT_WIDTH>101</RPT_WIDTH>
          <RPT_HEIGHT>17</RPT_HEIGHT>
          <RPT_FORECOLOR>Black, ARGB(255,0,0,0)</RPT_FORECOLOR>
          <RPT_BACKCOLOR>Transparent, ARGB(0,255,255,255)</RPT_BACKCOLOR>
          <RPT_BORDERS>None</RPT_BORDERS>
          <RPT_BORDERWIDTH>1</RPT_BORDERWIDTH>
          <RPT_BORDERCOLOR>Black, ARGB(255,0,0,0)</RPT_BORDERCOLOR>
          <RPT_ALIGNMENT>TopLeft</RPT_ALIGNMENT>
          <RPT_FONT>Courier New, 10pt, style=Bold</RPT_FONT>
          <RPT_WORDWRAP>False</RPT_WORDWRAP>
        </ReportLabel>
        <ReportLine>
          <RPT_TEXT_MODE>False</RPT_TEXT_MODE>
          <RPT_INTERNAL_NAME>Control66</RPT_INTERNAL_NAME>
          <RPT_ID>66</RPT_ID>
          <RPT_VISIBLE>True</RPT_VISIBLE>
          <RPT_X>419</RPT_X>
          <RPT_Y>25</RPT_Y>
          <RPT_WIDTH>1</RPT_WIDTH>
          <RPT_HEIGHT>49</RPT_HEIGHT>
          <RPT_FORECOLOR>Black, ARGB(255,0,0,0)</RPT_FORECOLOR>
          <RPT_LINEDIRECTION>Vertical</RPT_LINEDIRECTION>
          <RPT_LINEWIDTH>1</RPT_LINEWIDTH>
          <RPT_STYLE_LINE>Solid</RPT_STYLE_LINE>
          <RPT_ALIGNMENT>TopLeft</RPT_ALIGNMENT>
        </ReportLine>
        <ReportLabel>
          <RPT_TEXT_MODE>False</RPT_TEXT_MODE>
          <RPT_INTERNAL_NAME>Control67</RPT_INTERNAL_NAME>
          <RPT_ID>67</RPT_ID>
          <RPT_VISIBLE>True</RPT_VISIBLE>
          <RPT_TEXT>Numero:</RPT_TEXT>
          <RPT_X>56</RPT_X>
          <RPT_Y>33</RPT_Y>
          <RPT_WIDTH>59</RPT_WIDTH>
          <RPT_HEIGHT>18</RPT_HEIGHT>
          <RPT_FORECOLOR>Black, ARGB(255,0,0,0)</RPT_FORECOLOR>
          <RPT_BACKCOLOR>Transparent, ARGB(0,255,255,255)</RPT_BACKCOLOR>
          <RPT_BORDERS>None</RPT_BORDERS>
          <RPT_BORDERWIDTH>1</RPT_BORDERWIDTH>
          <RPT_BORDERCOLOR>Black, ARGB(255,0,0,0)</RPT_BORDERCOLOR>
          <RPT_ALIGNMENT>TopLeft</RPT_ALIGNMENT>
          <RPT_FONT>Courier New, 10pt</RPT_FONT>
          <RPT_WORDWRAP>False</RPT_WORDWRAP>
        </ReportLabel>
        <ReportLabel>
          <RPT_TEXT_MODE>False</RPT_TEXT_MODE>
          <RPT_INTERNAL_NAME>Control68</RPT_INTERNAL_NAME>
          <RPT_ID>68</RPT_ID>
          <RPT_VISIBLE>True</RPT_VISIBLE>
          <RPT_TEXT>Tc:</RPT_TEXT>
          <RPT_X>56</RPT_X>
          <RPT_Y>56</RPT_Y>
          <RPT_WIDTH>26</RPT_WIDTH>
          <RPT_HEIGHT>18</RPT_HEIGHT>
          <RPT_FORECOLOR>Black, ARGB(255,0,0,0)</RPT_FORECOLOR>
          <RPT_BACKCOLOR>Transparent, ARGB(0,255,255,255)</RPT_BACKCOLOR>
          <RPT_BORDERS>None</RPT_BORDERS>
          <RPT_BORDERWIDTH>1</RPT_BORDERWIDTH>
          <RPT_BORDERCOLOR>Black, ARGB(255,0,0,0)</RPT_BORDERCOLOR>
          <RPT_ALIGNMENT>TopLeft</RPT_ALIGNMENT>
          <RPT_FONT>Courier New, 10pt</RPT_FONT>
          <RPT_WORDWRAP>False</RPT_WORDWRAP>
        </ReportLabel>
        <ReportAttribute>
          <RPT_TEXT_MODE>False</RPT_TEXT_MODE>
          <RPT_INTERNAL_NAME>Control69</RPT_INTERNAL_NAME>
          <RPT_ID>69</RPT_ID>
          <RPT_VISIBLE>True</RPT_VISIBLE>
          <ControlName>&amp;BarAncAca2</ControlName>
          <AttID>&amp;BarAncAca2</AttID>
          <AttType>5</AttType>
          <BaseAttType>5</BaseAttType>
          <PROP_EXT_BASE_ATT_COLLECTION>False</PROP_EXT_BASE_ATT_COLLECTION>
          <GxObjClass>1</GxObjClass>
          <isVariable>True</isVariable>
          <isAttribute>False</isAttribute>
          <ColCount>3</ColCount>
          <ControlType>Edit</ControlType>
          <IsEnumerated>False</IsEnumerated>
          <RowIndex>1</RowIndex>
          <ColIndex>1</ColIndex>
          <AttNumDim>0</AttNumDim>
          <AttCollection>False</AttCollection>
          <RPT_TEXT>Text</RPT_TEXT>
          <RPT_X>469</RPT_X>
          <RPT_Y>54</RPT_Y>
          <RPT_WIDTH>26</RPT_WIDTH>
          <RPT_WIDTH_Default>26</RPT_WIDTH_Default>
          <RPT_HEIGHT>18</RPT_HEIGHT>
          <RPT_HEIGHT_Default>18</RPT_HEIGHT_Default>
          <RPT_FORECOLOR>Black, ARGB(255,0,0,0)</RPT_FORECOLOR>
          <RPT_BACKCOLOR>White, ARGB(255,255,255,255)</RPT_BACKCOLOR>
          <RPT_BORDERS>None</RPT_BORDERS>
          <RPT_BORDERWIDTH>1</RPT_BORDERWIDTH>
          <RPT_BORDERCOLOR>Black, ARGB(255,0,0,0)</RPT_BORDERCOLOR>
          <RPT_ALIGNMENT>TopLeft</RPT_ALIGNMENT>
          <RPT_FONT>Courier New, 10pt</RPT_FONT>
          <GxFormat>Text</GxFormat>
          <RPT_WORDWRAP>False</RPT_WORDWRAP>
          <AttEditNameProtected>False</AttEditNameProtected>
          <IsStandardVariable>False</IsStandardVariable>
          <idIsAutoDefinedVariable>False</idIsAutoDefinedVariable>
          <AttEditDisableArrays>False</AttEditDisableArrays>
          <AttEditNewVariable>False</AttEditNewVariable>
          <AttEditDontAssign>False</AttEditDontAssign>
        </ReportAttribute>
        <ReportAttribute>
          <RPT_TEXT_MODE>False</RPT_TEXT_MODE>
          <RPT_INTERNAL_NAME>Control70</RPT_INTERNAL_NAME>
          <RPT_ID>70</RPT_ID>
          <RPT_VISIBLE>True</RPT_VISIBLE>
          <ControlName>&amp;BarGraAca2</ControlName>
          <AttID>&amp;BarGraAca2</AttID>
          <AttType>5</AttType>
          <BaseAttType>5</BaseAttType>
          <PROP_EXT_BASE_ATT_COLLECTION>False</PROP_EXT_BASE_ATT_COLLECTION>
          <GxObjClass>1</GxObjClass>
          <isVariable>True</isVariable>
          <isAttribute>False</isAttribute>
          <ColCount>4</ColCount>
          <ControlType>Edit</ControlType>
          <IsEnumerated>False</IsEnumerated>
          <RowIndex>1</RowIndex>
          <ColIndex>1</ColIndex>
          <AttNumDim>0</AttNumDim>
          <AttCollection>False</AttCollection>
          <RPT_TEXT>Text</RPT_TEXT>
          <RPT_X>567</RPT_X>
          <RPT_Y>54</RPT_Y>
          <RPT_WIDTH>34</RPT_WIDTH>
          <RPT_WIDTH_Default>34</RPT_WIDTH_Default>
          <RPT_HEIGHT>18</RPT_HEIGHT>
          <RPT_HEIGHT_Default>18</RPT_HEIGHT_Default>
          <RPT_FORECOLOR>Black, ARGB(255,0,0,0)</RPT_FORECOLOR>
          <RPT_BACKCOLOR>White, ARGB(255,255,255,255)</RPT_BACKCOLOR>
          <RPT_BORDERS>None</RPT_BORDERS>
          <RPT_BORDERWIDTH>1</RPT_BORDERWIDTH>
          <RPT_BORDERCOLOR>Black, ARGB(255,0,0,0)</RPT_BORDERCOLOR>
          <RPT_ALIGNMENT>TopLeft</RPT_ALIGNMENT>
          <RPT_FONT>Courier New, 10pt</RPT_FONT>
          <GxFormat>Text</GxFormat>
          <RPT_WORDWRAP>False</RPT_WORDWRAP>
          <AttEditNameProtected>False</AttEditNameProtected>
          <IsStandardVariable>False</IsStandardVariable>
          <idIsAutoDefinedVariable>False</idIsAutoDefinedVariable>
          <AttEditDisableArrays>False</AttEditDisableArrays>
          <AttEditNewVariable>False</AttEditNewVariable>
          <AttEditDontAssign>False</AttEditDontAssign>
        </ReportAttribute>
        <ReportLabel>
          <RPT_TEXT_MODE>False</RPT_TEXT_MODE>
          <RPT_INTERNAL_NAME>Control71</RPT_INTERNAL_NAME>
          <RPT_ID>71</RPT_ID>
          <RPT_VISIBLE>True</RPT_VISIBLE>
          <RPT_TEXT>Cartaz Nº:</RPT_TEXT>
          <RPT_X>150</RPT_X>
          <RPT_Y>56</RPT_Y>
          <RPT_WIDTH>84</RPT_WIDTH>
          <RPT_HEIGHT>18</RPT_HEIGHT>
          <RPT_FORECOLOR>Black, ARGB(255,0,0,0)</RPT_FORECOLOR>
          <RPT_BACKCOLOR>Transparent, ARGB(0,255,255,255)</RPT_BACKCOLOR>
          <RPT_BORDERS>None</RPT_BORDERS>
          <RPT_BORDERWIDTH>1</RPT_BORDERWIDTH>
          <RPT_BORDERCOLOR>Black, ARGB(255,0,0,0)</RPT_BORDERCOLOR>
          <RPT_ALIGNMENT>TopLeft</RPT_ALIGNMENT>
          <RPT_FONT>Courier New, 10pt</RPT_FONT>
          <RPT_WORDWRAP>False</RPT_WORDWRAP>
        </ReportLabel>
        <ReportAttribute>
          <RPT_TEXT_MODE>False</RPT_TEXT_MODE>
          <RPT_INTERNAL_NAME>Control72</RPT_INTERNAL_NAME>
          <RPT_ID>72</RPT_ID>
          <RPT_VISIBLE>True</RPT_VISIBLE>
          <ControlName>&amp;Cartaz</ControlName>
          <AttID>&amp;Cartaz</AttID>
          <AttType>5</AttType>
          <BaseAttType>5</BaseAttType>
          <PROP_EXT_BASE_ATT_COLLECTION>False</PROP_EXT_BASE_ATT_COLLECTION>
          <GxObjClass>1</GxObjClass>
          <isVariable>True</isVariable>
          <isAttribute>False</isAttribute>
          <ColCount>10</ColCount>
          <ControlType>Edit</ControlType>
          <IsEnumerated>False</IsEnumerated>
          <RowIndex>1</RowIndex>
          <ColIndex>1</ColIndex>
          <AttNumDim>0</AttNumDim>
          <AttCollection>False</AttCollection>
          <RPT_TEXT>Text</RPT_TEXT>
          <RPT_X>238</RPT_X>
          <RPT_Y>56</RPT_Y>
          <RPT_WIDTH>74</RPT_WIDTH>
          <RPT_WIDTH_Default>74</RPT_WIDTH_Default>
          <RPT_HEIGHT>17</RPT_HEIGHT>
          <RPT_HEIGHT_Default>17</RPT_HEIGHT_Default>
          <RPT_FORECOLOR>Black, ARGB(255,0,0,0)</RPT_FORECOLOR>
          <RPT_BACKCOLOR>White, ARGB(255,255,255,255)</RPT_BACKCOLOR>
          <RPT_BORDERS>None</RPT_BORDERS>
          <RPT_BORDERWIDTH>1</RPT_BORDERWIDTH>
          <RPT_BORDERCOLOR>Black, ARGB(255,0,0,0)</RPT_BORDERCOLOR>
          <RPT_ALIGNMENT>TopLeft</RPT_ALIGNMENT>
          <RPT_FONT>Courier New, 9pt</RPT_FONT>
          <GxFormat>Text</GxFormat>
          <RPT_WORDWRAP>False</RPT_WORDWRAP>
          <AttEditNameProtected>False</AttEditNameProtected>
          <IsStandardVariable>False</IsStandardVariable>
          <idIsAutoDefinedVariable>False</idIsAutoDefinedVariable>
          <AttEditDisableArrays>False</AttEditDisableArrays>
          <AttEditNewVariable>False</AttEditNewVariable>
          <AttEditDontAssign>False</AttEditDontAssign>
        </ReportAttribute>
        <ReportLabel>
          <RPT_TEXT_MODE>False</RPT_TEXT_MODE>
          <RPT_INTERNAL_NAME>Control73</RPT_INTERNAL_NAME>
          <RPT_ID>73</RPT_ID>
          <RPT_VISIBLE>True</RPT_VISIBLE>
          <RPT_TEXT>Programa:</RPT_TEXT>
          <RPT_X>58</RPT_X>
          <RPT_Y>94</RPT_Y>
          <RPT_WIDTH>76</RPT_WIDTH>
          <RPT_HEIGHT>18</RPT_HEIGHT>
          <RPT_FORECOLOR>Black, ARGB(255,0,0,0)</RPT_FORECOLOR>
          <RPT_BACKCOLOR>Transparent, ARGB(0,255,255,255)</RPT_BACKCOLOR>
          <RPT_BORDERS>None</RPT_BORDERS>
          <RPT_BORDERWIDTH>1</RPT_BORDERWIDTH>
          <RPT_BORDERCOLOR>Black, ARGB(255,0,0,0)</RPT_BORDERCOLOR>
          <RPT_ALIGNMENT>TopLeft</RPT_ALIGNMENT>
          <RPT_FONT>Courier New, 10pt</RPT_FONT>
          <RPT_WORDWRAP>False</RPT_WORDWRAP>
        </ReportLabel>
        <ReportAttribute>
          <RPT_TEXT_MODE>False</RPT_TEXT_MODE>
          <RPT_INTERNAL_NAME>Control74</RPT_INTERNAL_NAME>
          <RPT_ID>74</RPT_ID>
          <RPT_VISIBLE>True</RPT_VISIBLE>
          <ControlName>&amp;PrgTing</ControlName>
          <AttID>&amp;PrgTing</AttID>
          <AttType>5</AttType>
          <BaseAttType>5</BaseAttType>
          <PROP_EXT_BASE_ATT_COLLECTION>False</PROP_EXT_BASE_ATT_COLLECTION>
          <GxObjClass>1</GxObjClass>
          <isVariable>True</isVariable>
          <isAttribute>False</isAttribute>
          <ColCount>30</ColCount>
          <ControlType>Edit</ControlType>
          <IsEnumerated>False</IsEnumerated>
          <RowIndex>1</RowIndex>
          <ColIndex>1</ColIndex>
          <AttNumDim>0</AttNumDim>
          <AttCollection>False</AttCollection>
          <RPT_TEXT>Text</RPT_TEXT>
          <RPT_X>140</RPT_X>
          <RPT_Y>94</RPT_Y>
          <RPT_WIDTH>251</RPT_WIDTH>
          <RPT_WIDTH_Default>251</RPT_WIDTH_Default>
          <RPT_HEIGHT>18</RPT_HEIGHT>
          <RPT_HEIGHT_Default>18</RPT_HEIGHT_Default>
          <RPT_FORECOLOR>Black, ARGB(255,0,0,0)</RPT_FORECOLOR>
          <RPT_BACKCOLOR>White, ARGB(255,255,255,255)</RPT_BACKCOLOR>
          <RPT_BORDERS>None</RPT_BORDERS>
          <RPT_BORDERWIDTH>1</RPT_BORDERWIDTH>
          <RPT_BORDERCOLOR>Black, ARGB(255,0,0,0)</RPT_BORDERCOLOR>
          <RPT_ALIGNMENT>TopLeft</RPT_ALIGNMENT>
          <RPT_FONT>Courier New, 10pt</RPT_FONT>
          <GxFormat>Text</GxFormat>
          <RPT_WORDWRAP>False</RPT_WORDWRAP>
          <AttEditNameProtected>False</AttEditNameProtected>
          <IsStandardVariable>False</IsStandardVariable>
          <idIsAutoDefinedVariable>False</idIsAutoDefinedVariable>
          <AttEditDisableArrays>False</AttEditDisableArrays>
          <AttEditNewVariable>False</AttEditNewVariable>
          <AttEditDontAssign>False</AttEditDontAssign>
        </ReportAttribute>
        <ReportLabel>
          <RPT_TEXT_MODE>False</RPT_TEXT_MODE>
          <RPT_INTERNAL_NAME>Control75</RPT_INTERNAL_NAME>
          <RPT_ID>75</RPT_ID>
          <RPT_VISIBLE>True</RPT_VISIBLE>
          <RPT_TEXT>Intensid:</RPT_TEXT>
          <RPT_X>58</RPT_X>
          <RPT_Y>75</RPT_Y>
          <RPT_WIDTH>76</RPT_WIDTH>
          <RPT_HEIGHT>18</RPT_HEIGHT>
          <RPT_FORECOLOR>Black, ARGB(255,0,0,0)</RPT_FORECOLOR>
          <RPT_BACKCOLOR>Transparent, ARGB(0,255,255,255)</RPT_BACKCOLOR>
          <RPT_BORDERS>None</RPT_BORDERS>
          <RPT_BORDERWIDTH>1</RPT_BORDERWIDTH>
          <RPT_BORDERCOLOR>Black, ARGB(255,0,0,0)</RPT_BORDERCOLOR>
          <RPT_ALIGNMENT>TopLeft</RPT_ALIGNMENT>
          <RPT_FONT>Courier New, 10pt</RPT_FONT>
          <RPT_WORDWRAP>False</RPT_WORDWRAP>
        </ReportLabel>
        <ReportAttribute>
          <RPT_TEXT_MODE>False</RPT_TEXT_MODE>
          <RPT_INTERNAL_NAME>Control76</RPT_INTERNAL_NAME>
          <RPT_ID>76</RPT_ID>
          <RPT_VISIBLE>True</RPT_VISIBLE>
          <ControlName>&amp;IntDsc</ControlName>
          <AttID>&amp;IntDsc</AttID>
          <AttType>5</AttType>
          <BaseAttType>5</BaseAttType>
          <PROP_EXT_BASE_ATT_COLLECTION>False</PROP_EXT_BASE_ATT_COLLECTION>
          <GxObjClass>1</GxObjClass>
          <isVariable>True</isVariable>
          <isAttribute>False</isAttribute>
          <ColCount>30</ColCount>
          <ControlType>Edit</ControlType>
          <IsEnumerated>False</IsEnumerated>
          <RowIndex>1</RowIndex>
          <ColIndex>1</ColIndex>
          <AttNumDim>0</AttNumDim>
          <AttCollection>False</AttCollection>
          <RPT_TEXT>Text</RPT_TEXT>
          <RPT_X>140</RPT_X>
          <RPT_Y>75</RPT_Y>
          <RPT_WIDTH>220</RPT_WIDTH>
          <RPT_WIDTH_Default>220</RPT_WIDTH_Default>
          <RPT_HEIGHT>18</RPT_HEIGHT>
          <RPT_HEIGHT_Default>18</RPT_HEIGHT_Default>
          <RPT_FORECOLOR>Black, ARGB(255,0,0,0)</RPT_FORECOLOR>
          <RPT_BACKCOLOR>White, ARGB(255,255,255,255)</RPT_BACKCOLOR>
          <RPT_BORDERS>None</RPT_BORDERS>
          <RPT_BORDERWIDTH>1</RPT_BORDERWIDTH>
          <RPT_BORDERCOLOR>Black, ARGB(255,0,0,0)</RPT_BORDERCOLOR>
          <RPT_ALIGNMENT>TopLeft</RPT_ALIGNMENT>
          <RPT_FONT>Courier New, 9pt, style=Bold</RPT_FONT>
          <GxFormat>Text</GxFormat>
          <RPT_WORDWRAP>False</RPT_WORDWRAP>
          <AttEditNameProtected>False</AttEditNameProtected>
          <IsStandardVariable>False</IsStandardVariable>
          <idIsAutoDefinedVariable>False</idIsAutoDefinedVariable>
          <AttEditDisableArrays>False</AttEditDisableArrays>
          <AttEditNewVariable>False</AttEditNewVariable>
          <AttEditDontAssign>False</AttEditDontAssign>
        </ReportAttribute>
        <ReportLabel>
          <RPT_TEXT_MODE>False</RPT_TEXT_MODE>
          <RPT_INTERNAL_NAME>Control77</RPT_INTERNAL_NAME>
          <RPT_ID>77</RPT_ID>
          <RPT_VISIBLE>True</RPT_VISIBLE>
          <RPT_TEXT>Marca Cliente:</RPT_TEXT>
          <RPT_X>386</RPT_X>
          <RPT_Y>75</RPT_Y>
          <RPT_WIDTH>118</RPT_WIDTH>
          <RPT_HEIGHT>18</RPT_HEIGHT>
          <RPT_FORECOLOR>Black, ARGB(255,0,0,0)</RPT_FORECOLOR>
          <RPT_BACKCOLOR>Transparent, ARGB(0,255,255,255)</RPT_BACKCOLOR>
          <RPT_BORDERS>None</RPT_BORDERS>
          <RPT_BORDERWIDTH>1</RPT_BORDERWIDTH>
          <RPT_BORDERCOLOR>Black, ARGB(255,0,0,0)</RPT_BORDERCOLOR>
          <RPT_ALIGNMENT>TopLeft</RPT_ALIGNMENT>
          <RPT_FONT>Courier New, 10pt</RPT_FONT>
          <RPT_WORDWRAP>False</RPT_WORDWRAP>
        </ReportLabel>
        <ReportAttribute>
          <RPT_TEXT_MODE>False</RPT_TEXT_MODE>
          <RPT_INTERNAL_NAME>Control78</RPT_INTERNAL_NAME>
          <RPT_ID>78</RPT_ID>
          <RPT_VISIBLE>True</RPT_VISIBLE>
          <ControlName>&amp;Marcadsc</ControlName>
          <AttID>&amp;Marcadsc</AttID>
          <AttType>5</AttType>
          <BaseAttType>5</BaseAttType>
          <PROP_EXT_BASE_ATT_COLLECTION>False</PROP_EXT_BASE_ATT_COLLECTION>
          <GxObjClass>1</GxObjClass>
          <isVariable>True</isVariable>
          <isAttribute>False</isAttribute>
          <ColCount>30</ColCount>
          <ControlType>Edit</ControlType>
          <IsEnumerated>False</IsEnumerated>
          <RowIndex>1</RowIndex>
          <ColIndex>1</ColIndex>
          <AttNumDim>0</AttNumDim>
          <AttCollection>False</AttCollection>
          <RPT_TEXT>Text</RPT_TEXT>
          <RPT_X>507</RPT_X>
          <RPT_Y>75</RPT_Y>
          <RPT_WIDTH>220</RPT_WIDTH>
          <RPT_WIDTH_Default>220</RPT_WIDTH_Default>
          <RPT_HEIGHT>17</RPT_HEIGHT>
          <RPT_HEIGHT_Default>17</RPT_HEIGHT_Default>
          <RPT_FORECOLOR>Black, ARGB(255,0,0,0)</RPT_FORECOLOR>
          <RPT_BACKCOLOR>White, ARGB(255,255,255,255)</RPT_BACKCOLOR>
          <RPT_BORDERS>None</RPT_BORDERS>
          <RPT_BORDERWIDTH>1</RPT_BORDERWIDTH>
          <RPT_BORDERCOLOR>Black, ARGB(255,0,0,0)</RPT_BORDERCOLOR>
          <RPT_ALIGNMENT>TopLeft</RPT_ALIGNMENT>
          <RPT_FONT>Courier New, 9pt</RPT_FONT>
          <GxFormat>Text</GxFormat>
          <RPT_WORDWRAP>False</RPT_WORDWRAP>
          <AttEditNameProtected>False</AttEditNameProtected>
          <IsStandardVariable>False</IsStandardVariable>
          <idIsAutoDefinedVariable>False</idIsAutoDefinedVariable>
          <AttEditDisableArrays>False</AttEditDisableArrays>
          <AttEditNewVariable>False</AttEditNewVariable>
          <AttEditDontAssign>False</AttEditDontAssign>
        </ReportAttribute>
        <ReportAttribute>
          <RPT_TEXT_MODE>False</RPT_TEXT_MODE>
          <RPT_INTERNAL_NAME>Control79</RPT_INTERNAL_NAME>
          <RPT_ID>79</RPT_ID>
          <RPT_VISIBLE>True</RPT_VISIBLE>
          <ControlName>BarOrdComp</ControlName>
          <AttID>BarOrdComp</AttID>
          <AttType>13</AttType>
          <BaseAttType>13</BaseAttType>
          <PROP_EXT_BASE_ATT_COLLECTION>False</PROP_EXT_BASE_ATT_COLLECTION>
          <GxObjClass>1</GxObjClass>
          <isVariable>False</isVariable>
          <isAttribute>True</isAttribute>
          <ColCount>200</ColCount>
          <ControlType>Edit</ControlType>
          <IsEnumerated>False</IsEnumerated>
          <RowIndex>1</RowIndex>
          <ColIndex>1</ColIndex>
          <AttNumDim>0</AttNumDim>
          <AttCollection>False</AttCollection>
          <RPT_TEXT>Text</RPT_TEXT>
          <RPT_X>90</RPT_X>
          <RPT_Y>135</RPT_Y>
          <RPT_WIDTH>672</RPT_WIDTH>
          <RPT_WIDTH_Default>1459</RPT_WIDTH_Default>
          <RPT_HEIGHT>17</RPT_HEIGHT>
          <RPT_HEIGHT_Default>17</RPT_HEIGHT_Default>
          <RPT_FORECOLOR>Black, ARGB(255,0,0,0)</RPT_FORECOLOR>
          <RPT_BACKCOLOR>White, ARGB(255,255,255,255)</RPT_BACKCOLOR>
          <RPT_BORDERS>None</RPT_BORDERS>
          <RPT_BORDERWIDTH>1</RPT_BORDERWIDTH>
          <RPT_BORDERCOLOR>Black, ARGB(255,0,0,0)</RPT_BORDERCOLOR>
          <RPT_ALIGNMENT>TopLeft</RPT_ALIGNMENT>
          <RPT_FONT>Courier New, 9pt</RPT_FONT>
          <GxFormat>Text</GxFormat>
          <RPT_WORDWRAP>False</RPT_WORDWRAP>
          <AttEditNameProtected>False</AttEditNameProtected>
          <IsStandardVariable>False</IsStandardVariable>
          <idIsAutoDefinedVariable>False</idIsAutoDefinedVariable>
          <AttEditDisableArrays>False</AttEditDisableArrays>
          <AttEditNewVariable>False</AttEditNewVariable>
          <AttEditDontAssign>False</AttEditDontAssign>
        </ReportAttribute>
        <ReportLabel>
          <RPT_TEXT_MODE>False</RPT_TEXT_MODE>
          <RPT_INTERNAL_NAME>Control80</RPT_INTERNAL_NAME>
          <RPT_ID>80</RPT_ID>
          <RPT_VISIBLE>True</RPT_VISIBLE>
          <RPT_TEXT>PO:</RPT_TEXT>
          <RPT_X>59</RPT_X>
          <RPT_Y>135</RPT_Y>
          <RPT_WIDTH>26</RPT_WIDTH>
          <RPT_HEIGHT>18</RPT_HEIGHT>
          <RPT_FORECOLOR>Black, ARGB(255,0,0,0)</RPT_FORECOLOR>
          <RPT_BACKCOLOR>Transparent, ARGB(0,255,255,255)</RPT_BACKCOLOR>
          <RPT_BORDERS>None</RPT_BORDERS>
          <RPT_BORDERWIDTH>1</RPT_BORDERWIDTH>
          <RPT_BORDERCOLOR>Black, ARGB(255,0,0,0)</RPT_BORDERCOLOR>
          <RPT_ALIGNMENT>TopLeft</RPT_ALIGNMENT>
          <RPT_FONT>Courier New, 10pt</RPT_FONT>
          <RPT_WORDWRAP>False</RPT_WORDWRAP>
        </ReportLabel>
        <ReportAttribute>
          <RPT_TEXT_MODE>False</RPT_TEXT_MODE>
          <RPT_INTERNAL_NAME>Control81</RPT_INTERNAL_NAME>
          <RPT_ID>81</RPT_ID>
          <RPT_VISIBLE>True</RPT_VISIBLE>
          <ControlName>&amp;Comp</ControlName>
          <AttID>&amp;Comp</AttID>
          <AttType>5</AttType>
          <BaseAttType>5</BaseAttType>
          <PROP_EXT_BASE_ATT_COLLECTION>False</PROP_EXT_BASE_ATT_COLLECTION>
          <GxObjClass>1</GxObjClass>
          <isVariable>True</isVariable>
          <isAttribute>False</isAttribute>
          <ColCount>25</ColCount>
          <ControlType>Edit</ControlType>
          <IsEnumerated>False</IsEnumerated>
          <RowIndex>1</RowIndex>
          <ColIndex>1</ColIndex>
          <AttNumDim>0</AttNumDim>
          <AttCollection>False</AttCollection>
          <RPT_TEXT>Text</RPT_TEXT>
          <RPT_X>507</RPT_X>
          <RPT_Y>94</RPT_Y>
          <RPT_WIDTH>209</RPT_WIDTH>
          <RPT_WIDTH_Default>209</RPT_WIDTH_Default>
          <RPT_HEIGHT>18</RPT_HEIGHT>
          <RPT_HEIGHT_Default>18</RPT_HEIGHT_Default>
          <RPT_FORECOLOR>Black, ARGB(255,0,0,0)</RPT_FORECOLOR>
          <RPT_BACKCOLOR>White, ARGB(255,255,255,255)</RPT_BACKCOLOR>
          <RPT_BORDERS>None</RPT_BORDERS>
          <RPT_BORDERWIDTH>1</RPT_BORDERWIDTH>
          <RPT_BORDERCOLOR>Black, ARGB(255,0,0,0)</RPT_BORDERCOLOR>
          <RPT_ALIGNMENT>TopLeft</RPT_ALIGNMENT>
          <RPT_FONT>Courier New, 10pt</RPT_FONT>
          <GxFormat>Text</GxFormat>
          <RPT_WORDWRAP>False</RPT_WORDWRAP>
          <AttEditNameProtected>False</AttEditNameProtected>
          <IsStandardVariable>False</IsStandardVariable>
          <idIsAutoDefinedVariable>False</idIsAutoDefinedVariable>
          <AttEditDisableArrays>False</AttEditDisableArrays>
          <AttEditNewVariable>False</AttEditNewVariable>
          <AttEditDontAssign>False</AttEditDontAssign>
        </ReportAttribute>
      </Controls>
      <Properties>
        <RPT_TEXT_MODE>False</RPT_TEXT_MODE>
        <RPT_INTERNAL_NAME>Header_1</RPT_INTERNAL_NAME>
        <RPT_ID>35</RPT_ID>
        <RPT_VISIBLE>True</RPT_VISIBLE>
        <RPT_TEXT>Text</RPT_TEXT>
        <RPT_X>74</RPT_X>
        <RPT_Y>1153</RPT_Y>
        <RPT_WIDTH>856</RPT_WIDTH>
        <RPT_HEIGHT>156</RPT_HEIGHT>
      </Properties>
    </PrintBlock>
    <PrintBlock>
      <Controls>
        <ReportLabel>
          <RPT_TEXT_MODE>False</RPT_TEXT_MODE>
          <RPT_INTERNAL_NAME>Control83</RPT_INTERNAL_NAME>
          <RPT_ID>83</RPT_ID>
          <RPT_VISIBLE>True</RPT_VISIBLE>
          <RPT_TEXT>Entrada</RPT_TEXT>
          <RPT_X>59</RPT_X>
          <RPT_Y>5</RPT_Y>
          <RPT_WIDTH>59</RPT_WIDTH>
          <RPT_HEIGHT>17</RPT_HEIGHT>
          <RPT_FORECOLOR>Black, ARGB(255,0,0,0)</RPT_FORECOLOR>
          <RPT_BACKCOLOR>Transparent, ARGB(0,255,255,255)</RPT_BACKCOLOR>
          <RPT_BORDERS>None</RPT_BORDERS>
          <RPT_BORDERWIDTH>1</RPT_BORDERWIDTH>
          <RPT_BORDERCOLOR>Black, ARGB(255,0,0,0)</RPT_BORDERCOLOR>
          <RPT_ALIGNMENT>TopLeft</RPT_ALIGNMENT>
          <RPT_FONT>Courier New, 10pt, style=Bold</RPT_FONT>
          <RPT_WORDWRAP>False</RPT_WORDWRAP>
        </ReportLabel>
        <ReportRectangle>
          <RPT_TEXT_MODE>False</RPT_TEXT_MODE>
          <RPT_INTERNAL_NAME>Control84</RPT_INTERNAL_NAME>
          <RPT_ID>84</RPT_ID>
          <RPT_VISIBLE>True</RPT_VISIBLE>
          <RPT_X>51</RPT_X>
          <RPT_Y>0</RPT_Y>
          <RPT_WIDTH>423</RPT_WIDTH>
          <RPT_HEIGHT>27</RPT_HEIGHT>
          <RPT_FORECOLOR>Black, ARGB(255,0,0,0)</RPT_FORECOLOR>
          <RPT_BACKCOLOR>Transparent, ARGB(0,255,255,255)</RPT_BACKCOLOR>
          <RPT_BORDERS>All</RPT_BORDERS>
          <RPT_BORDERWIDTH>1</RPT_BORDERWIDTH>
          <RPT_BORDERCOLOR>Black, ARGB(255,0,0,0)</RPT_BORDERCOLOR>
          <RPT_STYLE>Solid</RPT_STYLE>
          <RPT_STYLE_TOP>Solid</RPT_STYLE_TOP>
          <RPT_STYLE_RIGHT>Solid</RPT_STYLE_RIGHT>
          <RPT_STYLE_BOTTOM>Solid</RPT_STYLE_BOTTOM>
          <RPT_STYLE_LEFT>Solid</RPT_STYLE_LEFT>
          <RPT_ALIGNMENT>TopLeft</RPT_ALIGNMENT>
          <RPT_CORNER_RADIUS>0</RPT_CORNER_RADIUS>
          <RPT_CORNER_RADIUS_TOPLEFT>0</RPT_CORNER_RADIUS_TOPLEFT>
          <RPT_CORNER_RADIUS_TOPRIGHT>0</RPT_CORNER_RADIUS_TOPRIGHT>
          <RPT_CORNER_RADIUS_BOTTOMLEFT>0</RPT_CORNER_RADIUS_BOTTOMLEFT>
          <RPT_CORNER_RADIUS_BOTTOMRIGHT>0</RPT_CORNER_RADIUS_BOTTOMRIGHT>
        </ReportRectangle>
        <ReportLabel>
          <RPT_TEXT_MODE>False</RPT_TEXT_MODE>
          <RPT_INTERNAL_NAME>Control85</RPT_INTERNAL_NAME>
          <RPT_ID>85</RPT_ID>
          <RPT_VISIBLE>True</RPT_VISIBLE>
          <RPT_TEXT>(Kg)</RPT_TEXT>
          <RPT_X>73</RPT_X>
          <RPT_Y>31</RPT_Y>
          <RPT_WIDTH>30</RPT_WIDTH>
          <RPT_HEIGHT>15</RPT_HEIGHT>
          <RPT_FORECOLOR>Black, ARGB(255,0,0,0)</RPT_FORECOLOR>
          <RPT_BACKCOLOR>Transparent, ARGB(0,255,255,255)</RPT_BACKCOLOR>
          <RPT_BORDERS>None</RPT_BORDERS>
          <RPT_BORDERWIDTH>1</RPT_BORDERWIDTH>
          <RPT_BORDERCOLOR>Black, ARGB(255,0,0,0)</RPT_BORDERCOLOR>
          <RPT_ALIGNMENT>TopLeft</RPT_ALIGNMENT>
          <RPT_FONT>Courier New, 8pt</RPT_FONT>
          <RPT_WORDWRAP>False</RPT_WORDWRAP>
        </ReportLabel>
        <ReportLabel>
          <RPT_TEXT_MODE>False</RPT_TEXT_MODE>
          <RPT_INTERNAL_NAME>Control86</RPT_INTERNAL_NAME>
          <RPT_ID>86</RPT_ID>
          <RPT_VISIBLE>True</RPT_VISIBLE>
          <RPT_TEXT>Peças</RPT_TEXT>
          <RPT_X>143</RPT_X>
          <RPT_Y>31</RPT_Y>
          <RPT_WIDTH>37</RPT_WIDTH>
          <RPT_HEIGHT>15</RPT_HEIGHT>
          <RPT_FORECOLOR>Black, ARGB(255,0,0,0)</RPT_FORECOLOR>
          <RPT_BACKCOLOR>Transparent, ARGB(0,255,255,255)</RPT_BACKCOLOR>
          <RPT_BORDERS>None</RPT_BORDERS>
          <RPT_BORDERWIDTH>1</RPT_BORDERWIDTH>
          <RPT_BORDERCOLOR>Black, ARGB(255,0,0,0)</RPT_BORDERCOLOR>
          <RPT_ALIGNMENT>TopLeft</RPT_ALIGNMENT>
          <RPT_FONT>Courier New, 8pt</RPT_FONT>
          <RPT_WORDWRAP>False</RPT_WORDWRAP>
        </ReportLabel>
        <ReportLine>
          <RPT_TEXT_MODE>False</RPT_TEXT_MODE>
          <RPT_INTERNAL_NAME>Control87</RPT_INTERNAL_NAME>
          <RPT_ID>87</RPT_ID>
          <RPT_VISIBLE>True</RPT_VISIBLE>
          <RPT_X>131</RPT_X>
          <RPT_Y>26</RPT_Y>
          <RPT_WIDTH>1</RPT_WIDTH>
          <RPT_HEIGHT>21</RPT_HEIGHT>
          <RPT_FORECOLOR>Black, ARGB(255,0,0,0)</RPT_FORECOLOR>
          <RPT_LINEDIRECTION>Vertical</RPT_LINEDIRECTION>
          <RPT_LINEWIDTH>1</RPT_LINEWIDTH>
          <RPT_STYLE_LINE>Solid</RPT_STYLE_LINE>
          <RPT_ALIGNMENT>TopLeft</RPT_ALIGNMENT>
        </ReportLine>
        <ReportLine>
          <RPT_TEXT_MODE>False</RPT_TEXT_MODE>
          <RPT_INTERNAL_NAME>Control88</RPT_INTERNAL_NAME>
          <RPT_ID>88</RPT_ID>
          <RPT_VISIBLE>True</RPT_VISIBLE>
          <RPT_X>51</RPT_X>
          <RPT_Y>26</RPT_Y>
          <RPT_WIDTH>708</RPT_WIDTH>
          <RPT_HEIGHT>1</RPT_HEIGHT>
          <RPT_FORECOLOR>Black, ARGB(255,0,0,0)</RPT_FORECOLOR>
          <RPT_LINEDIRECTION>Horizontal</RPT_LINEDIRECTION>
          <RPT_LINEWIDTH>1</RPT_LINEWIDTH>
          <RPT_STYLE_LINE>Solid</RPT_STYLE_LINE>
          <RPT_ALIGNMENT>TopLeft</RPT_ALIGNMENT>
        </ReportLine>
        <ReportLine>
          <RPT_TEXT_MODE>False</RPT_TEXT_MODE>
          <RPT_INTERNAL_NAME>Control89</RPT_INTERNAL_NAME>
          <RPT_ID>89</RPT_ID>
          <RPT_VISIBLE>True</RPT_VISIBLE>
          <RPT_X>51</RPT_X>
          <RPT_Y>47</RPT_Y>
          <RPT_WIDTH>708</RPT_WIDTH>
          <RPT_HEIGHT>1</RPT_HEIGHT>
          <RPT_FORECOLOR>Black, ARGB(255,0,0,0)</RPT_FORECOLOR>
          <RPT_LINEDIRECTION>Horizontal</RPT_LINEDIRECTION>
          <RPT_LINEWIDTH>1</RPT_LINEWIDTH>
          <RPT_STYLE_LINE>Solid</RPT_STYLE_LINE>
          <RPT_ALIGNMENT>TopLeft</RPT_ALIGNMENT>
        </ReportLine>
        <ReportLine>
          <RPT_TEXT_MODE>False</RPT_TEXT_MODE>
          <RPT_INTERNAL_NAME>Control90</RPT_INTERNAL_NAME>
          <RPT_ID>90</RPT_ID>
          <RPT_VISIBLE>True</RPT_VISIBLE>
          <RPT_X>190</RPT_X>
          <RPT_Y>26</RPT_Y>
          <RPT_WIDTH>1</RPT_WIDTH>
          <RPT_HEIGHT>21</RPT_HEIGHT>
          <RPT_FORECOLOR>Black, ARGB(255,0,0,0)</RPT_FORECOLOR>
          <RPT_LINEDIRECTION>Vertical</RPT_LINEDIRECTION>
          <RPT_LINEWIDTH>1</RPT_LINEWIDTH>
          <RPT_STYLE_LINE>Solid</RPT_STYLE_LINE>
          <RPT_ALIGNMENT>TopLeft</RPT_ALIGNMENT>
        </ReportLine>
        <ReportLabel>
          <RPT_TEXT_MODE>False</RPT_TEXT_MODE>
          <RPT_INTERNAL_NAME>Control91</RPT_INTERNAL_NAME>
          <RPT_ID>91</RPT_ID>
          <RPT_VISIBLE>True</RPT_VISIBLE>
          <RPT_TEXT>Localização</RPT_TEXT>
          <RPT_X>197</RPT_X>
          <RPT_Y>31</RPT_Y>
          <RPT_WIDTH>81</RPT_WIDTH>
          <RPT_HEIGHT>15</RPT_HEIGHT>
          <RPT_FORECOLOR>Black, ARGB(255,0,0,0)</RPT_FORECOLOR>
          <RPT_BACKCOLOR>Transparent, ARGB(0,255,255,255)</RPT_BACKCOLOR>
          <RPT_BORDERS>None</RPT_BORDERS>
          <RPT_BORDERWIDTH>1</RPT_BORDERWIDTH>
          <RPT_BORDERCOLOR>Black, ARGB(255,0,0,0)</RPT_BORDERCOLOR>
          <RPT_ALIGNMENT>TopLeft</RPT_ALIGNMENT>
          <RPT_FONT>Courier New, 8pt</RPT_FONT>
          <RPT_WORDWRAP>False</RPT_WORDWRAP>
        </ReportLabel>
        <ReportLabel>
          <RPT_TEXT_MODE>False</RPT_TEXT_MODE>
          <RPT_INTERNAL_NAME>Control92</RPT_INTERNAL_NAME>
          <RPT_ID>92</RPT_ID>
          <RPT_VISIBLE>True</RPT_VISIBLE>
          <RPT_TEXT>Data</RPT_TEXT>
          <RPT_X>303</RPT_X>
          <RPT_Y>31</RPT_Y>
          <RPT_WIDTH>30</RPT_WIDTH>
          <RPT_HEIGHT>15</RPT_HEIGHT>
          <RPT_FORECOLOR>Black, ARGB(255,0,0,0)</RPT_FORECOLOR>
          <RPT_BACKCOLOR>Transparent, ARGB(0,255,255,255)</RPT_BACKCOLOR>
          <RPT_BORDERS>None</RPT_BORDERS>
          <RPT_BORDERWIDTH>1</RPT_BORDERWIDTH>
          <RPT_BORDERCOLOR>Black, ARGB(255,0,0,0)</RPT_BORDERCOLOR>
          <RPT_ALIGNMENT>TopLeft</RPT_ALIGNMENT>
          <RPT_FONT>Courier New, 8pt</RPT_FONT>
          <RPT_WORDWRAP>False</RPT_WORDWRAP>
        </ReportLabel>
        <ReportLine>
          <RPT_TEXT_MODE>False</RPT_TEXT_MODE>
          <RPT_INTERNAL_NAME>Control93</RPT_INTERNAL_NAME>
          <RPT_ID>93</RPT_ID>
          <RPT_VISIBLE>True</RPT_VISIBLE>
          <RPT_X>284</RPT_X>
          <RPT_Y>26</RPT_Y>
          <RPT_WIDTH>1</RPT_WIDTH>
          <RPT_HEIGHT>21</RPT_HEIGHT>
          <RPT_FORECOLOR>Black, ARGB(255,0,0,0)</RPT_FORECOLOR>
          <RPT_LINEDIRECTION>Vertical</RPT_LINEDIRECTION>
          <RPT_LINEWIDTH>1</RPT_LINEWIDTH>
          <RPT_STYLE_LINE>Solid</RPT_STYLE_LINE>
          <RPT_ALIGNMENT>TopLeft</RPT_ALIGNMENT>
        </ReportLine>
        <ReportLine>
          <RPT_TEXT_MODE>False</RPT_TEXT_MODE>
          <RPT_INTERNAL_NAME>Control94</RPT_INTERNAL_NAME>
          <RPT_ID>94</RPT_ID>
          <RPT_VISIBLE>True</RPT_VISIBLE>
          <RPT_X>134</RPT_X>
          <RPT_Y>0</RPT_Y>
          <RPT_WIDTH>1</RPT_WIDTH>
          <RPT_HEIGHT>26</RPT_HEIGHT>
          <RPT_FORECOLOR>Black, ARGB(255,0,0,0)</RPT_FORECOLOR>
          <RPT_LINEDIRECTION>Vertical</RPT_LINEDIRECTION>
          <RPT_LINEWIDTH>1</RPT_LINEWIDTH>
          <RPT_STYLE_LINE>Solid</RPT_STYLE_LINE>
          <RPT_ALIGNMENT>TopLeft</RPT_ALIGNMENT>
        </ReportLine>
        <ReportAttribute>
          <RPT_TEXT_MODE>False</RPT_TEXT_MODE>
          <RPT_INTERNAL_NAME>Control95</RPT_INTERNAL_NAME>
          <RPT_ID>95</RPT_ID>
          <RPT_VISIBLE>True</RPT_VISIBLE>
          <ControlName>BarKgm</ControlName>
          <AttID>BarKgm</AttID>
          <AttType>4</AttType>
          <BaseAttType>4</BaseAttType>
          <PROP_EXT_BASE_ATT_COLLECTION>False</PROP_EXT_BASE_ATT_COLLECTION>
          <GxObjClass>1</GxObjClass>
          <isVariable>False</isVariable>
          <isAttribute>True</isAttribute>
          <ColCount>9</ColCount>
          <ControlType>Edit</ControlType>
          <IsEnumerated>False</IsEnumerated>
          <RowIndex>1</RowIndex>
          <ColIndex>1</ColIndex>
          <AttNumDim>0</AttNumDim>
          <AttCollection>False</AttCollection>
          <RPT_TEXT>Text</RPT_TEXT>
          <RPT_X>185</RPT_X>
          <RPT_Y>4</RPT_Y>
          <RPT_WIDTH>95</RPT_WIDTH>
          <RPT_WIDTH_Default>95</RPT_WIDTH_Default>
          <RPT_HEIGHT>20</RPT_HEIGHT>
          <RPT_HEIGHT_Default>20</RPT_HEIGHT_Default>
          <RPT_FORECOLOR>Black, ARGB(255,0,0,0)</RPT_FORECOLOR>
          <RPT_BACKCOLOR>White, ARGB(255,255,255,255)</RPT_BACKCOLOR>
          <RPT_BORDERS>None</RPT_BORDERS>
          <RPT_BORDERWIDTH>1</RPT_BORDERWIDTH>
          <RPT_BORDERCOLOR>Black, ARGB(255,0,0,0)</RPT_BORDERCOLOR>
          <RPT_ALIGNMENT>TopRight</RPT_ALIGNMENT>
          <RPT_FONT>Courier New, 12pt, style=Bold</RPT_FONT>
          <GxFormat>Text</GxFormat>
          <RPT_WORDWRAP>False</RPT_WORDWRAP>
          <AttEditNameProtected>False</AttEditNameProtected>
          <IsStandardVariable>False</IsStandardVariable>
          <idIsAutoDefinedVariable>False</idIsAutoDefinedVariable>
          <AttEditDisableArrays>False</AttEditDisableArrays>
          <AttEditNewVariable>False</AttEditNewVariable>
          <AttEditDontAssign>False</AttEditDontAssign>
        </ReportAttribute>
        <ReportAttribute>
          <RPT_TEXT_MODE>False</RPT_TEXT_MODE>
          <RPT_INTERNAL_NAME>Control96</RPT_INTERNAL_NAME>
          <RPT_ID>96</RPT_ID>
          <RPT_VISIBLE>True</RPT_VISIBLE>
          <ControlName>BarPie</ControlName>
          <AttID>BarPie</AttID>
          <AttType>4</AttType>
          <BaseAttType>4</BaseAttType>
          <PROP_EXT_BASE_ATT_COLLECTION>False</PROP_EXT_BASE_ATT_COLLECTION>
          <GxObjClass>1</GxObjClass>
          <isVariable>False</isVariable>
          <isAttribute>True</isAttribute>
          <ColCount>6</ColCount>
          <ControlType>Edit</ControlType>
          <IsEnumerated>False</IsEnumerated>
          <RowIndex>1</RowIndex>
          <ColIndex>1</ColIndex>
          <AttNumDim>0</AttNumDim>
          <AttCollection>False</AttCollection>
          <RPT_TEXT>Text</RPT_TEXT>
          <RPT_X>283</RPT_X>
          <RPT_Y>4</RPT_Y>
          <RPT_WIDTH>64</RPT_WIDTH>
          <RPT_WIDTH_Default>64</RPT_WIDTH_Default>
          <RPT_HEIGHT>20</RPT_HEIGHT>
          <RPT_HEIGHT_Default>20</RPT_HEIGHT_Default>
          <RPT_FORECOLOR>Black, ARGB(255,0,0,0)</RPT_FORECOLOR>
          <RPT_BACKCOLOR>White, ARGB(255,255,255,255)</RPT_BACKCOLOR>
          <RPT_BORDERS>None</RPT_BORDERS>
          <RPT_BORDERWIDTH>1</RPT_BORDERWIDTH>
          <RPT_BORDERCOLOR>Black, ARGB(255,0,0,0)</RPT_BORDERCOLOR>
          <RPT_ALIGNMENT>TopRight</RPT_ALIGNMENT>
          <RPT_FONT>Courier New, 12pt, style=Bold</RPT_FONT>
          <GxFormat>Text</GxFormat>
          <RPT_WORDWRAP>False</RPT_WORDWRAP>
          <AttEditNameProtected>False</AttEditNameProtected>
          <IsStandardVariable>False</IsStandardVariable>
          <idIsAutoDefinedVariable>False</idIsAutoDefinedVariable>
          <AttEditDisableArrays>False</AttEditDisableArrays>
          <AttEditNewVariable>False</AttEditNewVariable>
          <AttEditDontAssign>False</AttEditDontAssign>
        </ReportAttribute>
        <ReportLabel>
          <RPT_TEXT_MODE>False</RPT_TEXT_MODE>
          <RPT_INTERNAL_NAME>Control97</RPT_INTERNAL_NAME>
          <RPT_ID>97</RPT_ID>
          <RPT_VISIBLE>True</RPT_VISIBLE>
          <RPT_TEXT>Total</RPT_TEXT>
          <RPT_X>141</RPT_X>
          <RPT_Y>5</RPT_Y>
          <RPT_WIDTH>43</RPT_WIDTH>
          <RPT_HEIGHT>17</RPT_HEIGHT>
          <RPT_FORECOLOR>Black, ARGB(255,0,0,0)</RPT_FORECOLOR>
          <RPT_BACKCOLOR>Transparent, ARGB(0,255,255,255)</RPT_BACKCOLOR>
          <RPT_BORDERS>None</RPT_BORDERS>
          <RPT_BORDERWIDTH>1</RPT_BORDERWIDTH>
          <RPT_BORDERCOLOR>Black, ARGB(255,0,0,0)</RPT_BORDERCOLOR>
          <RPT_ALIGNMENT>TopLeft</RPT_ALIGNMENT>
          <RPT_FONT>Courier New, 10pt, style=Bold</RPT_FONT>
          <RPT_WORDWRAP>False</RPT_WORDWRAP>
        </ReportLabel>
        <ReportLine>
          <RPT_TEXT_MODE>False</RPT_TEXT_MODE>
          <RPT_INTERNAL_NAME>Control98</RPT_INTERNAL_NAME>
          <RPT_ID>98</RPT_ID>
          <RPT_VISIBLE>True</RPT_VISIBLE>
          <RPT_X>351</RPT_X>
          <RPT_Y>0</RPT_Y>
          <RPT_WIDTH>1</RPT_WIDTH>
          <RPT_HEIGHT>27</RPT_HEIGHT>
          <RPT_FORECOLOR>Black, ARGB(255,0,0,0)</RPT_FORECOLOR>
          <RPT_LINEDIRECTION>Vertical</RPT_LINEDIRECTION>
          <RPT_LINEWIDTH>1</RPT_LINEWIDTH>
          <RPT_STYLE_LINE>Solid</RPT_STYLE_LINE>
          <RPT_ALIGNMENT>TopLeft</RPT_ALIGNMENT>
        </ReportLine>
        <ReportLabel>
          <RPT_TEXT_MODE>False</RPT_TEXT_MODE>
          <RPT_INTERNAL_NAME>Control99</RPT_INTERNAL_NAME>
          <RPT_ID>99</RPT_ID>
          <RPT_VISIBLE>True</RPT_VISIBLE>
          <RPT_TEXT>Lote</RPT_TEXT>
          <RPT_X>418</RPT_X>
          <RPT_Y>31</RPT_Y>
          <RPT_WIDTH>30</RPT_WIDTH>
          <RPT_HEIGHT>15</RPT_HEIGHT>
          <RPT_FORECOLOR>Black, ARGB(255,0,0,0)</RPT_FORECOLOR>
          <RPT_BACKCOLOR>Transparent, ARGB(0,255,255,255)</RPT_BACKCOLOR>
          <RPT_BORDERS>None</RPT_BORDERS>
          <RPT_BORDERWIDTH>1</RPT_BORDERWIDTH>
          <RPT_BORDERCOLOR>Black, ARGB(255,0,0,0)</RPT_BORDERCOLOR>
          <RPT_ALIGNMENT>TopLeft</RPT_ALIGNMENT>
          <RPT_FONT>Courier New, 8pt, style=Bold</RPT_FONT>
          <RPT_WORDWRAP>False</RPT_WORDWRAP>
        </ReportLabel>
        <ReportLabel>
          <RPT_TEXT_MODE>False</RPT_TEXT_MODE>
          <RPT_INTERNAL_NAME>Control100</RPT_INTERNAL_NAME>
          <RPT_ID>100</RPT_ID>
          <RPT_VISIBLE>True</RPT_VISIBLE>
          <RPT_TEXT>Jogo</RPT_TEXT>
          <RPT_X>573</RPT_X>
          <RPT_Y>31</RPT_Y>
          <RPT_WIDTH>30</RPT_WIDTH>
          <RPT_HEIGHT>15</RPT_HEIGHT>
          <RPT_FORECOLOR>Black, ARGB(255,0,0,0)</RPT_FORECOLOR>
          <RPT_BACKCOLOR>Transparent, ARGB(0,255,255,255)</RPT_BACKCOLOR>
          <RPT_BORDERS>None</RPT_BORDERS>
          <RPT_BORDERWIDTH>1</RPT_BORDERWIDTH>
          <RPT_BORDERCOLOR>Black, ARGB(255,0,0,0)</RPT_BORDERCOLOR>
          <RPT_ALIGNMENT>TopLeft</RPT_ALIGNMENT>
          <RPT_FONT>Courier New, 8pt, style=Bold</RPT_FONT>
          <RPT_WORDWRAP>False</RPT_WORDWRAP>
        </ReportLabel>
        <ReportLabel>
          <RPT_TEXT_MODE>False</RPT_TEXT_MODE>
          <RPT_INTERNAL_NAME>Control101</RPT_INTERNAL_NAME>
          <RPT_ID>101</RPT_ID>
          <RPT_VISIBLE>True</RPT_VISIBLE>
          <RPT_TEXT>Fio</RPT_TEXT>
          <RPT_X>526</RPT_X>
          <RPT_Y>31</RPT_Y>
          <RPT_WIDTH>23</RPT_WIDTH>
          <RPT_HEIGHT>15</RPT_HEIGHT>
          <RPT_FORECOLOR>Black, ARGB(255,0,0,0)</RPT_FORECOLOR>
          <RPT_BACKCOLOR>Transparent, ARGB(0,255,255,255)</RPT_BACKCOLOR>
          <RPT_BORDERS>None</RPT_BORDERS>
          <RPT_BORDERWIDTH>1</RPT_BORDERWIDTH>
          <RPT_BORDERCOLOR>Black, ARGB(255,0,0,0)</RPT_BORDERCOLOR>
          <RPT_ALIGNMENT>TopLeft</RPT_ALIGNMENT>
          <RPT_FONT>Courier New, 8pt, style=Bold</RPT_FONT>
          <RPT_WORDWRAP>False</RPT_WORDWRAP>
        </ReportLabel>
        <ReportLabel>
          <RPT_TEXT_MODE>False</RPT_TEXT_MODE>
          <RPT_INTERNAL_NAME>Control102</RPT_INTERNAL_NAME>
          <RPT_ID>102</RPT_ID>
          <RPT_VISIBLE>True</RPT_VISIBLE>
          <RPT_TEXT>"</RPT_TEXT>
          <RPT_X>620</RPT_X>
          <RPT_Y>31</RPT_Y>
          <RPT_WIDTH>8</RPT_WIDTH>
          <RPT_HEIGHT>15</RPT_HEIGHT>
          <RPT_FORECOLOR>Black, ARGB(255,0,0,0)</RPT_FORECOLOR>
          <RPT_BACKCOLOR>Transparent, ARGB(0,255,255,255)</RPT_BACKCOLOR>
          <RPT_BORDERS>None</RPT_BORDERS>
          <RPT_BORDERWIDTH>1</RPT_BORDERWIDTH>
          <RPT_BORDERCOLOR>Black, ARGB(255,0,0,0)</RPT_BORDERCOLOR>
          <RPT_ALIGNMENT>TopLeft</RPT_ALIGNMENT>
          <RPT_FONT>Courier New, 8pt, style=Bold</RPT_FONT>
          <RPT_WORDWRAP>False</RPT_WORDWRAP>
        </ReportLabel>
        <ReportLabel>
          <RPT_TEXT_MODE>False</RPT_TEXT_MODE>
          <RPT_INTERNAL_NAME>Control103</RPT_INTERNAL_NAME>
          <RPT_ID>103</RPT_ID>
          <RPT_VISIBLE>True</RPT_VISIBLE>
          <RPT_TEXT>Maquina</RPT_TEXT>
          <RPT_X>700</RPT_X>
          <RPT_Y>31</RPT_Y>
          <RPT_WIDTH>52</RPT_WIDTH>
          <RPT_HEIGHT>15</RPT_HEIGHT>
          <RPT_FORECOLOR>Black, ARGB(255,0,0,0)</RPT_FORECOLOR>
          <RPT_BACKCOLOR>Transparent, ARGB(0,255,255,255)</RPT_BACKCOLOR>
          <RPT_BORDERS>None</RPT_BORDERS>
          <RPT_BORDERWIDTH>1</RPT_BORDERWIDTH>
          <RPT_BORDERCOLOR>Black, ARGB(255,0,0,0)</RPT_BORDERCOLOR>
          <RPT_ALIGNMENT>TopLeft</RPT_ALIGNMENT>
          <RPT_FONT>Courier New, 8pt, style=Bold</RPT_FONT>
          <RPT_WORDWRAP>False</RPT_WORDWRAP>
        </ReportLabel>
        <ReportLabel>
          <RPT_TEXT_MODE>False</RPT_TEXT_MODE>
          <RPT_INTERNAL_NAME>Control104</RPT_INTERNAL_NAME>
          <RPT_ID>104</RPT_ID>
          <RPT_VISIBLE>True</RPT_VISIBLE>
          <RPT_TEXT>LFA</RPT_TEXT>
          <RPT_X>652</RPT_X>
          <RPT_Y>31</RPT_Y>
          <RPT_WIDTH>23</RPT_WIDTH>
          <RPT_HEIGHT>15</RPT_HEIGHT>
          <RPT_FORECOLOR>Black, ARGB(255,0,0,0)</RPT_FORECOLOR>
          <RPT_BACKCOLOR>Transparent, ARGB(0,255,255,255)</RPT_BACKCOLOR>
          <RPT_BORDERS>None</RPT_BORDERS>
          <RPT_BORDERWIDTH>1</RPT_BORDERWIDTH>
          <RPT_BORDERCOLOR>Black, ARGB(255,0,0,0)</RPT_BORDERCOLOR>
          <RPT_ALIGNMENT>TopLeft</RPT_ALIGNMENT>
          <RPT_FONT>Courier New, 8pt, style=Bold</RPT_FONT>
          <RPT_WORDWRAP>False</RPT_WORDWRAP>
        </ReportLabel>
        <ReportLine>
          <RPT_TEXT_MODE>False</RPT_TEXT_MODE>
          <RPT_INTERNAL_NAME>Control105</RPT_INTERNAL_NAME>
          <RPT_ID>105</RPT_ID>
          <RPT_VISIBLE>True</RPT_VISIBLE>
          <RPT_X>350</RPT_X>
          <RPT_Y>26</RPT_Y>
          <RPT_WIDTH>1</RPT_WIDTH>
          <RPT_HEIGHT>21</RPT_HEIGHT>
          <RPT_FORECOLOR>Black, ARGB(255,0,0,0)</RPT_FORECOLOR>
          <RPT_LINEDIRECTION>Vertical</RPT_LINEDIRECTION>
          <RPT_LINEWIDTH>1</RPT_LINEWIDTH>
          <RPT_STYLE_LINE>Solid</RPT_STYLE_LINE>
          <RPT_ALIGNMENT>TopLeft</RPT_ALIGNMENT>
        </ReportLine>
        <ReportLine>
          <RPT_TEXT_MODE>False</RPT_TEXT_MODE>
          <RPT_INTERNAL_NAME>Control106</RPT_INTERNAL_NAME>
          <RPT_ID>106</RPT_ID>
          <RPT_VISIBLE>True</RPT_VISIBLE>
          <RPT_X>510</RPT_X>
          <RPT_Y>26</RPT_Y>
          <RPT_WIDTH>1</RPT_WIDTH>
          <RPT_HEIGHT>21</RPT_HEIGHT>
          <RPT_FORECOLOR>Black, ARGB(255,0,0,0)</RPT_FORECOLOR>
          <RPT_LINEDIRECTION>Vertical</RPT_LINEDIRECTION>
          <RPT_LINEWIDTH>1</RPT_LINEWIDTH>
          <RPT_STYLE_LINE>Solid</RPT_STYLE_LINE>
          <RPT_ALIGNMENT>TopLeft</RPT_ALIGNMENT>
        </ReportLine>
        <ReportLine>
          <RPT_TEXT_MODE>False</RPT_TEXT_MODE>
          <RPT_INTERNAL_NAME>Control107</RPT_INTERNAL_NAME>
          <RPT_ID>107</RPT_ID>
          <RPT_VISIBLE>True</RPT_VISIBLE>
          <RPT_X>563</RPT_X>
          <RPT_Y>26</RPT_Y>
          <RPT_WIDTH>1</RPT_WIDTH>
          <RPT_HEIGHT>21</RPT_HEIGHT>
          <RPT_FORECOLOR>Black, ARGB(255,0,0,0)</RPT_FORECOLOR>
          <RPT_LINEDIRECTION>Vertical</RPT_LINEDIRECTION>
          <RPT_LINEWIDTH>1</RPT_LINEWIDTH>
          <RPT_STYLE_LINE>Solid</RPT_STYLE_LINE>
          <RPT_ALIGNMENT>TopLeft</RPT_ALIGNMENT>
        </ReportLine>
        <ReportLine>
          <RPT_TEXT_MODE>False</RPT_TEXT_MODE>
          <RPT_INTERNAL_NAME>Control108</RPT_INTERNAL_NAME>
          <RPT_ID>108</RPT_ID>
          <RPT_VISIBLE>True</RPT_VISIBLE>
          <RPT_X>609</RPT_X>
          <RPT_Y>26</RPT_Y>
          <RPT_WIDTH>1</RPT_WIDTH>
          <RPT_HEIGHT>21</RPT_HEIGHT>
          <RPT_FORECOLOR>Black, ARGB(255,0,0,0)</RPT_FORECOLOR>
          <RPT_LINEDIRECTION>Vertical</RPT_LINEDIRECTION>
          <RPT_LINEWIDTH>1</RPT_LINEWIDTH>
          <RPT_STYLE_LINE>Solid</RPT_STYLE_LINE>
          <RPT_ALIGNMENT>TopLeft</RPT_ALIGNMENT>
        </ReportLine>
        <ReportLine>
          <RPT_TEXT_MODE>False</RPT_TEXT_MODE>
          <RPT_INTERNAL_NAME>Control109</RPT_INTERNAL_NAME>
          <RPT_ID>109</RPT_ID>
          <RPT_VISIBLE>True</RPT_VISIBLE>
          <RPT_X>634</RPT_X>
          <RPT_Y>26</RPT_Y>
          <RPT_WIDTH>1</RPT_WIDTH>
          <RPT_HEIGHT>21</RPT_HEIGHT>
          <RPT_FORECOLOR>Black, ARGB(255,0,0,0)</RPT_FORECOLOR>
          <RPT_LINEDIRECTION>Vertical</RPT_LINEDIRECTION>
          <RPT_LINEWIDTH>1</RPT_LINEWIDTH>
          <RPT_STYLE_LINE>Solid</RPT_STYLE_LINE>
          <RPT_ALIGNMENT>TopLeft</RPT_ALIGNMENT>
        </ReportLine>
        <ReportLine>
          <RPT_TEXT_MODE>False</RPT_TEXT_MODE>
          <RPT_INTERNAL_NAME>Control110</RPT_INTERNAL_NAME>
          <RPT_ID>110</RPT_ID>
          <RPT_VISIBLE>True</RPT_VISIBLE>
          <RPT_X>693</RPT_X>
          <RPT_Y>26</RPT_Y>
          <RPT_WIDTH>1</RPT_WIDTH>
          <RPT_HEIGHT>21</RPT_HEIGHT>
          <RPT_FORECOLOR>Black, ARGB(255,0,0,0)</RPT_FORECOLOR>
          <RPT_LINEDIRECTION>Vertical</RPT_LINEDIRECTION>
          <RPT_LINEWIDTH>1</RPT_LINEWIDTH>
          <RPT_STYLE_LINE>Solid</RPT_STYLE_LINE>
          <RPT_ALIGNMENT>TopLeft</RPT_ALIGNMENT>
        </ReportLine>
        <ReportLine>
          <RPT_TEXT_MODE>False</RPT_TEXT_MODE>
          <RPT_INTERNAL_NAME>Control111</RPT_INTERNAL_NAME>
          <RPT_ID>111</RPT_ID>
          <RPT_VISIBLE>True</RPT_VISIBLE>
          <RPT_X>758</RPT_X>
          <RPT_Y>26</RPT_Y>
          <RPT_WIDTH>1</RPT_WIDTH>
          <RPT_HEIGHT>21</RPT_HEIGHT>
          <RPT_FORECOLOR>Black, ARGB(255,0,0,0)</RPT_FORECOLOR>
          <RPT_LINEDIRECTION>Vertical</RPT_LINEDIRECTION>
          <RPT_LINEWIDTH>1</RPT_LINEWIDTH>
          <RPT_STYLE_LINE>Solid</RPT_STYLE_LINE>
          <RPT_ALIGNMENT>TopLeft</RPT_ALIGNMENT>
        </ReportLine>
        <ReportAttribute>
          <RPT_TEXT_MODE>False</RPT_TEXT_MODE>
          <RPT_INTERNAL_NAME>Control112</RPT_INTERNAL_NAME>
          <RPT_ID>112</RPT_ID>
          <RPT_VISIBLE>True</RPT_VISIBLE>
          <ControlName>&amp;Dsc_Idtx</ControlName>
          <AttID>&amp;Dsc_Idtx</AttID>
          <AttType>5</AttType>
          <BaseAttType>5</BaseAttType>
          <PROP_EXT_BASE_ATT_COLLECTION>False</PROP_EXT_BASE_ATT_COLLECTION>
          <GxObjClass>1</GxObjClass>
          <isVariable>True</isVariable>
          <isAttribute>False</isAttribute>
          <ColCount>10</ColCount>
          <ControlType>Edit</ControlType>
          <IsEnumerated>False</IsEnumerated>
          <RowIndex>1</RowIndex>
          <ColIndex>1</ColIndex>
          <AttNumDim>0</AttNumDim>
          <AttCollection>False</AttCollection>
          <RPT_TEXT>Text</RPT_TEXT>
          <RPT_X>356</RPT_X>
          <RPT_Y>4</RPT_Y>
          <RPT_WIDTH>105</RPT_WIDTH>
          <RPT_WIDTH_Default>105</RPT_WIDTH_Default>
          <RPT_HEIGHT>20</RPT_HEIGHT>
          <RPT_HEIGHT_Default>20</RPT_HEIGHT_Default>
          <RPT_FORECOLOR>Black, ARGB(255,0,0,0)</RPT_FORECOLOR>
          <RPT_BACKCOLOR>White, ARGB(255,255,255,255)</RPT_BACKCOLOR>
          <RPT_BORDERS>None</RPT_BORDERS>
          <RPT_BORDERWIDTH>1</RPT_BORDERWIDTH>
          <RPT_BORDERCOLOR>Black, ARGB(255,0,0,0)</RPT_BORDERCOLOR>
          <RPT_ALIGNMENT>TopLeft</RPT_ALIGNMENT>
          <RPT_FONT>Courier New, 12pt, style=Bold</RPT_FONT>
          <GxFormat>Text</GxFormat>
          <RPT_WORDWRAP>False</RPT_WORDWRAP>
          <AttEditNameProtected>False</AttEditNameProtected>
          <IsStandardVariable>False</IsStandardVariable>
          <idIsAutoDefinedVariable>False</idIsAutoDefinedVariable>
          <AttEditDisableArrays>False</AttEditDisableArrays>
          <AttEditNewVariable>False</AttEditNewVariable>
          <AttEditDontAssign>False</AttEditDontAssign>
        </ReportAttribute>
        <ReportLine>
          <RPT_TEXT_MODE>False</RPT_TEXT_MODE>
          <RPT_INTERNAL_NAME>Control113</RPT_INTERNAL_NAME>
          <RPT_ID>113</RPT_ID>
          <RPT_VISIBLE>True</RPT_VISIBLE>
          <RPT_X>51</RPT_X>
          <RPT_Y>26</RPT_Y>
          <RPT_WIDTH>1</RPT_WIDTH>
          <RPT_HEIGHT>21</RPT_HEIGHT>
          <RPT_FORECOLOR>Black, ARGB(255,0,0,0)</RPT_FORECOLOR>
          <RPT_LINEDIRECTION>Vertical</RPT_LINEDIRECTION>
          <RPT_LINEWIDTH>1</RPT_LINEWIDTH>
          <RPT_STYLE_LINE>Solid</RPT_STYLE_LINE>
          <RPT_ALIGNMENT>TopLeft</RPT_ALIGNMENT>
        </ReportLine>
        <ReportAttribute>
          <RPT_TEXT_MODE>False</RPT_TEXT_MODE>
          <RPT_INTERNAL_NAME>Control114</RPT_INTERNAL_NAME>
          <RPT_ID>114</RPT_ID>
          <RPT_VISIBLE>True</RPT_VISIBLE>
          <ControlName>&amp;AlbNumb</ControlName>
          <AttID>&amp;AlbNumb</AttID>
          <AttType>5</AttType>
          <BaseAttType>5</BaseAttType>
          <PROP_EXT_BASE_ATT_COLLECTION>False</PROP_EXT_BASE_ATT_COLLECTION>
          <GxObjClass>1</GxObjClass>
          <isVariable>True</isVariable>
          <isAttribute>False</isAttribute>
          <ColCount>20</ColCount>
          <ControlType>Edit</ControlType>
          <IsEnumerated>False</IsEnumerated>
          <RowIndex>1</RowIndex>
          <ColIndex>1</ColIndex>
          <AttNumDim>0</AttNumDim>
          <AttCollection>False</AttCollection>
          <RPT_TEXT>Text</RPT_TEXT>
          <RPT_X>580</RPT_X>
          <RPT_Y>5</RPT_Y>
          <RPT_WIDTH>168</RPT_WIDTH>
          <RPT_WIDTH_Default>168</RPT_WIDTH_Default>
          <RPT_HEIGHT>18</RPT_HEIGHT>
          <RPT_HEIGHT_Default>18</RPT_HEIGHT_Default>
          <RPT_FORECOLOR>Black, ARGB(255,0,0,0)</RPT_FORECOLOR>
          <RPT_BACKCOLOR>White, ARGB(255,255,255,255)</RPT_BACKCOLOR>
          <RPT_BORDERS>None</RPT_BORDERS>
          <RPT_BORDERWIDTH>1</RPT_BORDERWIDTH>
          <RPT_BORDERCOLOR>Black, ARGB(255,0,0,0)</RPT_BORDERCOLOR>
          <RPT_ALIGNMENT>TopLeft</RPT_ALIGNMENT>
          <RPT_FONT>Courier New, 10pt, style=Bold</RPT_FONT>
          <GxFormat>Text</GxFormat>
          <RPT_WORDWRAP>False</RPT_WORDWRAP>
          <AttEditNameProtected>False</AttEditNameProtected>
          <IsStandardVariable>False</IsStandardVariable>
          <idIsAutoDefinedVariable>False</idIsAutoDefinedVariable>
          <AttEditDisableArrays>False</AttEditDisableArrays>
          <AttEditNewVariable>False</AttEditNewVariable>
          <AttEditDontAssign>False</AttEditDontAssign>
        </ReportAttribute>
        <ReportLabel>
          <RPT_TEXT_MODE>False</RPT_TEXT_MODE>
          <RPT_INTERNAL_NAME>Control115</RPT_INTERNAL_NAME>
          <RPT_ID>115</RPT_ID>
          <RPT_VISIBLE>True</RPT_VISIBLE>
          <RPT_TEXT>R. Composiçao:</RPT_TEXT>
          <RPT_X>478</RPT_X>
          <RPT_Y>6</RPT_Y>
          <RPT_WIDTH>103</RPT_WIDTH>
          <RPT_HEIGHT>15</RPT_HEIGHT>
          <RPT_FORECOLOR>Black, ARGB(255,0,0,0)</RPT_FORECOLOR>
          <RPT_BACKCOLOR>Transparent, ARGB(0,255,255,255)</RPT_BACKCOLOR>
          <RPT_BORDERS>None</RPT_BORDERS>
          <RPT_BORDERWIDTH>1</RPT_BORDERWIDTH>
          <RPT_BORDERCOLOR>Black, ARGB(255,0,0,0)</RPT_BORDERCOLOR>
          <RPT_ALIGNMENT>TopLeft</RPT_ALIGNMENT>
          <RPT_FONT>Courier New, 8pt, style=Bold</RPT_FONT>
          <RPT_WORDWRAP>False</RPT_WORDWRAP>
        </ReportLabel>
      </Controls>
      <Properties>
        <RPT_TEXT_MODE>False</RPT_TEXT_MODE>
        <RPT_INTERNAL_NAME>Entradas_malha</RPT_INTERNAL_NAME>
        <RPT_ID>82</RPT_ID>
        <RPT_VISIBLE>True</RPT_VISIBLE>
        <RPT_TEXT>Text</RPT_TEXT>
        <RPT_X>74</RPT_X>
        <RPT_Y>1076</RPT_Y>
        <RPT_WIDTH>856</RPT_WIDTH>
        <RPT_HEIGHT>49</RPT_HEIGHT>
      </Properties>
    </PrintBlock>
    <PrintBlock>
      <Controls>
        <ReportAttribute>
          <RPT_TEXT_MODE>False</RPT_TEXT_MODE>
          <RPT_INTERNAL_NAME>Control117</RPT_INTERNAL_NAME>
          <RPT_ID>117</RPT_ID>
          <RPT_VISIBLE>True</RPT_VISIBLE>
          <ControlName>BarPieKil</ControlName>
          <AttID>BarPieKil</AttID>
          <AttType>4</AttType>
          <BaseAttType>4</BaseAttType>
          <PROP_EXT_BASE_ATT_COLLECTION>False</PROP_EXT_BASE_ATT_COLLECTION>
          <GxObjClass>1</GxObjClass>
          <isVariable>False</isVariable>
          <isAttribute>True</isAttribute>
          <ColCount>9</ColCount>
          <ControlType>Edit</ControlType>
          <IsEnumerated>False</IsEnumerated>
          <RowIndex>1</RowIndex>
          <ColIndex>1</ColIndex>
          <AttNumDim>0</AttNumDim>
          <AttCollection>False</AttCollection>
          <RPT_TEXT>Text</RPT_TEXT>
          <RPT_X>54</RPT_X>
          <RPT_Y>0</RPT_Y>
          <RPT_WIDTH>67</RPT_WIDTH>
          <RPT_WIDTH_Default>67</RPT_WIDTH_Default>
          <RPT_HEIGHT>17</RPT_HEIGHT>
          <RPT_HEIGHT_Default>17</RPT_HEIGHT_Default>
          <RPT_FORECOLOR>Black, ARGB(255,0,0,0)</RPT_FORECOLOR>
          <RPT_BACKCOLOR>White, ARGB(255,255,255,255)</RPT_BACKCOLOR>
          <RPT_BORDERS>None</RPT_BORDERS>
          <RPT_BORDERWIDTH>1</RPT_BORDERWIDTH>
          <RPT_BORDERCOLOR>Black, ARGB(255,0,0,0)</RPT_BORDERCOLOR>
          <RPT_ALIGNMENT>TopRight</RPT_ALIGNMENT>
          <RPT_FONT>Courier New, 9pt</RPT_FONT>
          <GxFormat>Text</GxFormat>
          <RPT_WORDWRAP>False</RPT_WORDWRAP>
          <AttEditNameProtected>False</AttEditNameProtected>
          <IsStandardVariable>False</IsStandardVariable>
          <idIsAutoDefinedVariable>False</idIsAutoDefinedVariable>
          <AttEditDisableArrays>False</AttEditDisableArrays>
          <AttEditNewVariable>False</AttEditNewVariable>
          <AttEditDontAssign>False</AttEditDontAssign>
        </ReportAttribute>
        <ReportAttribute>
          <RPT_TEXT_MODE>False</RPT_TEXT_MODE>
          <RPT_INTERNAL_NAME>Control118</RPT_INTERNAL_NAME>
          <RPT_ID>118</RPT_ID>
          <RPT_VISIBLE>True</RPT_VISIBLE>
          <ControlName>BarPiePie</ControlName>
          <AttID>BarPiePie</AttID>
          <AttType>4</AttType>
          <BaseAttType>4</BaseAttType>
          <PROP_EXT_BASE_ATT_COLLECTION>False</PROP_EXT_BASE_ATT_COLLECTION>
          <GxObjClass>1</GxObjClass>
          <isVariable>False</isVariable>
          <isAttribute>True</isAttribute>
          <ColCount>6</ColCount>
          <ControlType>Edit</ControlType>
          <IsEnumerated>False</IsEnumerated>
          <RowIndex>1</RowIndex>
          <ColIndex>1</ColIndex>
          <AttNumDim>0</AttNumDim>
          <AttCollection>False</AttCollection>
          <RPT_TEXT>Text</RPT_TEXT>
          <RPT_X>140</RPT_X>
          <RPT_Y>0</RPT_Y>
          <RPT_WIDTH>45</RPT_WIDTH>
          <RPT_WIDTH_Default>45</RPT_WIDTH_Default>
          <RPT_HEIGHT>17</RPT_HEIGHT>
          <RPT_HEIGHT_Default>17</RPT_HEIGHT_Default>
          <RPT_FORECOLOR>Black, ARGB(255,0,0,0)</RPT_FORECOLOR>
          <RPT_BACKCOLOR>White, ARGB(255,255,255,255)</RPT_BACKCOLOR>
          <RPT_BORDERS>None</RPT_BORDERS>
          <RPT_BORDERWIDTH>1</RPT_BORDERWIDTH>
          <RPT_BORDERCOLOR>Black, ARGB(255,0,0,0)</RPT_BORDERCOLOR>
          <RPT_ALIGNMENT>TopRight</RPT_ALIGNMENT>
          <RPT_FONT>Courier New, 9pt</RPT_FONT>
          <GxFormat>Text</GxFormat>
          <RPT_WORDWRAP>False</RPT_WORDWRAP>
          <AttEditNameProtected>False</AttEditNameProtected>
          <IsStandardVariable>False</IsStandardVariable>
          <idIsAutoDefinedVariable>False</idIsAutoDefinedVariable>
          <AttEditDisableArrays>False</AttEditDisableArrays>
          <AttEditNewVariable>False</AttEditNewVariable>
          <AttEditDontAssign>False</AttEditDontAssign>
        </ReportAttribute>
        <ReportAttribute>
          <RPT_TEXT_MODE>False</RPT_TEXT_MODE>
          <RPT_INTERNAL_NAME>Control119</RPT_INTERNAL_NAME>
          <RPT_ID>119</RPT_ID>
          <RPT_VISIBLE>True</RPT_VISIBLE>
          <ControlName>AlbRLoc</ControlName>
          <AttID>AlbRLoc</AttID>
          <AttType>5</AttType>
          <BaseAttType>5</BaseAttType>
          <PROP_EXT_BASE_ATT_COLLECTION>False</PROP_EXT_BASE_ATT_COLLECTION>
          <GxObjClass>1</GxObjClass>
          <isVariable>False</isVariable>
          <isAttribute>True</isAttribute>
          <ColCount>10</ColCount>
          <ControlType>Edit</ControlType>
          <IsEnumerated>False</IsEnumerated>
          <RowIndex>1</RowIndex>
          <ColIndex>1</ColIndex>
          <AttNumDim>0</AttNumDim>
          <AttCollection>False</AttCollection>
          <RPT_TEXT>Text</RPT_TEXT>
          <RPT_X>201</RPT_X>
          <RPT_Y>0</RPT_Y>
          <RPT_WIDTH>74</RPT_WIDTH>
          <RPT_WIDTH_Default>74</RPT_WIDTH_Default>
          <RPT_HEIGHT>17</RPT_HEIGHT>
          <RPT_HEIGHT_Default>17</RPT_HEIGHT_Default>
          <RPT_FORECOLOR>Black, ARGB(255,0,0,0)</RPT_FORECOLOR>
          <RPT_BACKCOLOR>White, ARGB(255,255,255,255)</RPT_BACKCOLOR>
          <RPT_BORDERS>None</RPT_BORDERS>
          <RPT_BORDERWIDTH>1</RPT_BORDERWIDTH>
          <RPT_BORDERCOLOR>Black, ARGB(255,0,0,0)</RPT_BORDERCOLOR>
          <RPT_ALIGNMENT>TopLeft</RPT_ALIGNMENT>
          <RPT_FONT>Courier New, 9pt</RPT_FONT>
          <GxFormat>Text</GxFormat>
          <RPT_WORDWRAP>False</RPT_WORDWRAP>
          <AttEditNameProtected>False</AttEditNameProtected>
          <IsStandardVariable>False</IsStandardVariable>
          <idIsAutoDefinedVariable>False</idIsAutoDefinedVariable>
          <AttEditDisableArrays>False</AttEditDisableArrays>
          <AttEditNewVariable>False</AttEditNewVariable>
          <AttEditDontAssign>False</AttEditDontAssign>
        </ReportAttribute>
        <ReportAttribute>
          <RPT_TEXT_MODE>False</RPT_TEXT_MODE>
          <RPT_INTERNAL_NAME>Control120</RPT_INTERNAL_NAME>
          <RPT_ID>120</RPT_ID>
          <RPT_VISIBLE>True</RPT_VISIBLE>
          <ControlName>AlbRFen</ControlName>
          <AttID>AlbRFen</AttID>
          <AttType>6</AttType>
          <BaseAttType>6</BaseAttType>
          <PROP_EXT_BASE_ATT_COLLECTION>False</PROP_EXT_BASE_ATT_COLLECTION>
          <GxObjClass>1</GxObjClass>
          <isVariable>False</isVariable>
          <isAttribute>True</isAttribute>
          <ColCount>8</ColCount>
          <ControlType>Edit</ControlType>
          <IsEnumerated>False</IsEnumerated>
          <RowIndex>1</RowIndex>
          <ColIndex>1</ColIndex>
          <AttNumDim>0</AttNumDim>
          <AttCollection>False</AttCollection>
          <RPT_TEXT>Text</RPT_TEXT>
          <RPT_X>289</RPT_X>
          <RPT_Y>0</RPT_Y>
          <RPT_WIDTH>59</RPT_WIDTH>
          <RPT_WIDTH_Default>59</RPT_WIDTH_Default>
          <RPT_HEIGHT>17</RPT_HEIGHT>
          <RPT_HEIGHT_Default>17</RPT_HEIGHT_Default>
          <RPT_FORECOLOR>Black, ARGB(255,0,0,0)</RPT_FORECOLOR>
          <RPT_BACKCOLOR>White, ARGB(255,255,255,255)</RPT_BACKCOLOR>
          <RPT_BORDERS>None</RPT_BORDERS>
          <RPT_BORDERWIDTH>1</RPT_BORDERWIDTH>
          <RPT_BORDERCOLOR>Black, ARGB(255,0,0,0)</RPT_BORDERCOLOR>
          <RPT_ALIGNMENT>TopLeft</RPT_ALIGNMENT>
          <RPT_FONT>Courier New, 9pt</RPT_FONT>
          <GxFormat>Text</GxFormat>
          <RPT_WORDWRAP>False</RPT_WORDWRAP>
          <AttEditNameProtected>False</AttEditNameProtected>
          <IsStandardVariable>False</IsStandardVariable>
          <idIsAutoDefinedVariable>False</idIsAutoDefinedVariable>
          <AttEditDisableArrays>False</AttEditDisableArrays>
          <AttEditNewVariable>False</AttEditNewVariable>
          <AttEditDontAssign>False</AttEditDontAssign>
        </ReportAttribute>
        <ReportAttribute>
          <RPT_TEXT_MODE>False</RPT_TEXT_MODE>
          <RPT_INTERNAL_NAME>Control121</RPT_INTERNAL_NAME>
          <RPT_ID>121</RPT_ID>
          <RPT_VISIBLE>True</RPT_VISIBLE>
          <ControlName>&amp;AlbrLote</ControlName>
          <AttID>&amp;AlbrLote</AttID>
          <AttType>5</AttType>
          <BaseAttType>5</BaseAttType>
          <PROP_EXT_BASE_ATT_COLLECTION>False</PROP_EXT_BASE_ATT_COLLECTION>
          <GxObjClass>1</GxObjClass>
          <isVariable>True</isVariable>
          <isAttribute>False</isAttribute>
          <ColCount>20</ColCount>
          <ControlType>Edit</ControlType>
          <IsEnumerated>False</IsEnumerated>
          <RowIndex>1</RowIndex>
          <ColIndex>1</ColIndex>
          <AttNumDim>0</AttNumDim>
          <AttCollection>False</AttCollection>
          <RPT_TEXT>Text</RPT_TEXT>
          <RPT_X>359</RPT_X>
          <RPT_Y>0</RPT_Y>
          <RPT_WIDTH>147</RPT_WIDTH>
          <RPT_WIDTH_Default>147</RPT_WIDTH_Default>
          <RPT_HEIGHT>18</RPT_HEIGHT>
          <RPT_HEIGHT_Default>18</RPT_HEIGHT_Default>
          <RPT_FORECOLOR>Black, ARGB(255,0,0,0)</RPT_FORECOLOR>
          <RPT_BACKCOLOR>White, ARGB(255,255,255,255)</RPT_BACKCOLOR>
          <RPT_BORDERS>None</RPT_BORDERS>
          <RPT_BORDERWIDTH>1</RPT_BORDERWIDTH>
          <RPT_BORDERCOLOR>Black, ARGB(255,0,0,0)</RPT_BORDERCOLOR>
          <RPT_ALIGNMENT>TopLeft</RPT_ALIGNMENT>
          <RPT_FONT>Courier New, 9pt, style=Bold</RPT_FONT>
          <GxFormat>Text</GxFormat>
          <RPT_WORDWRAP>False</RPT_WORDWRAP>
          <AttEditNameProtected>False</AttEditNameProtected>
          <IsStandardVariable>False</IsStandardVariable>
          <idIsAutoDefinedVariable>False</idIsAutoDefinedVariable>
          <AttEditDisableArrays>False</AttEditDisableArrays>
          <AttEditNewVariable>False</AttEditNewVariable>
          <AttEditDontAssign>False</AttEditDontAssign>
        </ReportAttribute>
        <ReportAttribute>
          <RPT_TEXT_MODE>False</RPT_TEXT_MODE>
          <RPT_INTERNAL_NAME>Control122</RPT_INTERNAL_NAME>
          <RPT_ID>122</RPT_ID>
          <RPT_VISIBLE>True</RPT_VISIBLE>
          <ControlName>&amp;Jogo3</ControlName>
          <AttID>&amp;Jogo3</AttID>
          <AttType>5</AttType>
          <BaseAttType>5</BaseAttType>
          <PROP_EXT_BASE_ATT_COLLECTION>False</PROP_EXT_BASE_ATT_COLLECTION>
          <GxObjClass>1</GxObjClass>
          <isVariable>True</isVariable>
          <isAttribute>False</isAttribute>
          <ColCount>3</ColCount>
          <ControlType>Edit</ControlType>
          <IsEnumerated>False</IsEnumerated>
          <RowIndex>1</RowIndex>
          <ColIndex>1</ColIndex>
          <AttNumDim>0</AttNumDim>
          <AttCollection>False</AttCollection>
          <RPT_TEXT>Text</RPT_TEXT>
          <RPT_X>576</RPT_X>
          <RPT_Y>0</RPT_Y>
          <RPT_WIDTH>23</RPT_WIDTH>
          <RPT_WIDTH_Default>23</RPT_WIDTH_Default>
          <RPT_HEIGHT>18</RPT_HEIGHT>
          <RPT_HEIGHT_Default>18</RPT_HEIGHT_Default>
          <RPT_FORECOLOR>Black, ARGB(255,0,0,0)</RPT_FORECOLOR>
          <RPT_BACKCOLOR>White, ARGB(255,255,255,255)</RPT_BACKCOLOR>
          <RPT_BORDERS>None</RPT_BORDERS>
          <RPT_BORDERWIDTH>1</RPT_BORDERWIDTH>
          <RPT_BORDERCOLOR>Black, ARGB(255,0,0,0)</RPT_BORDERCOLOR>
          <RPT_ALIGNMENT>TopLeft</RPT_ALIGNMENT>
          <RPT_FONT>Courier New, 9pt, style=Bold</RPT_FONT>
          <GxFormat>Text</GxFormat>
          <RPT_WORDWRAP>False</RPT_WORDWRAP>
          <AttEditNameProtected>False</AttEditNameProtected>
          <IsStandardVariable>False</IsStandardVariable>
          <idIsAutoDefinedVariable>False</idIsAutoDefinedVariable>
          <AttEditDisableArrays>False</AttEditDisableArrays>
          <AttEditNewVariable>False</AttEditNewVariable>
          <AttEditDontAssign>False</AttEditDontAssign>
        </ReportAttribute>
        <ReportAttribute>
          <RPT_TEXT_MODE>False</RPT_TEXT_MODE>
          <RPT_INTERNAL_NAME>Control123</RPT_INTERNAL_NAME>
          <RPT_ID>123</RPT_ID>
          <RPT_VISIBLE>True</RPT_VISIBLE>
          <ControlName>&amp;Pgadas</ControlName>
          <AttID>&amp;Pgadas</AttID>
          <AttType>5</AttType>
          <BaseAttType>5</BaseAttType>
          <PROP_EXT_BASE_ATT_COLLECTION>False</PROP_EXT_BASE_ATT_COLLECTION>
          <GxObjClass>1</GxObjClass>
          <isVariable>True</isVariable>
          <isAttribute>False</isAttribute>
          <ColCount>2</ColCount>
          <ControlType>Edit</ControlType>
          <IsEnumerated>False</IsEnumerated>
          <RowIndex>1</RowIndex>
          <ColIndex>1</ColIndex>
          <AttNumDim>0</AttNumDim>
          <AttCollection>False</AttCollection>
          <RPT_TEXT>Text</RPT_TEXT>
          <RPT_X>617</RPT_X>
          <RPT_Y>0</RPT_Y>
          <RPT_WIDTH>16</RPT_WIDTH>
          <RPT_WIDTH_Default>16</RPT_WIDTH_Default>
          <RPT_HEIGHT>18</RPT_HEIGHT>
          <RPT_HEIGHT_Default>18</RPT_HEIGHT_Default>
          <RPT_FORECOLOR>Black, ARGB(255,0,0,0)</RPT_FORECOLOR>
          <RPT_BACKCOLOR>White, ARGB(255,255,255,255)</RPT_BACKCOLOR>
          <RPT_BORDERS>None</RPT_BORDERS>
          <RPT_BORDERWIDTH>1</RPT_BORDERWIDTH>
          <RPT_BORDERCOLOR>Black, ARGB(255,0,0,0)</RPT_BORDERCOLOR>
          <RPT_ALIGNMENT>TopRight</RPT_ALIGNMENT>
          <RPT_FONT>Courier New, 9pt, style=Bold</RPT_FONT>
          <GxFormat>Text</GxFormat>
          <RPT_WORDWRAP>False</RPT_WORDWRAP>
          <AttEditNameProtected>False</AttEditNameProtected>
          <IsStandardVariable>False</IsStandardVariable>
          <idIsAutoDefinedVariable>False</idIsAutoDefinedVariable>
          <AttEditDisableArrays>False</AttEditDisableArrays>
          <AttEditNewVariable>False</AttEditNewVariable>
          <AttEditDontAssign>False</AttEditDontAssign>
        </ReportAttribute>
        <ReportAttribute>
          <RPT_TEXT_MODE>False</RPT_TEXT_MODE>
          <RPT_INTERNAL_NAME>Control124</RPT_INTERNAL_NAME>
          <RPT_ID>124</RPT_ID>
          <RPT_VISIBLE>True</RPT_VISIBLE>
          <ControlName>&amp;Maq6</ControlName>
          <AttID>&amp;Maq6</AttID>
          <AttType>5</AttType>
          <BaseAttType>5</BaseAttType>
          <PROP_EXT_BASE_ATT_COLLECTION>False</PROP_EXT_BASE_ATT_COLLECTION>
          <GxObjClass>1</GxObjClass>
          <isVariable>True</isVariable>
          <isAttribute>False</isAttribute>
          <ColCount>6</ColCount>
          <ControlType>Edit</ControlType>
          <IsEnumerated>False</IsEnumerated>
          <RowIndex>1</RowIndex>
          <ColIndex>1</ColIndex>
          <AttNumDim>0</AttNumDim>
          <AttCollection>False</AttCollection>
          <RPT_TEXT>Text</RPT_TEXT>
          <RPT_X>700</RPT_X>
          <RPT_Y>0</RPT_Y>
          <RPT_WIDTH>45</RPT_WIDTH>
          <RPT_WIDTH_Default>45</RPT_WIDTH_Default>
          <RPT_HEIGHT>18</RPT_HEIGHT>
          <RPT_HEIGHT_Default>18</RPT_HEIGHT_Default>
          <RPT_FORECOLOR>Black, ARGB(255,0,0,0)</RPT_FORECOLOR>
          <RPT_BACKCOLOR>White, ARGB(255,255,255,255)</RPT_BACKCOLOR>
          <RPT_BORDERS>None</RPT_BORDERS>
          <RPT_BORDERWIDTH>1</RPT_BORDERWIDTH>
          <RPT_BORDERCOLOR>Black, ARGB(255,0,0,0)</RPT_BORDERCOLOR>
          <RPT_ALIGNMENT>TopLeft</RPT_ALIGNMENT>
          <RPT_FONT>Courier New, 9pt, style=Bold</RPT_FONT>
          <GxFormat>Text</GxFormat>
          <RPT_WORDWRAP>False</RPT_WORDWRAP>
          <AttEditNameProtected>False</AttEditNameProtected>
          <IsStandardVariable>False</IsStandardVariable>
          <idIsAutoDefinedVariable>False</idIsAutoDefinedVariable>
          <AttEditDisableArrays>False</AttEditDisableArrays>
          <AttEditNewVariable>False</AttEditNewVariable>
          <AttEditDontAssign>False</AttEditDontAssign>
        </ReportAttribute>
        <ReportAttribute>
          <RPT_TEXT_MODE>False</RPT_TEXT_MODE>
          <RPT_INTERNAL_NAME>Control125</RPT_INTERNAL_NAME>
          <RPT_ID>125</RPT_ID>
          <RPT_VISIBLE>True</RPT_VISIBLE>
          <ControlName>AlbRTara</ControlName>
          <AttID>AlbRTara</AttID>
          <AttType>4</AttType>
          <BaseAttType>4</BaseAttType>
          <PROP_EXT_BASE_ATT_COLLECTION>False</PROP_EXT_BASE_ATT_COLLECTION>
          <GxObjClass>1</GxObjClass>
          <isVariable>False</isVariable>
          <isAttribute>True</isAttribute>
          <ColCount>6</ColCount>
          <ControlType>Edit</ControlType>
          <IsEnumerated>False</IsEnumerated>
          <RowIndex>1</RowIndex>
          <ColIndex>1</ColIndex>
          <AttNumDim>0</AttNumDim>
          <AttCollection>False</AttCollection>
          <RPT_TEXT>Text</RPT_TEXT>
          <RPT_X>642</RPT_X>
          <RPT_Y>0</RPT_Y>
          <RPT_WIDTH>45</RPT_WIDTH>
          <RPT_WIDTH_Default>45</RPT_WIDTH_Default>
          <RPT_HEIGHT>18</RPT_HEIGHT>
          <RPT_HEIGHT_Default>18</RPT_HEIGHT_Default>
          <RPT_FORECOLOR>Black, ARGB(255,0,0,0)</RPT_FORECOLOR>
          <RPT_BACKCOLOR>White, ARGB(255,255,255,255)</RPT_BACKCOLOR>
          <RPT_BORDERS>None</RPT_BORDERS>
          <RPT_BORDERWIDTH>1</RPT_BORDERWIDTH>
          <RPT_BORDERCOLOR>Black, ARGB(255,0,0,0)</RPT_BORDERCOLOR>
          <RPT_ALIGNMENT>TopRight</RPT_ALIGNMENT>
          <RPT_FONT>Courier New, 9pt, style=Bold</RPT_FONT>
          <GxFormat>Text</GxFormat>
          <RPT_WORDWRAP>False</RPT_WORDWRAP>
          <AttEditNameProtected>False</AttEditNameProtected>
          <IsStandardVariable>False</IsStandardVariable>
          <idIsAutoDefinedVariable>False</idIsAutoDefinedVariable>
          <AttEditDisableArrays>False</AttEditDisableArrays>
          <AttEditNewVariable>False</AttEditNewVariable>
          <AttEditDontAssign>False</AttEditDontAssign>
        </ReportAttribute>
        <ReportAttribute>
          <RPT_TEXT_MODE>False</RPT_TEXT_MODE>
          <RPT_INTERNAL_NAME>Control126</RPT_INTERNAL_NAME>
          <RPT_ID>126</RPT_ID>
          <RPT_VISIBLE>True</RPT_VISIBLE>
          <ControlName>&amp;Fio5</ControlName>
          <AttID>&amp;Fio5</AttID>
          <AttType>5</AttType>
          <BaseAttType>5</BaseAttType>
          <PROP_EXT_BASE_ATT_COLLECTION>False</PROP_EXT_BASE_ATT_COLLECTION>
          <GxObjClass>1</GxObjClass>
          <isVariable>True</isVariable>
          <isAttribute>False</isAttribute>
          <ColCount>5</ColCount>
          <ControlType>Edit</ControlType>
          <IsEnumerated>False</IsEnumerated>
          <RowIndex>1</RowIndex>
          <ColIndex>1</ColIndex>
          <AttNumDim>0</AttNumDim>
          <AttCollection>False</AttCollection>
          <RPT_TEXT>Text</RPT_TEXT>
          <RPT_X>519</RPT_X>
          <RPT_Y>0</RPT_Y>
          <RPT_WIDTH>37</RPT_WIDTH>
          <RPT_WIDTH_Default>37</RPT_WIDTH_Default>
          <RPT_HEIGHT>18</RPT_HEIGHT>
          <RPT_HEIGHT_Default>18</RPT_HEIGHT_Default>
          <RPT_FORECOLOR>Black, ARGB(255,0,0,0)</RPT_FORECOLOR>
          <RPT_BACKCOLOR>White, ARGB(255,255,255,255)</RPT_BACKCOLOR>
          <RPT_BORDERS>None</RPT_BORDERS>
          <RPT_BORDERWIDTH>1</RPT_BORDERWIDTH>
          <RPT_BORDERCOLOR>Black, ARGB(255,0,0,0)</RPT_BORDERCOLOR>
          <RPT_ALIGNMENT>TopLeft</RPT_ALIGNMENT>
          <RPT_FONT>Courier New, 9pt, style=Bold</RPT_FONT>
          <GxFormat>Text</GxFormat>
          <RPT_WORDWRAP>False</RPT_WORDWRAP>
          <AttEditNameProtected>False</AttEditNameProtected>
          <IsStandardVariable>False</IsStandardVariable>
          <idIsAutoDefinedVariable>False</idIsAutoDefinedVariable>
          <AttEditDisableArrays>False</AttEditDisableArrays>
          <AttEditNewVariable>False</AttEditNewVariable>
          <AttEditDontAssign>False</AttEditDontAssign>
        </ReportAttribute>
      </Controls>
      <Properties>
        <RPT_TEXT_MODE>False</RPT_TEXT_MODE>
        <RPT_INTERNAL_NAME>Lineas_Malha</RPT_INTERNAL_NAME>
        <RPT_ID>116</RPT_ID>
        <RPT_VISIBLE>True</RPT_VISIBLE>
        <RPT_TEXT>Text</RPT_TEXT>
        <RPT_X>74</RPT_X>
        <RPT_Y>1128</RPT_Y>
        <RPT_WIDTH>856</RPT_WIDTH>
        <RPT_HEIGHT>18</RPT_HEIGHT>
      </Properties>
    </PrintBlock>
    <PrintBlock>
      <Controls>
        <ReportLabel>
          <RPT_TEXT_MODE>False</RPT_TEXT_MODE>
          <RPT_INTERNAL_NAME>Control128</RPT_INTERNAL_NAME>
          <RPT_ID>128</RPT_ID>
          <RPT_VISIBLE>True</RPT_VISIBLE>
          <RPT_TEXT>Observações</RPT_TEXT>
          <RPT_X>63</RPT_X>
          <RPT_Y>17</RPT_Y>
          <RPT_WIDTH>93</RPT_WIDTH>
          <RPT_HEIGHT>18</RPT_HEIGHT>
          <RPT_FORECOLOR>Black, ARGB(255,0,0,0)</RPT_FORECOLOR>
          <RPT_BACKCOLOR>Transparent, ARGB(0,255,255,255)</RPT_BACKCOLOR>
          <RPT_BORDERS>None</RPT_BORDERS>
          <RPT_BORDERWIDTH>1</RPT_BORDERWIDTH>
          <RPT_BORDERCOLOR>Black, ARGB(255,0,0,0)</RPT_BORDERCOLOR>
          <RPT_ALIGNMENT>TopLeft</RPT_ALIGNMENT>
          <RPT_FONT>Courier New, 10pt</RPT_FONT>
          <RPT_WORDWRAP>False</RPT_WORDWRAP>
        </ReportLabel>
        <ReportLine>
          <RPT_TEXT_MODE>False</RPT_TEXT_MODE>
          <RPT_INTERNAL_NAME>Control129</RPT_INTERNAL_NAME>
          <RPT_ID>129</RPT_ID>
          <RPT_VISIBLE>True</RPT_VISIBLE>
          <RPT_X>49</RPT_X>
          <RPT_Y>11</RPT_Y>
          <RPT_WIDTH>715</RPT_WIDTH>
          <RPT_HEIGHT>1</RPT_HEIGHT>
          <RPT_FORECOLOR>Black, ARGB(255,0,0,0)</RPT_FORECOLOR>
          <RPT_LINEDIRECTION>Horizontal</RPT_LINEDIRECTION>
          <RPT_LINEWIDTH>1</RPT_LINEWIDTH>
          <RPT_STYLE_LINE>Solid</RPT_STYLE_LINE>
          <RPT_ALIGNMENT>TopLeft</RPT_ALIGNMENT>
        </ReportLine>
        <ReportLine>
          <RPT_TEXT_MODE>False</RPT_TEXT_MODE>
          <RPT_INTERNAL_NAME>Control130</RPT_INTERNAL_NAME>
          <RPT_ID>130</RPT_ID>
          <RPT_VISIBLE>True</RPT_VISIBLE>
          <RPT_X>49</RPT_X>
          <RPT_Y>13</RPT_Y>
          <RPT_WIDTH>1</RPT_WIDTH>
          <RPT_HEIGHT>21</RPT_HEIGHT>
          <RPT_FORECOLOR>Black, ARGB(255,0,0,0)</RPT_FORECOLOR>
          <RPT_LINEDIRECTION>Vertical</RPT_LINEDIRECTION>
          <RPT_LINEWIDTH>1</RPT_LINEWIDTH>
          <RPT_STYLE_LINE>Solid</RPT_STYLE_LINE>
          <RPT_ALIGNMENT>TopLeft</RPT_ALIGNMENT>
        </ReportLine>
        <ReportLine>
          <RPT_TEXT_MODE>False</RPT_TEXT_MODE>
          <RPT_INTERNAL_NAME>Control131</RPT_INTERNAL_NAME>
          <RPT_ID>131</RPT_ID>
          <RPT_VISIBLE>True</RPT_VISIBLE>
          <RPT_X>763</RPT_X>
          <RPT_Y>11</RPT_Y>
          <RPT_WIDTH>1</RPT_WIDTH>
          <RPT_HEIGHT>22</RPT_HEIGHT>
          <RPT_FORECOLOR>Black, ARGB(255,0,0,0)</RPT_FORECOLOR>
          <RPT_LINEDIRECTION>Vertical</RPT_LINEDIRECTION>
          <RPT_LINEWIDTH>1</RPT_LINEWIDTH>
          <RPT_STYLE_LINE>Solid</RPT_STYLE_LINE>
          <RPT_ALIGNMENT>TopLeft</RPT_ALIGNMENT>
        </ReportLine>
      </Controls>
      <Properties>
        <RPT_TEXT_MODE>False</RPT_TEXT_MODE>
        <RPT_INTERNAL_NAME>P_HDRMOD1</RPT_INTERNAL_NAME>
        <RPT_ID>127</RPT_ID>
        <RPT_VISIBLE>True</RPT_VISIBLE>
        <RPT_TEXT>Text</RPT_TEXT>
        <RPT_X>74</RPT_X>
        <RPT_Y>552</RPT_Y>
        <RPT_WIDTH>856</RPT_WIDTH>
        <RPT_HEIGHT>35</RPT_HEIGHT>
      </Properties>
    </PrintBlock>
    <PrintBlock>
      <Controls>
        <ReportAttribute>
          <RPT_TEXT_MODE>False</RPT_TEXT_MODE>
          <RPT_INTERNAL_NAME>Control133</RPT_INTERNAL_NAME>
          <RPT_ID>133</RPT_ID>
          <RPT_VISIBLE>True</RPT_VISIBLE>
          <ControlName>DisObsTxt</ControlName>
          <AttID>DisObsTxt</AttID>
          <AttType>5</AttType>
          <BaseAttType>5</BaseAttType>
          <PROP_EXT_BASE_ATT_COLLECTION>False</PROP_EXT_BASE_ATT_COLLECTION>
          <GxObjClass>1</GxObjClass>
          <isVariable>False</isVariable>
          <isAttribute>True</isAttribute>
          <ColCount>60</ColCount>
          <ControlType>Edit</ControlType>
          <IsEnumerated>False</IsEnumerated>
          <RowIndex>1</RowIndex>
          <ColIndex>1</ColIndex>
          <AttNumDim>0</AttNumDim>
          <AttCollection>False</AttCollection>
          <RPT_TEXT>Text</RPT_TEXT>
          <RPT_X>170</RPT_X>
          <RPT_Y>0</RPT_Y>
          <RPT_WIDTH>501</RPT_WIDTH>
          <RPT_WIDTH_Default>501</RPT_WIDTH_Default>
          <RPT_HEIGHT>18</RPT_HEIGHT>
          <RPT_HEIGHT_Default>18</RPT_HEIGHT_Default>
          <RPT_FORECOLOR>Black, ARGB(255,0,0,0)</RPT_FORECOLOR>
          <RPT_BACKCOLOR>White, ARGB(255,255,255,255)</RPT_BACKCOLOR>
          <RPT_BORDERS>None</RPT_BORDERS>
          <RPT_BORDERWIDTH>1</RPT_BORDERWIDTH>
          <RPT_BORDERCOLOR>Black, ARGB(255,0,0,0)</RPT_BORDERCOLOR>
          <RPT_ALIGNMENT>TopLeft</RPT_ALIGNMENT>
          <RPT_FONT>Courier New, 10pt, style=Bold</RPT_FONT>
          <GxFormat>Text</GxFormat>
          <RPT_WORDWRAP>False</RPT_WORDWRAP>
          <AttEditNameProtected>False</AttEditNameProtected>
          <IsStandardVariable>False</IsStandardVariable>
          <idIsAutoDefinedVariable>False</idIsAutoDefinedVariable>
          <AttEditDisableArrays>False</AttEditDisableArrays>
          <AttEditNewVariable>False</AttEditNewVariable>
          <AttEditDontAssign>False</AttEditDontAssign>
        </ReportAttribute>
        <ReportLine>
          <RPT_TEXT_MODE>False</RPT_TEXT_MODE>
          <RPT_INTERNAL_NAME>Control134</RPT_INTERNAL_NAME>
          <RPT_ID>134</RPT_ID>
          <RPT_VISIBLE>True</RPT_VISIBLE>
          <RPT_X>49</RPT_X>
          <RPT_Y>0</RPT_Y>
          <RPT_WIDTH>1</RPT_WIDTH>
          <RPT_HEIGHT>17</RPT_HEIGHT>
          <RPT_FORECOLOR>Black, ARGB(255,0,0,0)</RPT_FORECOLOR>
          <RPT_LINEDIRECTION>Vertical</RPT_LINEDIRECTION>
          <RPT_LINEWIDTH>1</RPT_LINEWIDTH>
          <RPT_STYLE_LINE>Solid</RPT_STYLE_LINE>
          <RPT_ALIGNMENT>TopLeft</RPT_ALIGNMENT>
        </ReportLine>
        <ReportLine>
          <RPT_TEXT_MODE>False</RPT_TEXT_MODE>
          <RPT_INTERNAL_NAME>Control135</RPT_INTERNAL_NAME>
          <RPT_ID>135</RPT_ID>
          <RPT_VISIBLE>True</RPT_VISIBLE>
          <RPT_X>763</RPT_X>
          <RPT_Y>0</RPT_Y>
          <RPT_WIDTH>1</RPT_WIDTH>
          <RPT_HEIGHT>17</RPT_HEIGHT>
          <RPT_FORECOLOR>Black, ARGB(255,0,0,0)</RPT_FORECOLOR>
          <RPT_LINEDIRECTION>Vertical</RPT_LINEDIRECTION>
          <RPT_LINEWIDTH>1</RPT_LINEWIDTH>
          <RPT_STYLE_LINE>Solid</RPT_STYLE_LINE>
          <RPT_ALIGNMENT>TopLeft</RPT_ALIGNMENT>
        </ReportLine>
      </Controls>
      <Properties>
        <RPT_TEXT_MODE>False</RPT_TEXT_MODE>
        <RPT_INTERNAL_NAME>P_DisObsTxt</RPT_INTERNAL_NAME>
        <RPT_ID>132</RPT_ID>
        <RPT_VISIBLE>True</RPT_VISIBLE>
        <RPT_TEXT>Text</RPT_TEXT>
        <RPT_X>74</RPT_X>
        <RPT_Y>589</RPT_Y>
        <RPT_WIDTH>856</RPT_WIDTH>
        <RPT_HEIGHT>18</RPT_HEIGHT>
      </Properties>
    </PrintBlock>
    <PrintBlock>
      <Controls>
        <ReportLine>
          <RPT_TEXT_MODE>False</RPT_TEXT_MODE>
          <RPT_INTERNAL_NAME>Control137</RPT_INTERNAL_NAME>
          <RPT_ID>137</RPT_ID>
          <RPT_VISIBLE>True</RPT_VISIBLE>
          <RPT_X>49</RPT_X>
          <RPT_Y>6</RPT_Y>
          <RPT_WIDTH>715</RPT_WIDTH>
          <RPT_HEIGHT>1</RPT_HEIGHT>
          <RPT_FORECOLOR>Black, ARGB(255,0,0,0)</RPT_FORECOLOR>
          <RPT_LINEDIRECTION>Horizontal</RPT_LINEDIRECTION>
          <RPT_LINEWIDTH>1</RPT_LINEWIDTH>
          <RPT_STYLE_LINE>Solid</RPT_STYLE_LINE>
          <RPT_ALIGNMENT>TopLeft</RPT_ALIGNMENT>
        </ReportLine>
        <ReportLine>
          <RPT_TEXT_MODE>False</RPT_TEXT_MODE>
          <RPT_INTERNAL_NAME>Control138</RPT_INTERNAL_NAME>
          <RPT_ID>138</RPT_ID>
          <RPT_VISIBLE>True</RPT_VISIBLE>
          <RPT_X>49</RPT_X>
          <RPT_Y>0</RPT_Y>
          <RPT_WIDTH>1</RPT_WIDTH>
          <RPT_HEIGHT>6</RPT_HEIGHT>
          <RPT_FORECOLOR>Black, ARGB(255,0,0,0)</RPT_FORECOLOR>
          <RPT_LINEDIRECTION>Vertical</RPT_LINEDIRECTION>
          <RPT_LINEWIDTH>1</RPT_LINEWIDTH>
          <RPT_STYLE_LINE>Solid</RPT_STYLE_LINE>
          <RPT_ALIGNMENT>TopLeft</RPT_ALIGNMENT>
        </ReportLine>
        <ReportLine>
          <RPT_TEXT_MODE>False</RPT_TEXT_MODE>
          <RPT_INTERNAL_NAME>Control139</RPT_INTERNAL_NAME>
          <RPT_ID>139</RPT_ID>
          <RPT_VISIBLE>True</RPT_VISIBLE>
          <RPT_X>763</RPT_X>
          <RPT_Y>0</RPT_Y>
          <RPT_WIDTH>1</RPT_WIDTH>
          <RPT_HEIGHT>7</RPT_HEIGHT>
          <RPT_FORECOLOR>Black, ARGB(255,0,0,0)</RPT_FORECOLOR>
          <RPT_LINEDIRECTION>Vertical</RPT_LINEDIRECTION>
          <RPT_LINEWIDTH>1</RPT_LINEWIDTH>
          <RPT_STYLE_LINE>Solid</RPT_STYLE_LINE>
          <RPT_ALIGNMENT>TopLeft</RPT_ALIGNMENT>
        </ReportLine>
      </Controls>
      <Properties>
        <RPT_TEXT_MODE>False</RPT_TEXT_MODE>
        <RPT_INTERNAL_NAME>P_HDRMOD2</RPT_INTERNAL_NAME>
        <RPT_ID>136</RPT_ID>
        <RPT_VISIBLE>True</RPT_VISIBLE>
        <RPT_TEXT>Text</RPT_TEXT>
        <RPT_X>74</RPT_X>
        <RPT_Y>614</RPT_Y>
        <RPT_WIDTH>856</RPT_WIDTH>
        <RPT_HEIGHT>17</RPT_HEIGHT>
      </Properties>
    </PrintBlock>
    <PrintBlock>
      <Controls>
        <ReportRectangle>
          <RPT_TEXT_MODE>False</RPT_TEXT_MODE>
          <RPT_INTERNAL_NAME>Control141</RPT_INTERNAL_NAME>
          <RPT_ID>141</RPT_ID>
          <RPT_VISIBLE>True</RPT_VISIBLE>
          <RPT_X>49</RPT_X>
          <RPT_Y>1</RPT_Y>
          <RPT_WIDTH>715</RPT_WIDTH>
          <RPT_HEIGHT>19</RPT_HEIGHT>
          <RPT_FORECOLOR>Silver, ARGB(255,192,192,192)</RPT_FORECOLOR>
          <RPT_BACKCOLOR>Silver, ARGB(255,192,192,192)</RPT_BACKCOLOR>
          <RPT_BORDERS>All</RPT_BORDERS>
          <RPT_BORDERWIDTH>1</RPT_BORDERWIDTH>
          <RPT_BORDERCOLOR>Silver, ARGB(255,192,192,192)</RPT_BORDERCOLOR>
          <RPT_STYLE>Solid</RPT_STYLE>
          <RPT_STYLE_TOP>Solid</RPT_STYLE_TOP>
          <RPT_STYLE_RIGHT>Solid</RPT_STYLE_RIGHT>
          <RPT_STYLE_BOTTOM>Solid</RPT_STYLE_BOTTOM>
          <RPT_STYLE_LEFT>Solid</RPT_STYLE_LEFT>
          <RPT_ALIGNMENT>TopLeft</RPT_ALIGNMENT>
          <RPT_CORNER_RADIUS>0</RPT_CORNER_RADIUS>
          <RPT_CORNER_RADIUS_TOPLEFT>0</RPT_CORNER_RADIUS_TOPLEFT>
          <RPT_CORNER_RADIUS_TOPRIGHT>0</RPT_CORNER_RADIUS_TOPRIGHT>
          <RPT_CORNER_RADIUS_BOTTOMLEFT>0</RPT_CORNER_RADIUS_BOTTOMLEFT>
          <RPT_CORNER_RADIUS_BOTTOMRIGHT>0</RPT_CORNER_RADIUS_BOTTOMRIGHT>
        </ReportRectangle>
        <ReportLabel>
          <RPT_TEXT_MODE>False</RPT_TEXT_MODE>
          <RPT_INTERNAL_NAME>Control142</RPT_INTERNAL_NAME>
          <RPT_ID>142</RPT_ID>
          <RPT_VISIBLE>True</RPT_VISIBLE>
          <RPT_TEXT>FASES DE PRODUÇÃO</RPT_TEXT>
          <RPT_X>317</RPT_X>
          <RPT_Y>1</RPT_Y>
          <RPT_WIDTH>178</RPT_WIDTH>
          <RPT_HEIGHT>19</RPT_HEIGHT>
          <RPT_FORECOLOR>Black, ARGB(255,0,0,0)</RPT_FORECOLOR>
          <RPT_BACKCOLOR>Transparent, ARGB(0,255,255,255)</RPT_BACKCOLOR>
          <RPT_BORDERS>None</RPT_BORDERS>
          <RPT_BORDERWIDTH>1</RPT_BORDERWIDTH>
          <RPT_BORDERCOLOR>Black, ARGB(255,0,0,0)</RPT_BORDERCOLOR>
          <RPT_ALIGNMENT>TopLeft</RPT_ALIGNMENT>
          <RPT_FONT>Courier New, 12pt, style=Bold</RPT_FONT>
          <RPT_WORDWRAP>False</RPT_WORDWRAP>
        </ReportLabel>
        <ReportLine>
          <RPT_TEXT_MODE>False</RPT_TEXT_MODE>
          <RPT_INTERNAL_NAME>Control143</RPT_INTERNAL_NAME>
          <RPT_ID>143</RPT_ID>
          <RPT_VISIBLE>True</RPT_VISIBLE>
          <RPT_X>49</RPT_X>
          <RPT_Y>19</RPT_Y>
          <RPT_WIDTH>1</RPT_WIDTH>
          <RPT_HEIGHT>25</RPT_HEIGHT>
          <RPT_FORECOLOR>Black, ARGB(255,0,0,0)</RPT_FORECOLOR>
          <RPT_LINEDIRECTION>Vertical</RPT_LINEDIRECTION>
          <RPT_LINEWIDTH>1</RPT_LINEWIDTH>
          <RPT_STYLE_LINE>Solid</RPT_STYLE_LINE>
          <RPT_ALIGNMENT>TopLeft</RPT_ALIGNMENT>
        </ReportLine>
        <ReportLine>
          <RPT_TEXT_MODE>False</RPT_TEXT_MODE>
          <RPT_INTERNAL_NAME>Control144</RPT_INTERNAL_NAME>
          <RPT_ID>144</RPT_ID>
          <RPT_VISIBLE>True</RPT_VISIBLE>
          <RPT_X>763</RPT_X>
          <RPT_Y>19</RPT_Y>
          <RPT_WIDTH>1</RPT_WIDTH>
          <RPT_HEIGHT>25</RPT_HEIGHT>
          <RPT_FORECOLOR>Black, ARGB(255,0,0,0)</RPT_FORECOLOR>
          <RPT_LINEDIRECTION>Vertical</RPT_LINEDIRECTION>
          <RPT_LINEWIDTH>1</RPT_LINEWIDTH>
          <RPT_STYLE_LINE>Solid</RPT_STYLE_LINE>
          <RPT_ALIGNMENT>TopLeft</RPT_ALIGNMENT>
        </ReportLine>
        <ReportLabel>
          <RPT_TEXT_MODE>False</RPT_TEXT_MODE>
          <RPT_INTERNAL_NAME>Control145</RPT_INTERNAL_NAME>
          <RPT_ID>145</RPT_ID>
          <RPT_VISIBLE>True</RPT_VISIBLE>
          <RPT_TEXT>Operario</RPT_TEXT>
          <RPT_X>461</RPT_X>
          <RPT_Y>27</RPT_Y>
          <RPT_WIDTH>51</RPT_WIDTH>
          <RPT_HEIGHT>14</RPT_HEIGHT>
          <RPT_FORECOLOR>Black, ARGB(255,0,0,0)</RPT_FORECOLOR>
          <RPT_BACKCOLOR>Transparent, ARGB(0,255,255,255)</RPT_BACKCOLOR>
          <RPT_BORDERS>None</RPT_BORDERS>
          <RPT_BORDERWIDTH>1</RPT_BORDERWIDTH>
          <RPT_BORDERCOLOR>Black, ARGB(255,0,0,0)</RPT_BORDERCOLOR>
          <RPT_ALIGNMENT>TopLeft</RPT_ALIGNMENT>
          <RPT_FONT>Microsoft Sans Serif, 8pt, style=Bold</RPT_FONT>
          <RPT_WORDWRAP>False</RPT_WORDWRAP>
        </ReportLabel>
        <ReportLabel>
          <RPT_TEXT_MODE>False</RPT_TEXT_MODE>
          <RPT_INTERNAL_NAME>Control146</RPT_INTERNAL_NAME>
          <RPT_ID>146</RPT_ID>
          <RPT_VISIBLE>True</RPT_VISIBLE>
          <RPT_TEXT>Data</RPT_TEXT>
          <RPT_X>661</RPT_X>
          <RPT_Y>25</RPT_Y>
          <RPT_WIDTH>29</RPT_WIDTH>
          <RPT_HEIGHT>14</RPT_HEIGHT>
          <RPT_FORECOLOR>Black, ARGB(255,0,0,0)</RPT_FORECOLOR>
          <RPT_BACKCOLOR>Transparent, ARGB(0,255,255,255)</RPT_BACKCOLOR>
          <RPT_BORDERS>None</RPT_BORDERS>
          <RPT_BORDERWIDTH>1</RPT_BORDERWIDTH>
          <RPT_BORDERCOLOR>Black, ARGB(255,0,0,0)</RPT_BORDERCOLOR>
          <RPT_ALIGNMENT>TopLeft</RPT_ALIGNMENT>
          <RPT_FONT>Microsoft Sans Serif, 8pt, style=Bold</RPT_FONT>
          <RPT_WORDWRAP>False</RPT_WORDWRAP>
        </ReportLabel>
      </Controls>
      <Properties>
        <RPT_TEXT_MODE>False</RPT_TEXT_MODE>
        <RPT_INTERNAL_NAME>P_HDRMOD3</RPT_INTERNAL_NAME>
        <RPT_ID>140</RPT_ID>
        <RPT_VISIBLE>True</RPT_VISIBLE>
        <RPT_TEXT>Text</RPT_TEXT>
        <RPT_X>74</RPT_X>
        <RPT_Y>639</RPT_Y>
        <RPT_WIDTH>856</RPT_WIDTH>
        <RPT_HEIGHT>44</RPT_HEIGHT>
      </Properties>
    </PrintBlock>
    <PrintBlock>
      <Controls>
        <ReportAttribute>
          <RPT_TEXT_MODE>False</RPT_TEXT_MODE>
          <RPT_INTERNAL_NAME>Control148</RPT_INTERNAL_NAME>
          <RPT_ID>148</RPT_ID>
          <RPT_VISIBLE>True</RPT_VISIBLE>
          <ControlName>FasCod</ControlName>
          <AttID>FasCod</AttID>
          <AttType>5</AttType>
          <BaseAttType>5</BaseAttType>
          <PROP_EXT_BASE_ATT_COLLECTION>False</PROP_EXT_BASE_ATT_COLLECTION>
          <GxObjClass>1</GxObjClass>
          <isVariable>False</isVariable>
          <isAttribute>True</isAttribute>
          <ColCount>8</ColCount>
          <ControlType>Edit</ControlType>
          <IsEnumerated>False</IsEnumerated>
          <RowIndex>1</RowIndex>
          <ColIndex>1</ColIndex>
          <AttNumDim>0</AttNumDim>
          <AttCollection>False</AttCollection>
          <RPT_TEXT>Text</RPT_TEXT>
          <RPT_X>69</RPT_X>
          <RPT_Y>0</RPT_Y>
          <RPT_WIDTH>68</RPT_WIDTH>
          <RPT_WIDTH_Default>68</RPT_WIDTH_Default>
          <RPT_HEIGHT>18</RPT_HEIGHT>
          <RPT_HEIGHT_Default>18</RPT_HEIGHT_Default>
          <RPT_FORECOLOR>Black, ARGB(255,0,0,0)</RPT_FORECOLOR>
          <RPT_BACKCOLOR>White, ARGB(255,255,255,255)</RPT_BACKCOLOR>
          <RPT_BORDERS>None</RPT_BORDERS>
          <RPT_BORDERWIDTH>1</RPT_BORDERWIDTH>
          <RPT_BORDERCOLOR>Black, ARGB(255,0,0,0)</RPT_BORDERCOLOR>
          <RPT_ALIGNMENT>TopLeft</RPT_ALIGNMENT>
          <RPT_FONT>Courier New, 10pt</RPT_FONT>
          <GxFormat>Text</GxFormat>
          <RPT_WORDWRAP>False</RPT_WORDWRAP>
          <AttEditNameProtected>False</AttEditNameProtected>
          <IsStandardVariable>False</IsStandardVariable>
          <idIsAutoDefinedVariable>False</idIsAutoDefinedVariable>
          <AttEditDisableArrays>False</AttEditDisableArrays>
          <AttEditNewVariable>False</AttEditNewVariable>
          <AttEditDontAssign>False</AttEditDontAssign>
        </ReportAttribute>
        <ReportAttribute>
          <RPT_TEXT_MODE>False</RPT_TEXT_MODE>
          <RPT_INTERNAL_NAME>Control149</RPT_INTERNAL_NAME>
          <RPT_ID>149</RPT_ID>
          <RPT_VISIBLE>True</RPT_VISIBLE>
          <ControlName>FasDsc</ControlName>
          <AttID>FasDsc</AttID>
          <AttType>5</AttType>
          <BaseAttType>5</BaseAttType>
          <PROP_EXT_BASE_ATT_COLLECTION>False</PROP_EXT_BASE_ATT_COLLECTION>
          <GxObjClass>1</GxObjClass>
          <isVariable>False</isVariable>
          <isAttribute>True</isAttribute>
          <ColCount>28</ColCount>
          <ControlType>Edit</ControlType>
          <IsEnumerated>False</IsEnumerated>
          <RowIndex>1</RowIndex>
          <ColIndex>1</ColIndex>
          <AttNumDim>0</AttNumDim>
          <AttCollection>False</AttCollection>
          <RPT_TEXT>Text</RPT_TEXT>
          <RPT_X>160</RPT_X>
          <RPT_Y>0</RPT_Y>
          <RPT_WIDTH>234</RPT_WIDTH>
          <RPT_WIDTH_Default>234</RPT_WIDTH_Default>
          <RPT_HEIGHT>18</RPT_HEIGHT>
          <RPT_HEIGHT_Default>18</RPT_HEIGHT_Default>
          <RPT_FORECOLOR>Black, ARGB(255,0,0,0)</RPT_FORECOLOR>
          <RPT_BACKCOLOR>White, ARGB(255,255,255,255)</RPT_BACKCOLOR>
          <RPT_BORDERS>None</RPT_BORDERS>
          <RPT_BORDERWIDTH>1</RPT_BORDERWIDTH>
          <RPT_BORDERCOLOR>Black, ARGB(255,0,0,0)</RPT_BORDERCOLOR>
          <RPT_ALIGNMENT>TopLeft</RPT_ALIGNMENT>
          <RPT_FONT>Courier New, 10pt</RPT_FONT>
          <GxFormat>Text</GxFormat>
          <RPT_WORDWRAP>False</RPT_WORDWRAP>
          <AttEditNameProtected>False</AttEditNameProtected>
          <IsStandardVariable>False</IsStandardVariable>
          <idIsAutoDefinedVariable>False</idIsAutoDefinedVariable>
          <AttEditDisableArrays>False</AttEditDisableArrays>
          <AttEditNewVariable>False</AttEditNewVariable>
          <AttEditDontAssign>False</AttEditDontAssign>
        </ReportAttribute>
        <ReportLine>
          <RPT_TEXT_MODE>False</RPT_TEXT_MODE>
          <RPT_INTERNAL_NAME>Control150</RPT_INTERNAL_NAME>
          <RPT_ID>150</RPT_ID>
          <RPT_VISIBLE>True</RPT_VISIBLE>
          <RPT_X>49</RPT_X>
          <RPT_Y>0</RPT_Y>
          <RPT_WIDTH>1</RPT_WIDTH>
          <RPT_HEIGHT>19</RPT_HEIGHT>
          <RPT_FORECOLOR>Black, ARGB(255,0,0,0)</RPT_FORECOLOR>
          <RPT_LINEDIRECTION>Vertical</RPT_LINEDIRECTION>
          <RPT_LINEWIDTH>1</RPT_LINEWIDTH>
          <RPT_STYLE_LINE>Solid</RPT_STYLE_LINE>
          <RPT_ALIGNMENT>TopLeft</RPT_ALIGNMENT>
        </ReportLine>
        <ReportLine>
          <RPT_TEXT_MODE>False</RPT_TEXT_MODE>
          <RPT_INTERNAL_NAME>Control151</RPT_INTERNAL_NAME>
          <RPT_ID>151</RPT_ID>
          <RPT_VISIBLE>True</RPT_VISIBLE>
          <RPT_X>763</RPT_X>
          <RPT_Y>0</RPT_Y>
          <RPT_WIDTH>1</RPT_WIDTH>
          <RPT_HEIGHT>19</RPT_HEIGHT>
          <RPT_FORECOLOR>Black, ARGB(255,0,0,0)</RPT_FORECOLOR>
          <RPT_LINEDIRECTION>Vertical</RPT_LINEDIRECTION>
          <RPT_LINEWIDTH>1</RPT_LINEWIDTH>
          <RPT_STYLE_LINE>Solid</RPT_STYLE_LINE>
          <RPT_ALIGNMENT>TopLeft</RPT_ALIGNMENT>
        </ReportLine>
        <ReportLine>
          <RPT_TEXT_MODE>False</RPT_TEXT_MODE>
          <RPT_INTERNAL_NAME>Control152</RPT_INTERNAL_NAME>
          <RPT_ID>152</RPT_ID>
          <RPT_VISIBLE>True</RPT_VISIBLE>
          <RPT_X>405</RPT_X>
          <RPT_Y>16</RPT_Y>
          <RPT_WIDTH>165</RPT_WIDTH>
          <RPT_HEIGHT>1</RPT_HEIGHT>
          <RPT_FORECOLOR>Black, ARGB(255,0,0,0)</RPT_FORECOLOR>
          <RPT_LINEDIRECTION>Horizontal</RPT_LINEDIRECTION>
          <RPT_LINEWIDTH>1</RPT_LINEWIDTH>
          <RPT_STYLE_LINE>Solid</RPT_STYLE_LINE>
          <RPT_ALIGNMENT>TopLeft</RPT_ALIGNMENT>
        </ReportLine>
        <ReportLine>
          <RPT_TEXT_MODE>False</RPT_TEXT_MODE>
          <RPT_INTERNAL_NAME>Control153</RPT_INTERNAL_NAME>
          <RPT_ID>153</RPT_ID>
          <RPT_VISIBLE>True</RPT_VISIBLE>
          <RPT_X>594</RPT_X>
          <RPT_Y>16</RPT_Y>
          <RPT_WIDTH>165</RPT_WIDTH>
          <RPT_HEIGHT>1</RPT_HEIGHT>
          <RPT_FORECOLOR>Black, ARGB(255,0,0,0)</RPT_FORECOLOR>
          <RPT_LINEDIRECTION>Horizontal</RPT_LINEDIRECTION>
          <RPT_LINEWIDTH>1</RPT_LINEWIDTH>
          <RPT_STYLE_LINE>Solid</RPT_STYLE_LINE>
          <RPT_ALIGNMENT>TopLeft</RPT_ALIGNMENT>
        </ReportLine>
      </Controls>
      <Properties>
        <RPT_TEXT_MODE>False</RPT_TEXT_MODE>
        <RPT_INTERNAL_NAME>P_FasCod</RPT_INTERNAL_NAME>
        <RPT_ID>147</RPT_ID>
        <RPT_VISIBLE>True</RPT_VISIBLE>
        <RPT_TEXT>Text</RPT_TEXT>
        <RPT_X>74</RPT_X>
        <RPT_Y>685</RPT_Y>
        <RPT_WIDTH>856</RPT_WIDTH>
        <RPT_HEIGHT>19</RPT_HEIGHT>
      </Properties>
    </PrintBlock>
    <PrintBlock>
      <Controls>
        <ReportLine>
          <RPT_TEXT_MODE>False</RPT_TEXT_MODE>
          <RPT_INTERNAL_NAME>Control155</RPT_INTERNAL_NAME>
          <RPT_ID>155</RPT_ID>
          <RPT_VISIBLE>True</RPT_VISIBLE>
          <RPT_X>49</RPT_X>
          <RPT_Y>9</RPT_Y>
          <RPT_WIDTH>715</RPT_WIDTH>
          <RPT_HEIGHT>1</RPT_HEIGHT>
          <RPT_FORECOLOR>Black, ARGB(255,0,0,0)</RPT_FORECOLOR>
          <RPT_LINEDIRECTION>Horizontal</RPT_LINEDIRECTION>
          <RPT_LINEWIDTH>1</RPT_LINEWIDTH>
          <RPT_STYLE_LINE>Solid</RPT_STYLE_LINE>
          <RPT_ALIGNMENT>TopLeft</RPT_ALIGNMENT>
        </ReportLine>
        <ReportLine>
          <RPT_TEXT_MODE>False</RPT_TEXT_MODE>
          <RPT_INTERNAL_NAME>Control156</RPT_INTERNAL_NAME>
          <RPT_ID>156</RPT_ID>
          <RPT_VISIBLE>True</RPT_VISIBLE>
          <RPT_X>49</RPT_X>
          <RPT_Y>0</RPT_Y>
          <RPT_WIDTH>1</RPT_WIDTH>
          <RPT_HEIGHT>9</RPT_HEIGHT>
          <RPT_FORECOLOR>Black, ARGB(255,0,0,0)</RPT_FORECOLOR>
          <RPT_LINEDIRECTION>Vertical</RPT_LINEDIRECTION>
          <RPT_LINEWIDTH>1</RPT_LINEWIDTH>
          <RPT_STYLE_LINE>Solid</RPT_STYLE_LINE>
          <RPT_ALIGNMENT>TopLeft</RPT_ALIGNMENT>
        </ReportLine>
        <ReportLine>
          <RPT_TEXT_MODE>False</RPT_TEXT_MODE>
          <RPT_INTERNAL_NAME>Control157</RPT_INTERNAL_NAME>
          <RPT_ID>157</RPT_ID>
          <RPT_VISIBLE>True</RPT_VISIBLE>
          <RPT_X>763</RPT_X>
          <RPT_Y>0</RPT_Y>
          <RPT_WIDTH>1</RPT_WIDTH>
          <RPT_HEIGHT>10</RPT_HEIGHT>
          <RPT_FORECOLOR>Black, ARGB(255,0,0,0)</RPT_FORECOLOR>
          <RPT_LINEDIRECTION>Vertical</RPT_LINEDIRECTION>
          <RPT_LINEWIDTH>1</RPT_LINEWIDTH>
          <RPT_STYLE_LINE>Solid</RPT_STYLE_LINE>
          <RPT_ALIGNMENT>TopLeft</RPT_ALIGNMENT>
        </ReportLine>
      </Controls>
      <Properties>
        <RPT_TEXT_MODE>False</RPT_TEXT_MODE>
        <RPT_INTERNAL_NAME>P_HDRMOD4</RPT_INTERNAL_NAME>
        <RPT_ID>154</RPT_ID>
        <RPT_VISIBLE>True</RPT_VISIBLE>
        <RPT_TEXT>Text</RPT_TEXT>
        <RPT_X>74</RPT_X>
        <RPT_Y>710</RPT_Y>
        <RPT_WIDTH>856</RPT_WIDTH>
        <RPT_HEIGHT>17</RPT_HEIGHT>
      </Properties>
    </PrintBlock>
    <PrintBlock>
      <Controls>
        <ReportRectangle>
          <RPT_TEXT_MODE>False</RPT_TEXT_MODE>
          <RPT_INTERNAL_NAME>Control159</RPT_INTERNAL_NAME>
          <RPT_ID>159</RPT_ID>
          <RPT_VISIBLE>True</RPT_VISIBLE>
          <RPT_X>49</RPT_X>
          <RPT_Y>0</RPT_Y>
          <RPT_WIDTH>715</RPT_WIDTH>
          <RPT_HEIGHT>24</RPT_HEIGHT>
          <RPT_FORECOLOR>Silver, ARGB(255,192,192,192)</RPT_FORECOLOR>
          <RPT_BACKCOLOR>Silver, ARGB(255,192,192,192)</RPT_BACKCOLOR>
          <RPT_BORDERS>All</RPT_BORDERS>
          <RPT_BORDERWIDTH>1</RPT_BORDERWIDTH>
          <RPT_BORDERCOLOR>Silver, ARGB(255,192,192,192)</RPT_BORDERCOLOR>
          <RPT_STYLE>Solid</RPT_STYLE>
          <RPT_STYLE_TOP>Solid</RPT_STYLE_TOP>
          <RPT_STYLE_RIGHT>Solid</RPT_STYLE_RIGHT>
          <RPT_STYLE_BOTTOM>Solid</RPT_STYLE_BOTTOM>
          <RPT_STYLE_LEFT>Solid</RPT_STYLE_LEFT>
          <RPT_ALIGNMENT>TopLeft</RPT_ALIGNMENT>
          <RPT_CORNER_RADIUS>0</RPT_CORNER_RADIUS>
          <RPT_CORNER_RADIUS_TOPLEFT>0</RPT_CORNER_RADIUS_TOPLEFT>
          <RPT_CORNER_RADIUS_TOPRIGHT>0</RPT_CORNER_RADIUS_TOPRIGHT>
          <RPT_CORNER_RADIUS_BOTTOMLEFT>0</RPT_CORNER_RADIUS_BOTTOMLEFT>
          <RPT_CORNER_RADIUS_BOTTOMRIGHT>0</RPT_CORNER_RADIUS_BOTTOMRIGHT>
        </ReportRectangle>
        <ReportLabel>
          <RPT_TEXT_MODE>False</RPT_TEXT_MODE>
          <RPT_INTERNAL_NAME>Control160</RPT_INTERNAL_NAME>
          <RPT_ID>160</RPT_ID>
          <RPT_VISIBLE>True</RPT_VISIBLE>
          <RPT_TEXT>ACESSÓRIOS</RPT_TEXT>
          <RPT_X>359</RPT_X>
          <RPT_Y>3</RPT_Y>
          <RPT_WIDTH>105</RPT_WIDTH>
          <RPT_HEIGHT>19</RPT_HEIGHT>
          <RPT_FORECOLOR>Black, ARGB(255,0,0,0)</RPT_FORECOLOR>
          <RPT_BACKCOLOR>Transparent, ARGB(0,255,255,255)</RPT_BACKCOLOR>
          <RPT_BORDERS>None</RPT_BORDERS>
          <RPT_BORDERWIDTH>1</RPT_BORDERWIDTH>
          <RPT_BORDERCOLOR>Black, ARGB(255,0,0,0)</RPT_BORDERCOLOR>
          <RPT_ALIGNMENT>TopLeft</RPT_ALIGNMENT>
          <RPT_FONT>Courier New, 12pt, style=Bold</RPT_FONT>
          <RPT_WORDWRAP>False</RPT_WORDWRAP>
        </ReportLabel>
        <ReportLabel>
          <RPT_TEXT_MODE>False</RPT_TEXT_MODE>
          <RPT_INTERNAL_NAME>Control161</RPT_INTERNAL_NAME>
          <RPT_ID>161</RPT_ID>
          <RPT_VISIBLE>True</RPT_VISIBLE>
          <RPT_TEXT>Macro =</RPT_TEXT>
          <RPT_X>643</RPT_X>
          <RPT_Y>4</RPT_Y>
          <RPT_WIDTH>52</RPT_WIDTH>
          <RPT_HEIGHT>17</RPT_HEIGHT>
          <RPT_FORECOLOR>Black, ARGB(255,0,0,0)</RPT_FORECOLOR>
          <RPT_BACKCOLOR>Transparent, ARGB(0,255,255,255)</RPT_BACKCOLOR>
          <RPT_BORDERS>None</RPT_BORDERS>
          <RPT_BORDERWIDTH>1</RPT_BORDERWIDTH>
          <RPT_BORDERCOLOR>Black, ARGB(255,0,0,0)</RPT_BORDERCOLOR>
          <RPT_ALIGNMENT>TopLeft</RPT_ALIGNMENT>
          <RPT_FONT>Courier New, 9pt, style=Bold</RPT_FONT>
          <RPT_WORDWRAP>False</RPT_WORDWRAP>
        </ReportLabel>
        <ReportAttribute>
          <RPT_TEXT_MODE>False</RPT_TEXT_MODE>
          <RPT_INTERNAL_NAME>Control162</RPT_INTERNAL_NAME>
          <RPT_ID>162</RPT_ID>
          <RPT_VISIBLE>True</RPT_VISIBLE>
          <ControlName>&amp;MacCod</ControlName>
          <AttID>&amp;MacCod</AttID>
          <AttType>4</AttType>
          <BaseAttType>4</BaseAttType>
          <PROP_EXT_BASE_ATT_COLLECTION>False</PROP_EXT_BASE_ATT_COLLECTION>
          <GxObjClass>1</GxObjClass>
          <isVariable>True</isVariable>
          <isAttribute>False</isAttribute>
          <ColCount>8</ColCount>
          <ControlType>Edit</ControlType>
          <IsEnumerated>False</IsEnumerated>
          <RowIndex>1</RowIndex>
          <ColIndex>1</ColIndex>
          <AttNumDim>0</AttNumDim>
          <AttCollection>False</AttCollection>
          <RPT_TEXT>Text</RPT_TEXT>
          <RPT_X>696</RPT_X>
          <RPT_Y>4</RPT_Y>
          <RPT_WIDTH>59</RPT_WIDTH>
          <RPT_WIDTH_Default>59</RPT_WIDTH_Default>
          <RPT_HEIGHT>17</RPT_HEIGHT>
          <RPT_HEIGHT_Default>17</RPT_HEIGHT_Default>
          <RPT_FORECOLOR>Black, ARGB(255,0,0,0)</RPT_FORECOLOR>
          <RPT_BACKCOLOR>Transparent, ARGB(0,255,255,255)</RPT_BACKCOLOR>
          <RPT_BORDERS>None</RPT_BORDERS>
          <RPT_BORDERWIDTH>1</RPT_BORDERWIDTH>
          <RPT_BORDERCOLOR>Black, ARGB(255,0,0,0)</RPT_BORDERCOLOR>
          <RPT_ALIGNMENT>TopRight</RPT_ALIGNMENT>
          <RPT_FONT>Courier New, 9pt</RPT_FONT>
          <GxFormat>Text</GxFormat>
          <RPT_WORDWRAP>False</RPT_WORDWRAP>
          <AttEditNameProtected>False</AttEditNameProtected>
          <IsStandardVariable>False</IsStandardVariable>
          <idIsAutoDefinedVariable>False</idIsAutoDefinedVariable>
          <AttEditDisableArrays>False</AttEditDisableArrays>
          <AttEditNewVariable>False</AttEditNewVariable>
          <AttEditDontAssign>False</AttEditDontAssign>
        </ReportAttribute>
        <ReportLine>
          <RPT_TEXT_MODE>False</RPT_TEXT_MODE>
          <RPT_INTERNAL_NAME>Control163</RPT_INTERNAL_NAME>
          <RPT_ID>163</RPT_ID>
          <RPT_VISIBLE>True</RPT_VISIBLE>
          <RPT_X>49</RPT_X>
          <RPT_Y>26</RPT_Y>
          <RPT_WIDTH>1</RPT_WIDTH>
          <RPT_HEIGHT>8</RPT_HEIGHT>
          <RPT_FORECOLOR>Black, ARGB(255,0,0,0)</RPT_FORECOLOR>
          <RPT_LINEDIRECTION>Vertical</RPT_LINEDIRECTION>
          <RPT_LINEWIDTH>1</RPT_LINEWIDTH>
          <RPT_STYLE_LINE>Solid</RPT_STYLE_LINE>
          <RPT_ALIGNMENT>TopLeft</RPT_ALIGNMENT>
        </ReportLine>
        <ReportLine>
          <RPT_TEXT_MODE>False</RPT_TEXT_MODE>
          <RPT_INTERNAL_NAME>Control164</RPT_INTERNAL_NAME>
          <RPT_ID>164</RPT_ID>
          <RPT_VISIBLE>True</RPT_VISIBLE>
          <RPT_X>763</RPT_X>
          <RPT_Y>26</RPT_Y>
          <RPT_WIDTH>1</RPT_WIDTH>
          <RPT_HEIGHT>8</RPT_HEIGHT>
          <RPT_FORECOLOR>Black, ARGB(255,0,0,0)</RPT_FORECOLOR>
          <RPT_LINEDIRECTION>Vertical</RPT_LINEDIRECTION>
          <RPT_LINEWIDTH>1</RPT_LINEWIDTH>
          <RPT_STYLE_LINE>Solid</RPT_STYLE_LINE>
          <RPT_ALIGNMENT>TopLeft</RPT_ALIGNMENT>
        </ReportLine>
      </Controls>
      <Properties>
        <RPT_TEXT_MODE>False</RPT_TEXT_MODE>
        <RPT_INTERNAL_NAME>P_HDRMOD5</RPT_INTERNAL_NAME>
        <RPT_ID>158</RPT_ID>
        <RPT_VISIBLE>True</RPT_VISIBLE>
        <RPT_TEXT>Text</RPT_TEXT>
        <RPT_X>74</RPT_X>
        <RPT_Y>735</RPT_Y>
        <RPT_WIDTH>856</RPT_WIDTH>
        <RPT_HEIGHT>34</RPT_HEIGHT>
      </Properties>
    </PrintBlock>
    <PrintBlock>
      <Controls>
        <ReportAttribute>
          <RPT_TEXT_MODE>False</RPT_TEXT_MODE>
          <RPT_INTERNAL_NAME>Control166</RPT_INTERNAL_NAME>
          <RPT_ID>166</RPT_ID>
          <RPT_VISIBLE>True</RPT_VISIBLE>
          <ControlName>&amp;ObsTxt</ControlName>
          <AttID>&amp;ObsTxt</AttID>
          <AttType>5</AttType>
          <BaseAttType>5</BaseAttType>
          <PROP_EXT_BASE_ATT_COLLECTION>False</PROP_EXT_BASE_ATT_COLLECTION>
          <GxObjClass>1</GxObjClass>
          <isVariable>True</isVariable>
          <isAttribute>False</isAttribute>
          <ColCount>30</ColCount>
          <ControlType>Edit</ControlType>
          <IsEnumerated>False</IsEnumerated>
          <RowIndex>1</RowIndex>
          <ColIndex>1</ColIndex>
          <AttNumDim>0</AttNumDim>
          <AttCollection>False</AttCollection>
          <RPT_TEXT>Text</RPT_TEXT>
          <RPT_X>539</RPT_X>
          <RPT_Y>2</RPT_Y>
          <RPT_WIDTH>220</RPT_WIDTH>
          <RPT_WIDTH_Default>220</RPT_WIDTH_Default>
          <RPT_HEIGHT>16</RPT_HEIGHT>
          <RPT_HEIGHT_Default>16</RPT_HEIGHT_Default>
          <RPT_FORECOLOR>Black, ARGB(255,0,0,0)</RPT_FORECOLOR>
          <RPT_BACKCOLOR>White, ARGB(255,255,255,255)</RPT_BACKCOLOR>
          <RPT_BORDERS>None</RPT_BORDERS>
          <RPT_BORDERWIDTH>1</RPT_BORDERWIDTH>
          <RPT_BORDERCOLOR>Black, ARGB(255,0,0,0)</RPT_BORDERCOLOR>
          <RPT_ALIGNMENT>TopLeft</RPT_ALIGNMENT>
          <RPT_FONT>Courier New, 8pt</RPT_FONT>
          <GxFormat>Text</GxFormat>
          <RPT_WORDWRAP>False</RPT_WORDWRAP>
          <AttEditNameProtected>False</AttEditNameProtected>
          <IsStandardVariable>False</IsStandardVariable>
          <idIsAutoDefinedVariable>False</idIsAutoDefinedVariable>
          <AttEditDisableArrays>False</AttEditDisableArrays>
          <AttEditNewVariable>False</AttEditNewVariable>
          <AttEditDontAssign>False</AttEditDontAssign>
        </ReportAttribute>
        <ReportAttribute>
          <RPT_TEXT_MODE>False</RPT_TEXT_MODE>
          <RPT_INTERNAL_NAME>Control167</RPT_INTERNAL_NAME>
          <RPT_ID>167</RPT_ID>
          <RPT_VISIBLE>True</RPT_VISIBLE>
          <ControlName>&amp;ArtDscAGr</ControlName>
          <AttID>&amp;ArtDscAGr</AttID>
          <AttType>5</AttType>
          <BaseAttType>5</BaseAttType>
          <PROP_EXT_BASE_ATT_COLLECTION>False</PROP_EXT_BASE_ATT_COLLECTION>
          <GxObjClass>1</GxObjClass>
          <isVariable>True</isVariable>
          <isAttribute>False</isAttribute>
          <ColCount>20</ColCount>
          <ControlType>Edit</ControlType>
          <IsEnumerated>False</IsEnumerated>
          <RowIndex>1</RowIndex>
          <ColIndex>1</ColIndex>
          <AttNumDim>0</AttNumDim>
          <AttCollection>False</AttCollection>
          <RPT_TEXT>Text</RPT_TEXT>
          <RPT_X>168</RPT_X>
          <RPT_Y>2</RPT_Y>
          <RPT_WIDTH>168</RPT_WIDTH>
          <RPT_WIDTH_Default>168</RPT_WIDTH_Default>
          <RPT_HEIGHT>18</RPT_HEIGHT>
          <RPT_HEIGHT_Default>18</RPT_HEIGHT_Default>
          <RPT_FORECOLOR>Black, ARGB(255,0,0,0)</RPT_FORECOLOR>
          <RPT_BACKCOLOR>White, ARGB(255,255,255,255)</RPT_BACKCOLOR>
          <RPT_BORDERS>None</RPT_BORDERS>
          <RPT_BORDERWIDTH>1</RPT_BORDERWIDTH>
          <RPT_BORDERCOLOR>Black, ARGB(255,0,0,0)</RPT_BORDERCOLOR>
          <RPT_ALIGNMENT>TopLeft</RPT_ALIGNMENT>
          <RPT_FONT>Courier New, 10pt</RPT_FONT>
          <GxFormat>Text</GxFormat>
          <RPT_WORDWRAP>False</RPT_WORDWRAP>
          <AttEditNameProtected>False</AttEditNameProtected>
          <IsStandardVariable>False</IsStandardVariable>
          <idIsAutoDefinedVariable>False</idIsAutoDefinedVariable>
          <AttEditDisableArrays>False</AttEditDisableArrays>
          <AttEditNewVariable>False</AttEditNewVariable>
          <AttEditDontAssign>False</AttEditDontAssign>
        </ReportAttribute>
        <ReportAttribute>
          <RPT_TEXT_MODE>False</RPT_TEXT_MODE>
          <RPT_INTERNAL_NAME>Control168</RPT_INTERNAL_NAME>
          <RPT_ID>168</RPT_ID>
          <RPT_VISIBLE>True</RPT_VISIBLE>
          <ControlName>MacBarCod</ControlName>
          <AttID>MacBarCod</AttID>
          <AttType>4</AttType>
          <BaseAttType>4</BaseAttType>
          <PROP_EXT_BASE_ATT_COLLECTION>False</PROP_EXT_BASE_ATT_COLLECTION>
          <GxObjClass>1</GxObjClass>
          <isVariable>False</isVariable>
          <isAttribute>True</isAttribute>
          <ColCount>8</ColCount>
          <ControlType>Edit</ControlType>
          <IsEnumerated>False</IsEnumerated>
          <RowIndex>1</RowIndex>
          <ColIndex>1</ColIndex>
          <AttNumDim>0</AttNumDim>
          <AttCollection>False</AttCollection>
          <RPT_TEXT>Text</RPT_TEXT>
          <RPT_X>53</RPT_X>
          <RPT_Y>2</RPT_Y>
          <RPT_WIDTH>68</RPT_WIDTH>
          <RPT_WIDTH_Default>68</RPT_WIDTH_Default>
          <RPT_HEIGHT>18</RPT_HEIGHT>
          <RPT_HEIGHT_Default>18</RPT_HEIGHT_Default>
          <RPT_FORECOLOR>Black, ARGB(255,0,0,0)</RPT_FORECOLOR>
          <RPT_BACKCOLOR>White, ARGB(255,255,255,255)</RPT_BACKCOLOR>
          <RPT_BORDERS>None</RPT_BORDERS>
          <RPT_BORDERWIDTH>1</RPT_BORDERWIDTH>
          <RPT_BORDERCOLOR>Black, ARGB(255,0,0,0)</RPT_BORDERCOLOR>
          <RPT_ALIGNMENT>TopRight</RPT_ALIGNMENT>
          <RPT_FONT>Courier New, 10pt, style=Bold</RPT_FONT>
          <GxFormat>Text</GxFormat>
          <RPT_WORDWRAP>False</RPT_WORDWRAP>
          <AttEditNameProtected>False</AttEditNameProtected>
          <IsStandardVariable>False</IsStandardVariable>
          <idIsAutoDefinedVariable>False</idIsAutoDefinedVariable>
          <AttEditDisableArrays>False</AttEditDisableArrays>
          <AttEditNewVariable>False</AttEditNewVariable>
          <AttEditDontAssign>False</AttEditDontAssign>
        </ReportAttribute>
        <ReportAttribute>
          <RPT_TEXT_MODE>False</RPT_TEXT_MODE>
          <RPT_INTERNAL_NAME>Control169</RPT_INTERNAL_NAME>
          <RPT_ID>169</RPT_ID>
          <RPT_VISIBLE>True</RPT_VISIBLE>
          <ControlName>MacBarPar</ControlName>
          <AttID>MacBarPar</AttID>
          <AttType>5</AttType>
          <BaseAttType>5</BaseAttType>
          <PROP_EXT_BASE_ATT_COLLECTION>False</PROP_EXT_BASE_ATT_COLLECTION>
          <GxObjClass>1</GxObjClass>
          <isVariable>False</isVariable>
          <isAttribute>True</isAttribute>
          <ColCount>1</ColCount>
          <ControlType>Edit</ControlType>
          <IsEnumerated>False</IsEnumerated>
          <RowIndex>1</RowIndex>
          <ColIndex>1</ColIndex>
          <AttNumDim>0</AttNumDim>
          <AttCollection>False</AttCollection>
          <RPT_TEXT>Text</RPT_TEXT>
          <RPT_X>154</RPT_X>
          <RPT_Y>2</RPT_Y>
          <RPT_WIDTH>9</RPT_WIDTH>
          <RPT_WIDTH_Default>9</RPT_WIDTH_Default>
          <RPT_HEIGHT>18</RPT_HEIGHT>
          <RPT_HEIGHT_Default>18</RPT_HEIGHT_Default>
          <RPT_FORECOLOR>Black, ARGB(255,0,0,0)</RPT_FORECOLOR>
          <RPT_BACKCOLOR>White, ARGB(255,255,255,255)</RPT_BACKCOLOR>
          <RPT_BORDERS>None</RPT_BORDERS>
          <RPT_BORDERWIDTH>1</RPT_BORDERWIDTH>
          <RPT_BORDERCOLOR>Black, ARGB(255,0,0,0)</RPT_BORDERCOLOR>
          <RPT_ALIGNMENT>TopLeft</RPT_ALIGNMENT>
          <RPT_FONT>Courier New, 10pt, style=Bold</RPT_FONT>
          <GxFormat>Text</GxFormat>
          <RPT_WORDWRAP>False</RPT_WORDWRAP>
          <AttEditNameProtected>False</AttEditNameProtected>
          <IsStandardVariable>False</IsStandardVariable>
          <idIsAutoDefinedVariable>False</idIsAutoDefinedVariable>
          <AttEditDisableArrays>False</AttEditDisableArrays>
          <AttEditNewVariable>False</AttEditNewVariable>
          <AttEditDontAssign>False</AttEditDontAssign>
        </ReportAttribute>
        <ReportAttribute>
          <RPT_TEXT_MODE>False</RPT_TEXT_MODE>
          <RPT_INTERNAL_NAME>Control170</RPT_INTERNAL_NAME>
          <RPT_ID>170</RPT_ID>
          <RPT_VISIBLE>True</RPT_VISIBLE>
          <ControlName>MacBarReo</ControlName>
          <AttID>MacBarReo</AttID>
          <AttType>4</AttType>
          <BaseAttType>4</BaseAttType>
          <PROP_EXT_BASE_ATT_COLLECTION>False</PROP_EXT_BASE_ATT_COLLECTION>
          <GxObjClass>1</GxObjClass>
          <isVariable>False</isVariable>
          <isAttribute>True</isAttribute>
          <ColCount>1</ColCount>
          <ControlType>Edit</ControlType>
          <IsEnumerated>False</IsEnumerated>
          <RowIndex>1</RowIndex>
          <ColIndex>1</ColIndex>
          <AttNumDim>0</AttNumDim>
          <AttCollection>False</AttCollection>
          <RPT_TEXT>Text</RPT_TEXT>
          <RPT_X>140</RPT_X>
          <RPT_Y>2</RPT_Y>
          <RPT_WIDTH>9</RPT_WIDTH>
          <RPT_WIDTH_Default>9</RPT_WIDTH_Default>
          <RPT_HEIGHT>18</RPT_HEIGHT>
          <RPT_HEIGHT_Default>18</RPT_HEIGHT_Default>
          <RPT_FORECOLOR>Black, ARGB(255,0,0,0)</RPT_FORECOLOR>
          <RPT_BACKCOLOR>White, ARGB(255,255,255,255)</RPT_BACKCOLOR>
          <RPT_BORDERS>None</RPT_BORDERS>
          <RPT_BORDERWIDTH>1</RPT_BORDERWIDTH>
          <RPT_BORDERCOLOR>Black, ARGB(255,0,0,0)</RPT_BORDERCOLOR>
          <RPT_ALIGNMENT>TopRight</RPT_ALIGNMENT>
          <RPT_FONT>Courier New, 10pt, style=Bold</RPT_FONT>
          <GxFormat>Text</GxFormat>
          <RPT_WORDWRAP>False</RPT_WORDWRAP>
          <AttEditNameProtected>False</AttEditNameProtected>
          <IsStandardVariable>False</IsStandardVariable>
          <idIsAutoDefinedVariable>False</idIsAutoDefinedVariable>
          <AttEditDisableArrays>False</AttEditDisableArrays>
          <AttEditNewVariable>False</AttEditNewVariable>
          <AttEditDontAssign>False</AttEditDontAssign>
        </ReportAttribute>
        <ReportLabel>
          <RPT_TEXT_MODE>False</RPT_TEXT_MODE>
          <RPT_INTERNAL_NAME>Control171</RPT_INTERNAL_NAME>
          <RPT_ID>171</RPT_ID>
          <RPT_VISIBLE>True</RPT_VISIBLE>
          <RPT_TEXT>-</RPT_TEXT>
          <RPT_X>125</RPT_X>
          <RPT_Y>2</RPT_Y>
          <RPT_WIDTH>9</RPT_WIDTH>
          <RPT_HEIGHT>18</RPT_HEIGHT>
          <RPT_FORECOLOR>Black, ARGB(255,0,0,0)</RPT_FORECOLOR>
          <RPT_BACKCOLOR>Transparent, ARGB(0,255,255,255)</RPT_BACKCOLOR>
          <RPT_BORDERS>None</RPT_BORDERS>
          <RPT_BORDERWIDTH>1</RPT_BORDERWIDTH>
          <RPT_BORDERCOLOR>Black, ARGB(255,0,0,0)</RPT_BORDERCOLOR>
          <RPT_ALIGNMENT>TopLeft</RPT_ALIGNMENT>
          <RPT_FONT>Courier New, 10pt</RPT_FONT>
          <RPT_WORDWRAP>False</RPT_WORDWRAP>
        </ReportLabel>
        <ReportAttribute>
          <RPT_TEXT_MODE>False</RPT_TEXT_MODE>
          <RPT_INTERNAL_NAME>Control172</RPT_INTERNAL_NAME>
          <RPT_ID>172</RPT_ID>
          <RPT_VISIBLE>True</RPT_VISIBLE>
          <ControlName>&amp;KgmAgr</ControlName>
          <AttID>&amp;KgmAgr</AttID>
          <AttType>4</AttType>
          <BaseAttType>4</BaseAttType>
          <PROP_EXT_BASE_ATT_COLLECTION>False</PROP_EXT_BASE_ATT_COLLECTION>
          <GxObjClass>1</GxObjClass>
          <isVariable>True</isVariable>
          <isAttribute>False</isAttribute>
          <ColCount>9</ColCount>
          <ControlType>Edit</ControlType>
          <IsEnumerated>False</IsEnumerated>
          <RowIndex>1</RowIndex>
          <ColIndex>1</ColIndex>
          <AttNumDim>0</AttNumDim>
          <AttCollection>False</AttCollection>
          <RPT_TEXT>Text</RPT_TEXT>
          <RPT_X>414</RPT_X>
          <RPT_Y>2</RPT_Y>
          <RPT_WIDTH>67</RPT_WIDTH>
          <RPT_WIDTH_Default>67</RPT_WIDTH_Default>
          <RPT_HEIGHT>17</RPT_HEIGHT>
          <RPT_HEIGHT_Default>17</RPT_HEIGHT_Default>
          <RPT_FORECOLOR>Black, ARGB(255,0,0,0)</RPT_FORECOLOR>
          <RPT_BACKCOLOR>White, ARGB(255,255,255,255)</RPT_BACKCOLOR>
          <RPT_BORDERS>None</RPT_BORDERS>
          <RPT_BORDERWIDTH>1</RPT_BORDERWIDTH>
          <RPT_BORDERCOLOR>Black, ARGB(255,0,0,0)</RPT_BORDERCOLOR>
          <RPT_ALIGNMENT>TopRight</RPT_ALIGNMENT>
          <RPT_FONT>Courier New, 9pt</RPT_FONT>
          <GxFormat>Text</GxFormat>
          <RPT_WORDWRAP>False</RPT_WORDWRAP>
          <AttEditNameProtected>False</AttEditNameProtected>
          <IsStandardVariable>False</IsStandardVariable>
          <idIsAutoDefinedVariable>False</idIsAutoDefinedVariable>
          <AttEditDisableArrays>False</AttEditDisableArrays>
          <AttEditNewVariable>False</AttEditNewVariable>
          <AttEditDontAssign>False</AttEditDontAssign>
        </ReportAttribute>
        <ReportAttribute>
          <RPT_TEXT_MODE>False</RPT_TEXT_MODE>
          <RPT_INTERNAL_NAME>Control173</RPT_INTERNAL_NAME>
          <RPT_ID>173</RPT_ID>
          <RPT_VISIBLE>True</RPT_VISIBLE>
          <ControlName>&amp;Pecas</ControlName>
          <AttID>&amp;Pecas</AttID>
          <AttType>4</AttType>
          <BaseAttType>4</BaseAttType>
          <PROP_EXT_BASE_ATT_COLLECTION>False</PROP_EXT_BASE_ATT_COLLECTION>
          <GxObjClass>1</GxObjClass>
          <isVariable>True</isVariable>
          <isAttribute>False</isAttribute>
          <ColCount>4</ColCount>
          <ControlType>Edit</ControlType>
          <IsEnumerated>False</IsEnumerated>
          <RowIndex>1</RowIndex>
          <ColIndex>1</ColIndex>
          <AttNumDim>0</AttNumDim>
          <AttCollection>False</AttCollection>
          <RPT_TEXT>Text</RPT_TEXT>
          <RPT_X>341</RPT_X>
          <RPT_Y>2</RPT_Y>
          <RPT_WIDTH>30</RPT_WIDTH>
          <RPT_WIDTH_Default>30</RPT_WIDTH_Default>
          <RPT_HEIGHT>17</RPT_HEIGHT>
          <RPT_HEIGHT_Default>17</RPT_HEIGHT_Default>
          <RPT_FORECOLOR>Black, ARGB(255,0,0,0)</RPT_FORECOLOR>
          <RPT_BACKCOLOR>White, ARGB(255,255,255,255)</RPT_BACKCOLOR>
          <RPT_BORDERS>None</RPT_BORDERS>
          <RPT_BORDERWIDTH>1</RPT_BORDERWIDTH>
          <RPT_BORDERCOLOR>Black, ARGB(255,0,0,0)</RPT_BORDERCOLOR>
          <RPT_ALIGNMENT>TopRight</RPT_ALIGNMENT>
          <RPT_FONT>Courier New, 9pt</RPT_FONT>
          <GxFormat>Text</GxFormat>
          <RPT_WORDWRAP>False</RPT_WORDWRAP>
          <AttEditNameProtected>False</AttEditNameProtected>
          <IsStandardVariable>False</IsStandardVariable>
          <idIsAutoDefinedVariable>False</idIsAutoDefinedVariable>
          <AttEditDisableArrays>False</AttEditDisableArrays>
          <AttEditNewVariable>False</AttEditNewVariable>
          <AttEditDontAssign>False</AttEditDontAssign>
        </ReportAttribute>
        <ReportLabel>
          <RPT_TEXT_MODE>False</RPT_TEXT_MODE>
          <RPT_INTERNAL_NAME>Control174</RPT_INTERNAL_NAME>
          <RPT_ID>174</RPT_ID>
          <RPT_VISIBLE>True</RPT_VISIBLE>
          <RPT_TEXT>peça c/</RPT_TEXT>
          <RPT_X>376</RPT_X>
          <RPT_Y>4</RPT_Y>
          <RPT_WIDTH>37</RPT_WIDTH>
          <RPT_HEIGHT>14</RPT_HEIGHT>
          <RPT_FORECOLOR>Black, ARGB(255,0,0,0)</RPT_FORECOLOR>
          <RPT_BACKCOLOR>Transparent, ARGB(0,255,255,255)</RPT_BACKCOLOR>
          <RPT_BORDERS>None</RPT_BORDERS>
          <RPT_BORDERWIDTH>1</RPT_BORDERWIDTH>
          <RPT_BORDERCOLOR>Black, ARGB(255,0,0,0)</RPT_BORDERCOLOR>
          <RPT_ALIGNMENT>TopLeft</RPT_ALIGNMENT>
          <RPT_FONT>Courier New, 7pt, style=Bold</RPT_FONT>
          <RPT_WORDWRAP>False</RPT_WORDWRAP>
        </ReportLabel>
        <ReportLabel>
          <RPT_TEXT_MODE>False</RPT_TEXT_MODE>
          <RPT_INTERNAL_NAME>Control175</RPT_INTERNAL_NAME>
          <RPT_ID>175</RPT_ID>
          <RPT_VISIBLE>True</RPT_VISIBLE>
          <RPT_TEXT>Kgs</RPT_TEXT>
          <RPT_X>485</RPT_X>
          <RPT_Y>4</RPT_Y>
          <RPT_WIDTH>17</RPT_WIDTH>
          <RPT_HEIGHT>14</RPT_HEIGHT>
          <RPT_FORECOLOR>Black, ARGB(255,0,0,0)</RPT_FORECOLOR>
          <RPT_BACKCOLOR>Transparent, ARGB(0,255,255,255)</RPT_BACKCOLOR>
          <RPT_BORDERS>None</RPT_BORDERS>
          <RPT_BORDERWIDTH>1</RPT_BORDERWIDTH>
          <RPT_BORDERCOLOR>Black, ARGB(255,0,0,0)</RPT_BORDERCOLOR>
          <RPT_ALIGNMENT>TopLeft</RPT_ALIGNMENT>
          <RPT_FONT>Courier New, 7pt, style=Bold</RPT_FONT>
          <RPT_WORDWRAP>False</RPT_WORDWRAP>
        </ReportLabel>
        <ReportLabel>
          <RPT_TEXT_MODE>False</RPT_TEXT_MODE>
          <RPT_INTERNAL_NAME>Control176</RPT_INTERNAL_NAME>
          <RPT_ID>176</RPT_ID>
          <RPT_VISIBLE>True</RPT_VISIBLE>
          <RPT_TEXT>Obs.</RPT_TEXT>
          <RPT_X>515</RPT_X>
          <RPT_Y>4</RPT_Y>
          <RPT_WIDTH>22</RPT_WIDTH>
          <RPT_HEIGHT>14</RPT_HEIGHT>
          <RPT_FORECOLOR>Black, ARGB(255,0,0,0)</RPT_FORECOLOR>
          <RPT_BACKCOLOR>Transparent, ARGB(0,255,255,255)</RPT_BACKCOLOR>
          <RPT_BORDERS>None</RPT_BORDERS>
          <RPT_BORDERWIDTH>1</RPT_BORDERWIDTH>
          <RPT_BORDERCOLOR>Black, ARGB(255,0,0,0)</RPT_BORDERCOLOR>
          <RPT_ALIGNMENT>TopLeft</RPT_ALIGNMENT>
          <RPT_FONT>Courier New, 7pt, style=Bold</RPT_FONT>
          <RPT_WORDWRAP>False</RPT_WORDWRAP>
        </ReportLabel>
        <ReportLine>
          <RPT_TEXT_MODE>False</RPT_TEXT_MODE>
          <RPT_INTERNAL_NAME>Control177</RPT_INTERNAL_NAME>
          <RPT_ID>177</RPT_ID>
          <RPT_VISIBLE>True</RPT_VISIBLE>
          <RPT_X>49</RPT_X>
          <RPT_Y>0</RPT_Y>
          <RPT_WIDTH>1</RPT_WIDTH>
          <RPT_HEIGHT>20</RPT_HEIGHT>
          <RPT_FORECOLOR>Black, ARGB(255,0,0,0)</RPT_FORECOLOR>
          <RPT_LINEDIRECTION>Vertical</RPT_LINEDIRECTION>
          <RPT_LINEWIDTH>1</RPT_LINEWIDTH>
          <RPT_STYLE_LINE>Solid</RPT_STYLE_LINE>
          <RPT_ALIGNMENT>TopLeft</RPT_ALIGNMENT>
        </ReportLine>
        <ReportLine>
          <RPT_TEXT_MODE>False</RPT_TEXT_MODE>
          <RPT_INTERNAL_NAME>Control178</RPT_INTERNAL_NAME>
          <RPT_ID>178</RPT_ID>
          <RPT_VISIBLE>True</RPT_VISIBLE>
          <RPT_X>763</RPT_X>
          <RPT_Y>0</RPT_Y>
          <RPT_WIDTH>1</RPT_WIDTH>
          <RPT_HEIGHT>20</RPT_HEIGHT>
          <RPT_FORECOLOR>Black, ARGB(255,0,0,0)</RPT_FORECOLOR>
          <RPT_LINEDIRECTION>Vertical</RPT_LINEDIRECTION>
          <RPT_LINEWIDTH>1</RPT_LINEWIDTH>
          <RPT_STYLE_LINE>Solid</RPT_STYLE_LINE>
          <RPT_ALIGNMENT>TopLeft</RPT_ALIGNMENT>
        </ReportLine>
      </Controls>
      <Properties>
        <RPT_TEXT_MODE>False</RPT_TEXT_MODE>
        <RPT_INTERNAL_NAME>P_MacBarCod</RPT_INTERNAL_NAME>
        <RPT_ID>165</RPT_ID>
        <RPT_VISIBLE>True</RPT_VISIBLE>
        <RPT_TEXT>Text</RPT_TEXT>
        <RPT_X>74</RPT_X>
        <RPT_Y>773</RPT_Y>
        <RPT_WIDTH>856</RPT_WIDTH>
        <RPT_HEIGHT>20</RPT_HEIGHT>
      </Properties>
    </PrintBlock>
    <PrintBlock>
      <Controls>
        <ReportLine>
          <RPT_TEXT_MODE>False</RPT_TEXT_MODE>
          <RPT_INTERNAL_NAME>Control180</RPT_INTERNAL_NAME>
          <RPT_ID>180</RPT_ID>
          <RPT_VISIBLE>True</RPT_VISIBLE>
          <RPT_X>49</RPT_X>
          <RPT_Y>7</RPT_Y>
          <RPT_WIDTH>715</RPT_WIDTH>
          <RPT_HEIGHT>1</RPT_HEIGHT>
          <RPT_FORECOLOR>Black, ARGB(255,0,0,0)</RPT_FORECOLOR>
          <RPT_LINEDIRECTION>Horizontal</RPT_LINEDIRECTION>
          <RPT_LINEWIDTH>1</RPT_LINEWIDTH>
          <RPT_STYLE_LINE>Solid</RPT_STYLE_LINE>
          <RPT_ALIGNMENT>TopLeft</RPT_ALIGNMENT>
        </ReportLine>
        <ReportLine>
          <RPT_TEXT_MODE>False</RPT_TEXT_MODE>
          <RPT_INTERNAL_NAME>Control181</RPT_INTERNAL_NAME>
          <RPT_ID>181</RPT_ID>
          <RPT_VISIBLE>True</RPT_VISIBLE>
          <RPT_X>49</RPT_X>
          <RPT_Y>0</RPT_Y>
          <RPT_WIDTH>1</RPT_WIDTH>
          <RPT_HEIGHT>8</RPT_HEIGHT>
          <RPT_FORECOLOR>Black, ARGB(255,0,0,0)</RPT_FORECOLOR>
          <RPT_LINEDIRECTION>Vertical</RPT_LINEDIRECTION>
          <RPT_LINEWIDTH>1</RPT_LINEWIDTH>
          <RPT_STYLE_LINE>Solid</RPT_STYLE_LINE>
          <RPT_ALIGNMENT>TopLeft</RPT_ALIGNMENT>
        </ReportLine>
        <ReportLine>
          <RPT_TEXT_MODE>False</RPT_TEXT_MODE>
          <RPT_INTERNAL_NAME>Control182</RPT_INTERNAL_NAME>
          <RPT_ID>182</RPT_ID>
          <RPT_VISIBLE>True</RPT_VISIBLE>
          <RPT_X>763</RPT_X>
          <RPT_Y>0</RPT_Y>
          <RPT_WIDTH>1</RPT_WIDTH>
          <RPT_HEIGHT>8</RPT_HEIGHT>
          <RPT_FORECOLOR>Black, ARGB(255,0,0,0)</RPT_FORECOLOR>
          <RPT_LINEDIRECTION>Vertical</RPT_LINEDIRECTION>
          <RPT_LINEWIDTH>1</RPT_LINEWIDTH>
          <RPT_STYLE_LINE>Solid</RPT_STYLE_LINE>
          <RPT_ALIGNMENT>TopLeft</RPT_ALIGNMENT>
        </ReportLine>
      </Controls>
      <Properties>
        <RPT_TEXT_MODE>False</RPT_TEXT_MODE>
        <RPT_INTERNAL_NAME>P_HDRMOD6</RPT_INTERNAL_NAME>
        <RPT_ID>179</RPT_ID>
        <RPT_VISIBLE>True</RPT_VISIBLE>
        <RPT_TEXT>Text</RPT_TEXT>
        <RPT_X>74</RPT_X>
        <RPT_Y>798</RPT_Y>
        <RPT_WIDTH>856</RPT_WIDTH>
        <RPT_HEIGHT>13</RPT_HEIGHT>
      </Properties>
    </PrintBlock>
    <PrintBlock>
      <Controls>
        <ReportAttribute>
          <RPT_TEXT_MODE>False</RPT_TEXT_MODE>
          <RPT_INTERNAL_NAME>Control184</RPT_INTERNAL_NAME>
          <RPT_ID>184</RPT_ID>
          <RPT_VISIBLE>True</RPT_VISIBLE>
          <ControlName>&amp;TotKgs</ControlName>
          <AttID>&amp;TotKgs</AttID>
          <AttType>4</AttType>
          <BaseAttType>4</BaseAttType>
          <PROP_EXT_BASE_ATT_COLLECTION>False</PROP_EXT_BASE_ATT_COLLECTION>
          <GxObjClass>1</GxObjClass>
          <isVariable>True</isVariable>
          <isAttribute>False</isAttribute>
          <ColCount>9</ColCount>
          <ControlType>Edit</ControlType>
          <IsEnumerated>False</IsEnumerated>
          <RowIndex>1</RowIndex>
          <ColIndex>1</ColIndex>
          <AttNumDim>0</AttNumDim>
          <AttCollection>False</AttCollection>
          <RPT_TEXT>Text</RPT_TEXT>
          <RPT_X>351</RPT_X>
          <RPT_Y>2</RPT_Y>
          <RPT_WIDTH>95</RPT_WIDTH>
          <RPT_WIDTH_Default>95</RPT_WIDTH_Default>
          <RPT_HEIGHT>20</RPT_HEIGHT>
          <RPT_HEIGHT_Default>20</RPT_HEIGHT_Default>
          <RPT_FORECOLOR>Black, ARGB(255,0,0,0)</RPT_FORECOLOR>
          <RPT_BACKCOLOR>White, ARGB(255,255,255,255)</RPT_BACKCOLOR>
          <RPT_BORDERS>None</RPT_BORDERS>
          <RPT_BORDERWIDTH>1</RPT_BORDERWIDTH>
          <RPT_BORDERCOLOR>Black, ARGB(255,0,0,0)</RPT_BORDERCOLOR>
          <RPT_ALIGNMENT>TopRight</RPT_ALIGNMENT>
          <RPT_FONT>Courier New, 12pt, style=Bold</RPT_FONT>
          <GxFormat>Text</GxFormat>
          <RPT_WORDWRAP>False</RPT_WORDWRAP>
          <AttEditNameProtected>False</AttEditNameProtected>
          <IsStandardVariable>False</IsStandardVariable>
          <idIsAutoDefinedVariable>False</idIsAutoDefinedVariable>
          <AttEditDisableArrays>False</AttEditDisableArrays>
          <AttEditNewVariable>False</AttEditNewVariable>
          <AttEditDontAssign>False</AttEditDontAssign>
        </ReportAttribute>
        <ReportLabel>
          <RPT_TEXT_MODE>False</RPT_TEXT_MODE>
          <RPT_INTERNAL_NAME>Control185</RPT_INTERNAL_NAME>
          <RPT_ID>185</RPT_ID>
          <RPT_VISIBLE>True</RPT_VISIBLE>
          <RPT_TEXT>Total Partida</RPT_TEXT>
          <RPT_X>264</RPT_X>
          <RPT_Y>4</RPT_Y>
          <RPT_WIDTH>77</RPT_WIDTH>
          <RPT_HEIGHT>14</RPT_HEIGHT>
          <RPT_FORECOLOR>Black, ARGB(255,0,0,0)</RPT_FORECOLOR>
          <RPT_BACKCOLOR>Transparent, ARGB(0,255,255,255)</RPT_BACKCOLOR>
          <RPT_BORDERS>None</RPT_BORDERS>
          <RPT_BORDERWIDTH>1</RPT_BORDERWIDTH>
          <RPT_BORDERCOLOR>Black, ARGB(255,0,0,0)</RPT_BORDERCOLOR>
          <RPT_ALIGNMENT>TopLeft</RPT_ALIGNMENT>
          <RPT_FONT>Microsoft Sans Serif, 8pt, style=Bold</RPT_FONT>
          <RPT_WORDWRAP>False</RPT_WORDWRAP>
        </ReportLabel>
      </Controls>
      <Properties>
        <RPT_TEXT_MODE>False</RPT_TEXT_MODE>
        <RPT_INTERNAL_NAME>P_HDRMOD7</RPT_INTERNAL_NAME>
        <RPT_ID>183</RPT_ID>
        <RPT_VISIBLE>True</RPT_VISIBLE>
        <RPT_TEXT>Text</RPT_TEXT>
        <RPT_X>74</RPT_X>
        <RPT_Y>823</RPT_Y>
        <RPT_WIDTH>856</RPT_WIDTH>
        <RPT_HEIGHT>22</RPT_HEIGHT>
      </Properties>
    </PrintBlock>
    <PrintBlock>
      <Controls>
        <ReportLabel>
          <RPT_TEXT_MODE>False</RPT_TEXT_MODE>
          <RPT_INTERNAL_NAME>Control187</RPT_INTERNAL_NAME>
          <RPT_ID>187</RPT_ID>
          <RPT_VISIBLE>True</RPT_VISIBLE>
          <RPT_TEXT>Hora /Data Emissão:</RPT_TEXT>
          <RPT_X>48</RPT_X>
          <RPT_Y>188</RPT_Y>
          <RPT_WIDTH>140</RPT_WIDTH>
          <RPT_HEIGHT>15</RPT_HEIGHT>
          <RPT_FORECOLOR>Black, ARGB(255,0,0,0)</RPT_FORECOLOR>
          <RPT_BACKCOLOR>Transparent, ARGB(0,255,255,255)</RPT_BACKCOLOR>
          <RPT_BORDERS>None</RPT_BORDERS>
          <RPT_BORDERWIDTH>1</RPT_BORDERWIDTH>
          <RPT_BORDERCOLOR>Black, ARGB(255,0,0,0)</RPT_BORDERCOLOR>
          <RPT_ALIGNMENT>TopLeft</RPT_ALIGNMENT>
          <RPT_FONT>Courier New, 8pt, style=Bold</RPT_FONT>
          <RPT_WORDWRAP>False</RPT_WORDWRAP>
        </ReportLabel>
        <ReportAttribute>
          <RPT_TEXT_MODE>False</RPT_TEXT_MODE>
          <RPT_INTERNAL_NAME>Control188</RPT_INTERNAL_NAME>
          <RPT_ID>188</RPT_ID>
          <RPT_VISIBLE>True</RPT_VISIBLE>
          <ControlName>&amp;Time</ControlName>
          <AttID>&amp;Time</AttID>
          <AttType>5</AttType>
          <BaseAttType>5</BaseAttType>
          <PROP_EXT_BASE_ATT_COLLECTION>False</PROP_EXT_BASE_ATT_COLLECTION>
          <GxObjClass>1</GxObjClass>
          <isVariable>True</isVariable>
          <isAttribute>False</isAttribute>
          <ColCount>8</ColCount>
          <ControlType>Edit</ControlType>
          <IsEnumerated>False</IsEnumerated>
          <RowIndex>1</RowIndex>
          <ColIndex>1</ColIndex>
          <AttNumDim>0</AttNumDim>
          <AttCollection>False</AttCollection>
          <RPT_TEXT>Text</RPT_TEXT>
          <RPT_X>194</RPT_X>
          <RPT_Y>188</RPT_Y>
          <RPT_WIDTH>59</RPT_WIDTH>
          <RPT_WIDTH_Default>59</RPT_WIDTH_Default>
          <RPT_HEIGHT>16</RPT_HEIGHT>
          <RPT_HEIGHT_Default>16</RPT_HEIGHT_Default>
          <RPT_FORECOLOR>Black, ARGB(255,0,0,0)</RPT_FORECOLOR>
          <RPT_BACKCOLOR>White, ARGB(255,255,255,255)</RPT_BACKCOLOR>
          <RPT_BORDERS>None</RPT_BORDERS>
          <RPT_BORDERWIDTH>1</RPT_BORDERWIDTH>
          <RPT_BORDERCOLOR>Black, ARGB(255,0,0,0)</RPT_BORDERCOLOR>
          <RPT_ALIGNMENT>TopLeft</RPT_ALIGNMENT>
          <RPT_FONT>Courier New, 8pt</RPT_FONT>
          <GxFormat>Text</GxFormat>
          <RPT_WORDWRAP>False</RPT_WORDWRAP>
          <AttEditNameProtected>False</AttEditNameProtected>
          <IsStandardVariable>True</IsStandardVariable>
          <idIsAutoDefinedVariable>False</idIsAutoDefinedVariable>
          <AttEditDisableArrays>False</AttEditDisableArrays>
          <AttEditNewVariable>False</AttEditNewVariable>
          <AttEditDontAssign>False</AttEditDontAssign>
        </ReportAttribute>
        <ReportLabel>
          <RPT_TEXT_MODE>False</RPT_TEXT_MODE>
          <RPT_INTERNAL_NAME>Control189</RPT_INTERNAL_NAME>
          <RPT_ID>189</RPT_ID>
          <RPT_VISIBLE>True</RPT_VISIBLE>
          <RPT_TEXT>Utilizador:</RPT_TEXT>
          <RPT_X>586</RPT_X>
          <RPT_Y>188</RPT_Y>
          <RPT_WIDTH>81</RPT_WIDTH>
          <RPT_HEIGHT>15</RPT_HEIGHT>
          <RPT_FORECOLOR>Black, ARGB(255,0,0,0)</RPT_FORECOLOR>
          <RPT_BACKCOLOR>Transparent, ARGB(0,255,255,255)</RPT_BACKCOLOR>
          <RPT_BORDERS>None</RPT_BORDERS>
          <RPT_BORDERWIDTH>1</RPT_BORDERWIDTH>
          <RPT_BORDERCOLOR>Black, ARGB(255,0,0,0)</RPT_BORDERCOLOR>
          <RPT_ALIGNMENT>TopLeft</RPT_ALIGNMENT>
          <RPT_FONT>Courier New, 8pt, style=Bold</RPT_FONT>
          <RPT_WORDWRAP>False</RPT_WORDWRAP>
        </ReportLabel>
        <ReportAttribute>
          <RPT_TEXT_MODE>False</RPT_TEXT_MODE>
          <RPT_INTERNAL_NAME>Control190</RPT_INTERNAL_NAME>
          <RPT_ID>190</RPT_ID>
          <RPT_VISIBLE>True</RPT_VISIBLE>
          <ControlName>&amp;TermUsu</ControlName>
          <AttID>&amp;TermUsu</AttID>
          <AttType>5</AttType>
          <BaseAttType>5</BaseAttType>
          <PROP_EXT_BASE_ATT_COLLECTION>False</PROP_EXT_BASE_ATT_COLLECTION>
          <GxObjClass>1</GxObjClass>
          <isVariable>True</isVariable>
          <isAttribute>False</isAttribute>
          <ColCount>8</ColCount>
          <ControlType>Edit</ControlType>
          <IsEnumerated>False</IsEnumerated>
          <RowIndex>1</RowIndex>
          <ColIndex>1</ColIndex>
          <AttNumDim>0</AttNumDim>
          <AttCollection>False</AttCollection>
          <RPT_TEXT>Text</RPT_TEXT>
          <RPT_X>688</RPT_X>
          <RPT_Y>188</RPT_Y>
          <RPT_WIDTH>59</RPT_WIDTH>
          <RPT_WIDTH_Default>59</RPT_WIDTH_Default>
          <RPT_HEIGHT>16</RPT_HEIGHT>
          <RPT_HEIGHT_Default>16</RPT_HEIGHT_Default>
          <RPT_FORECOLOR>Black, ARGB(255,0,0,0)</RPT_FORECOLOR>
          <RPT_BACKCOLOR>White, ARGB(255,255,255,255)</RPT_BACKCOLOR>
          <RPT_BORDERS>None</RPT_BORDERS>
          <RPT_BORDERWIDTH>1</RPT_BORDERWIDTH>
          <RPT_BORDERCOLOR>Black, ARGB(255,0,0,0)</RPT_BORDERCOLOR>
          <RPT_ALIGNMENT>TopLeft</RPT_ALIGNMENT>
          <RPT_FONT>Courier New, 8pt</RPT_FONT>
          <GxFormat>Text</GxFormat>
          <RPT_WORDWRAP>False</RPT_WORDWRAP>
          <AttEditNameProtected>False</AttEditNameProtected>
          <IsStandardVariable>False</IsStandardVariable>
          <idIsAutoDefinedVariable>False</idIsAutoDefinedVariable>
          <AttEditDisableArrays>False</AttEditDisableArrays>
          <AttEditNewVariable>False</AttEditNewVariable>
          <AttEditDontAssign>False</AttEditDontAssign>
        </ReportAttribute>
        <ReportRectangle>
          <RPT_TEXT_MODE>False</RPT_TEXT_MODE>
          <RPT_INTERNAL_NAME>Control191</RPT_INTERNAL_NAME>
          <RPT_ID>191</RPT_ID>
          <RPT_VISIBLE>True</RPT_VISIBLE>
          <RPT_X>48</RPT_X>
          <RPT_Y>122</RPT_Y>
          <RPT_WIDTH>715</RPT_WIDTH>
          <RPT_HEIGHT>60</RPT_HEIGHT>
          <RPT_FORECOLOR>Black, ARGB(255,0,0,0)</RPT_FORECOLOR>
          <RPT_BACKCOLOR>Transparent, ARGB(0,255,255,255)</RPT_BACKCOLOR>
          <RPT_BORDERS>All</RPT_BORDERS>
          <RPT_BORDERWIDTH>1</RPT_BORDERWIDTH>
          <RPT_BORDERCOLOR>Black, ARGB(255,0,0,0)</RPT_BORDERCOLOR>
          <RPT_STYLE>Solid</RPT_STYLE>
          <RPT_STYLE_TOP>Solid</RPT_STYLE_TOP>
          <RPT_STYLE_RIGHT>Solid</RPT_STYLE_RIGHT>
          <RPT_STYLE_BOTTOM>Solid</RPT_STYLE_BOTTOM>
          <RPT_STYLE_LEFT>Solid</RPT_STYLE_LEFT>
          <RPT_ALIGNMENT>TopLeft</RPT_ALIGNMENT>
          <RPT_CORNER_RADIUS>0</RPT_CORNER_RADIUS>
          <RPT_CORNER_RADIUS_TOPLEFT>0</RPT_CORNER_RADIUS_TOPLEFT>
          <RPT_CORNER_RADIUS_TOPRIGHT>0</RPT_CORNER_RADIUS_TOPRIGHT>
          <RPT_CORNER_RADIUS_BOTTOMLEFT>0</RPT_CORNER_RADIUS_BOTTOMLEFT>
          <RPT_CORNER_RADIUS_BOTTOMRIGHT>0</RPT_CORNER_RADIUS_BOTTOMRIGHT>
        </ReportRectangle>
        <ReportLabel>
          <RPT_TEXT_MODE>False</RPT_TEXT_MODE>
          <RPT_INTERNAL_NAME>Control192</RPT_INTERNAL_NAME>
          <RPT_ID>192</RPT_ID>
          <RPT_VISIBLE>True</RPT_VISIBLE>
          <RPT_TEXT>Observações (Manuais)</RPT_TEXT>
          <RPT_X>60</RPT_X>
          <RPT_Y>129</RPT_Y>
          <RPT_WIDTH>140</RPT_WIDTH>
          <RPT_HEIGHT>14</RPT_HEIGHT>
          <RPT_FORECOLOR>Black, ARGB(255,0,0,0)</RPT_FORECOLOR>
          <RPT_BACKCOLOR>Transparent, ARGB(0,255,255,255)</RPT_BACKCOLOR>
          <RPT_BORDERS>None</RPT_BORDERS>
          <RPT_BORDERWIDTH>1</RPT_BORDERWIDTH>
          <RPT_BORDERCOLOR>Black, ARGB(255,0,0,0)</RPT_BORDERCOLOR>
          <RPT_ALIGNMENT>TopLeft</RPT_ALIGNMENT>
          <RPT_FONT>Microsoft Sans Serif, 8pt, style=Bold</RPT_FONT>
          <RPT_WORDWRAP>False</RPT_WORDWRAP>
        </ReportLabel>
        <ReportLabel>
          <RPT_TEXT_MODE>False</RPT_TEXT_MODE>
          <RPT_INTERNAL_NAME>Control193</RPT_INTERNAL_NAME>
          <RPT_ID>193</RPT_ID>
          <RPT_VISIBLE>True</RPT_VISIBLE>
          <RPT_TEXT>SAIDA</RPT_TEXT>
          <RPT_X>71</RPT_X>
          <RPT_Y>3</RPT_Y>
          <RPT_WIDTH>40</RPT_WIDTH>
          <RPT_HEIGHT>14</RPT_HEIGHT>
          <RPT_FORECOLOR>Black, ARGB(255,0,0,0)</RPT_FORECOLOR>
          <RPT_BACKCOLOR>Transparent, ARGB(0,255,255,255)</RPT_BACKCOLOR>
          <RPT_BORDERS>None</RPT_BORDERS>
          <RPT_BORDERWIDTH>1</RPT_BORDERWIDTH>
          <RPT_BORDERCOLOR>Black, ARGB(255,0,0,0)</RPT_BORDERCOLOR>
          <RPT_ALIGNMENT>TopLeft</RPT_ALIGNMENT>
          <RPT_FONT>Microsoft Sans Serif, 8pt, style=Bold</RPT_FONT>
          <RPT_WORDWRAP>False</RPT_WORDWRAP>
        </ReportLabel>
        <ReportRectangle>
          <RPT_TEXT_MODE>False</RPT_TEXT_MODE>
          <RPT_INTERNAL_NAME>Control194</RPT_INTERNAL_NAME>
          <RPT_ID>194</RPT_ID>
          <RPT_VISIBLE>True</RPT_VISIBLE>
          <RPT_X>47</RPT_X>
          <RPT_Y>19</RPT_Y>
          <RPT_WIDTH>717</RPT_WIDTH>
          <RPT_HEIGHT>95</RPT_HEIGHT>
          <RPT_FORECOLOR>Black, ARGB(255,0,0,0)</RPT_FORECOLOR>
          <RPT_BACKCOLOR>Transparent, ARGB(0,255,255,255)</RPT_BACKCOLOR>
          <RPT_BORDERS>All</RPT_BORDERS>
          <RPT_BORDERWIDTH>2</RPT_BORDERWIDTH>
          <RPT_BORDERCOLOR>Black, ARGB(255,0,0,0)</RPT_BORDERCOLOR>
          <RPT_STYLE>Solid</RPT_STYLE>
          <RPT_STYLE_TOP>Solid</RPT_STYLE_TOP>
          <RPT_STYLE_RIGHT>Solid</RPT_STYLE_RIGHT>
          <RPT_STYLE_BOTTOM>Solid</RPT_STYLE_BOTTOM>
          <RPT_STYLE_LEFT>Solid</RPT_STYLE_LEFT>
          <RPT_ALIGNMENT>TopLeft</RPT_ALIGNMENT>
          <RPT_CORNER_RADIUS>0</RPT_CORNER_RADIUS>
          <RPT_CORNER_RADIUS_TOPLEFT>0</RPT_CORNER_RADIUS_TOPLEFT>
          <RPT_CORNER_RADIUS_TOPRIGHT>0</RPT_CORNER_RADIUS_TOPRIGHT>
          <RPT_CORNER_RADIUS_BOTTOMLEFT>0</RPT_CORNER_RADIUS_BOTTOMLEFT>
          <RPT_CORNER_RADIUS_BOTTOMRIGHT>0</RPT_CORNER_RADIUS_BOTTOMRIGHT>
        </ReportRectangle>
        <ReportLabel>
          <RPT_TEXT_MODE>False</RPT_TEXT_MODE>
          <RPT_INTERNAL_NAME>Control195</RPT_INTERNAL_NAME>
          <RPT_ID>195</RPT_ID>
          <RPT_VISIBLE>True</RPT_VISIBLE>
          <RPT_TEXT>DATA</RPT_TEXT>
          <RPT_X>55</RPT_X>
          <RPT_Y>40</RPT_Y>
          <RPT_WIDTH>35</RPT_WIDTH>
          <RPT_HEIGHT>14</RPT_HEIGHT>
          <RPT_FORECOLOR>Black, ARGB(255,0,0,0)</RPT_FORECOLOR>
          <RPT_BACKCOLOR>Transparent, ARGB(0,255,255,255)</RPT_BACKCOLOR>
          <RPT_BORDERS>None</RPT_BORDERS>
          <RPT_BORDERWIDTH>1</RPT_BORDERWIDTH>
          <RPT_BORDERCOLOR>Black, ARGB(255,0,0,0)</RPT_BORDERCOLOR>
          <RPT_ALIGNMENT>TopLeft</RPT_ALIGNMENT>
          <RPT_FONT>Microsoft Sans Serif, 8pt, style=Bold</RPT_FONT>
          <RPT_WORDWRAP>False</RPT_WORDWRAP>
        </ReportLabel>
        <ReportLine>
          <RPT_TEXT_MODE>False</RPT_TEXT_MODE>
          <RPT_INTERNAL_NAME>Control196</RPT_INTERNAL_NAME>
          <RPT_ID>196</RPT_ID>
          <RPT_VISIBLE>True</RPT_VISIBLE>
          <RPT_X>113</RPT_X>
          <RPT_Y>21</RPT_Y>
          <RPT_WIDTH>2</RPT_WIDTH>
          <RPT_HEIGHT>92</RPT_HEIGHT>
          <RPT_FORECOLOR>Black, ARGB(255,0,0,0)</RPT_FORECOLOR>
          <RPT_LINEDIRECTION>Vertical</RPT_LINEDIRECTION>
          <RPT_LINEWIDTH>2</RPT_LINEWIDTH>
          <RPT_STYLE_LINE>Solid</RPT_STYLE_LINE>
          <RPT_ALIGNMENT>TopLeft</RPT_ALIGNMENT>
        </ReportLine>
        <ReportLabel>
          <RPT_TEXT_MODE>False</RPT_TEXT_MODE>
          <RPT_INTERNAL_NAME>Control197</RPT_INTERNAL_NAME>
          <RPT_ID>197</RPT_ID>
          <RPT_VISIBLE>True</RPT_VISIBLE>
          <RPT_TEXT>Quantidade</RPT_TEXT>
          <RPT_X>139</RPT_X>
          <RPT_Y>24</RPT_Y>
          <RPT_WIDTH>69</RPT_WIDTH>
          <RPT_HEIGHT>14</RPT_HEIGHT>
          <RPT_FORECOLOR>Black, ARGB(255,0,0,0)</RPT_FORECOLOR>
          <RPT_BACKCOLOR>Transparent, ARGB(0,255,255,255)</RPT_BACKCOLOR>
          <RPT_BORDERS>None</RPT_BORDERS>
          <RPT_BORDERWIDTH>1</RPT_BORDERWIDTH>
          <RPT_BORDERCOLOR>Black, ARGB(255,0,0,0)</RPT_BORDERCOLOR>
          <RPT_ALIGNMENT>TopLeft</RPT_ALIGNMENT>
          <RPT_FONT>Microsoft Sans Serif, 8pt, style=Bold</RPT_FONT>
          <RPT_WORDWRAP>False</RPT_WORDWRAP>
        </ReportLabel>
        <ReportLabel>
          <RPT_TEXT_MODE>False</RPT_TEXT_MODE>
          <RPT_INTERNAL_NAME>Control198</RPT_INTERNAL_NAME>
          <RPT_ID>198</RPT_ID>
          <RPT_VISIBLE>True</RPT_VISIBLE>
          <RPT_TEXT>(Kg)</RPT_TEXT>
          <RPT_X>134</RPT_X>
          <RPT_Y>43</RPT_Y>
          <RPT_WIDTH>25</RPT_WIDTH>
          <RPT_HEIGHT>14</RPT_HEIGHT>
          <RPT_FORECOLOR>Black, ARGB(255,0,0,0)</RPT_FORECOLOR>
          <RPT_BACKCOLOR>Transparent, ARGB(0,255,255,255)</RPT_BACKCOLOR>
          <RPT_BORDERS>None</RPT_BORDERS>
          <RPT_BORDERWIDTH>1</RPT_BORDERWIDTH>
          <RPT_BORDERCOLOR>Black, ARGB(255,0,0,0)</RPT_BORDERCOLOR>
          <RPT_ALIGNMENT>TopLeft</RPT_ALIGNMENT>
          <RPT_FONT>Microsoft Sans Serif, 8pt, style=Bold</RPT_FONT>
          <RPT_WORDWRAP>False</RPT_WORDWRAP>
        </ReportLabel>
        <ReportLabel>
          <RPT_TEXT_MODE>False</RPT_TEXT_MODE>
          <RPT_INTERNAL_NAME>Control199</RPT_INTERNAL_NAME>
          <RPT_ID>199</RPT_ID>
          <RPT_VISIBLE>True</RPT_VISIBLE>
          <RPT_TEXT>(M)</RPT_TEXT>
          <RPT_X>196</RPT_X>
          <RPT_Y>43</RPT_Y>
          <RPT_WIDTH>20</RPT_WIDTH>
          <RPT_HEIGHT>14</RPT_HEIGHT>
          <RPT_FORECOLOR>Black, ARGB(255,0,0,0)</RPT_FORECOLOR>
          <RPT_BACKCOLOR>Transparent, ARGB(0,255,255,255)</RPT_BACKCOLOR>
          <RPT_BORDERS>None</RPT_BORDERS>
          <RPT_BORDERWIDTH>1</RPT_BORDERWIDTH>
          <RPT_BORDERCOLOR>Black, ARGB(255,0,0,0)</RPT_BORDERCOLOR>
          <RPT_ALIGNMENT>TopLeft</RPT_ALIGNMENT>
          <RPT_FONT>Microsoft Sans Serif, 8pt, style=Bold</RPT_FONT>
          <RPT_WORDWRAP>False</RPT_WORDWRAP>
        </ReportLabel>
        <ReportLine>
          <RPT_TEXT_MODE>False</RPT_TEXT_MODE>
          <RPT_INTERNAL_NAME>Control200</RPT_INTERNAL_NAME>
          <RPT_ID>200</RPT_ID>
          <RPT_VISIBLE>True</RPT_VISIBLE>
          <RPT_X>49</RPT_X>
          <RPT_Y>63</RPT_Y>
          <RPT_WIDTH>714</RPT_WIDTH>
          <RPT_HEIGHT>2</RPT_HEIGHT>
          <RPT_FORECOLOR>Black, ARGB(255,0,0,0)</RPT_FORECOLOR>
          <RPT_LINEDIRECTION>Horizontal</RPT_LINEDIRECTION>
          <RPT_LINEWIDTH>2</RPT_LINEWIDTH>
          <RPT_STYLE_LINE>Solid</RPT_STYLE_LINE>
          <RPT_ALIGNMENT>TopLeft</RPT_ALIGNMENT>
        </ReportLine>
        <ReportLine>
          <RPT_TEXT_MODE>False</RPT_TEXT_MODE>
          <RPT_INTERNAL_NAME>Control201</RPT_INTERNAL_NAME>
          <RPT_ID>201</RPT_ID>
          <RPT_VISIBLE>True</RPT_VISIBLE>
          <RPT_X>187</RPT_X>
          <RPT_Y>41</RPT_Y>
          <RPT_WIDTH>2</RPT_WIDTH>
          <RPT_HEIGHT>72</RPT_HEIGHT>
          <RPT_FORECOLOR>Black, ARGB(255,0,0,0)</RPT_FORECOLOR>
          <RPT_LINEDIRECTION>Vertical</RPT_LINEDIRECTION>
          <RPT_LINEWIDTH>2</RPT_LINEWIDTH>
          <RPT_STYLE_LINE>Solid</RPT_STYLE_LINE>
          <RPT_ALIGNMENT>TopLeft</RPT_ALIGNMENT>
        </ReportLine>
        <ReportLine>
          <RPT_TEXT_MODE>False</RPT_TEXT_MODE>
          <RPT_INTERNAL_NAME>Control202</RPT_INTERNAL_NAME>
          <RPT_ID>202</RPT_ID>
          <RPT_VISIBLE>True</RPT_VISIBLE>
          <RPT_X>260</RPT_X>
          <RPT_Y>18</RPT_Y>
          <RPT_WIDTH>2</RPT_WIDTH>
          <RPT_HEIGHT>93</RPT_HEIGHT>
          <RPT_FORECOLOR>Black, ARGB(255,0,0,0)</RPT_FORECOLOR>
          <RPT_LINEDIRECTION>Vertical</RPT_LINEDIRECTION>
          <RPT_LINEWIDTH>2</RPT_LINEWIDTH>
          <RPT_STYLE_LINE>Solid</RPT_STYLE_LINE>
          <RPT_ALIGNMENT>TopLeft</RPT_ALIGNMENT>
        </ReportLine>
        <ReportLabel>
          <RPT_TEXT_MODE>False</RPT_TEXT_MODE>
          <RPT_INTERNAL_NAME>Control203</RPT_INTERNAL_NAME>
          <RPT_ID>203</RPT_ID>
          <RPT_VISIBLE>True</RPT_VISIBLE>
          <RPT_TEXT>Rúbrica</RPT_TEXT>
          <RPT_X>548</RPT_X>
          <RPT_Y>43</RPT_Y>
          <RPT_WIDTH>47</RPT_WIDTH>
          <RPT_HEIGHT>14</RPT_HEIGHT>
          <RPT_FORECOLOR>Black, ARGB(255,0,0,0)</RPT_FORECOLOR>
          <RPT_BACKCOLOR>Transparent, ARGB(0,255,255,255)</RPT_BACKCOLOR>
          <RPT_BORDERS>None</RPT_BORDERS>
          <RPT_BORDERWIDTH>1</RPT_BORDERWIDTH>
          <RPT_BORDERCOLOR>Black, ARGB(255,0,0,0)</RPT_BORDERCOLOR>
          <RPT_ALIGNMENT>TopLeft</RPT_ALIGNMENT>
          <RPT_FONT>Microsoft Sans Serif, 8pt, style=Bold</RPT_FONT>
          <RPT_WORDWRAP>False</RPT_WORDWRAP>
        </ReportLabel>
        <ReportLine>
          <RPT_TEXT_MODE>False</RPT_TEXT_MODE>
          <RPT_INTERNAL_NAME>Control204</RPT_INTERNAL_NAME>
          <RPT_ID>204</RPT_ID>
          <RPT_VISIBLE>True</RPT_VISIBLE>
          <RPT_X>48</RPT_X>
          <RPT_Y>89</RPT_Y>
          <RPT_WIDTH>715</RPT_WIDTH>
          <RPT_HEIGHT>1</RPT_HEIGHT>
          <RPT_FORECOLOR>Black, ARGB(255,0,0,0)</RPT_FORECOLOR>
          <RPT_LINEDIRECTION>Horizontal</RPT_LINEDIRECTION>
          <RPT_LINEWIDTH>1</RPT_LINEWIDTH>
          <RPT_STYLE_LINE>Solid</RPT_STYLE_LINE>
          <RPT_ALIGNMENT>TopLeft</RPT_ALIGNMENT>
        </ReportLine>
        <ReportLine>
          <RPT_TEXT_MODE>False</RPT_TEXT_MODE>
          <RPT_INTERNAL_NAME>Control205</RPT_INTERNAL_NAME>
          <RPT_ID>205</RPT_ID>
          <RPT_VISIBLE>True</RPT_VISIBLE>
          <RPT_X>339</RPT_X>
          <RPT_Y>20</RPT_Y>
          <RPT_WIDTH>2</RPT_WIDTH>
          <RPT_HEIGHT>92</RPT_HEIGHT>
          <RPT_FORECOLOR>Black, ARGB(255,0,0,0)</RPT_FORECOLOR>
          <RPT_LINEDIRECTION>Vertical</RPT_LINEDIRECTION>
          <RPT_LINEWIDTH>2</RPT_LINEWIDTH>
          <RPT_STYLE_LINE>Solid</RPT_STYLE_LINE>
          <RPT_ALIGNMENT>TopLeft</RPT_ALIGNMENT>
        </ReportLine>
        <ReportLabel>
          <RPT_TEXT_MODE>False</RPT_TEXT_MODE>
          <RPT_INTERNAL_NAME>Control206</RPT_INTERNAL_NAME>
          <RPT_ID>206</RPT_ID>
          <RPT_VISIBLE>True</RPT_VISIBLE>
          <RPT_TEXT>Peças</RPT_TEXT>
          <RPT_X>428</RPT_X>
          <RPT_Y>43</RPT_Y>
          <RPT_WIDTH>37</RPT_WIDTH>
          <RPT_HEIGHT>14</RPT_HEIGHT>
          <RPT_FORECOLOR>Black, ARGB(255,0,0,0)</RPT_FORECOLOR>
          <RPT_BACKCOLOR>Transparent, ARGB(0,255,255,255)</RPT_BACKCOLOR>
          <RPT_BORDERS>None</RPT_BORDERS>
          <RPT_BORDERWIDTH>1</RPT_BORDERWIDTH>
          <RPT_BORDERCOLOR>Black, ARGB(255,0,0,0)</RPT_BORDERCOLOR>
          <RPT_ALIGNMENT>TopLeft</RPT_ALIGNMENT>
          <RPT_FONT>Microsoft Sans Serif, 8pt, style=Bold</RPT_FONT>
          <RPT_WORDWRAP>False</RPT_WORDWRAP>
        </ReportLabel>
        <ReportAttribute>
          <RPT_TEXT_MODE>False</RPT_TEXT_MODE>
          <RPT_INTERNAL_NAME>Control207</RPT_INTERNAL_NAME>
          <RPT_ID>207</RPT_ID>
          <RPT_VISIBLE>True</RPT_VISIBLE>
          <ControlName>&amp;Today</ControlName>
          <AttID>&amp;Today</AttID>
          <AttType>6</AttType>
          <BaseAttType>6</BaseAttType>
          <PROP_EXT_BASE_ATT_COLLECTION>False</PROP_EXT_BASE_ATT_COLLECTION>
          <GxObjClass>1</GxObjClass>
          <isVariable>True</isVariable>
          <isAttribute>False</isAttribute>
          <ColCount>8</ColCount>
          <ControlType>Edit</ControlType>
          <IsEnumerated>False</IsEnumerated>
          <RowIndex>1</RowIndex>
          <ColIndex>1</ColIndex>
          <AttNumDim>0</AttNumDim>
          <AttCollection>False</AttCollection>
          <RPT_TEXT>Text</RPT_TEXT>
          <RPT_X>259</RPT_X>
          <RPT_Y>188</RPT_Y>
          <RPT_WIDTH>59</RPT_WIDTH>
          <RPT_WIDTH_Default>59</RPT_WIDTH_Default>
          <RPT_HEIGHT>16</RPT_HEIGHT>
          <RPT_HEIGHT_Default>16</RPT_HEIGHT_Default>
          <RPT_FORECOLOR>Black, ARGB(255,0,0,0)</RPT_FORECOLOR>
          <RPT_BACKCOLOR>White, ARGB(255,255,255,255)</RPT_BACKCOLOR>
          <RPT_BORDERS>None</RPT_BORDERS>
          <RPT_BORDERWIDTH>1</RPT_BORDERWIDTH>
          <RPT_BORDERCOLOR>Black, ARGB(255,0,0,0)</RPT_BORDERCOLOR>
          <RPT_ALIGNMENT>TopLeft</RPT_ALIGNMENT>
          <RPT_FONT>Courier New, 8pt</RPT_FONT>
          <GxFormat>Text</GxFormat>
          <RPT_WORDWRAP>False</RPT_WORDWRAP>
          <AttEditNameProtected>False</AttEditNameProtected>
          <IsStandardVariable>True</IsStandardVariable>
          <idIsAutoDefinedVariable>False</idIsAutoDefinedVariable>
          <AttEditDisableArrays>False</AttEditDisableArrays>
          <AttEditNewVariable>False</AttEditNewVariable>
          <AttEditDontAssign>False</AttEditDontAssign>
        </ReportAttribute>
        <ReportLine>
          <RPT_TEXT_MODE>False</RPT_TEXT_MODE>
          <RPT_INTERNAL_NAME>Control208</RPT_INTERNAL_NAME>
          <RPT_ID>208</RPT_ID>
          <RPT_VISIBLE>True</RPT_VISIBLE>
          <RPT_X>472</RPT_X>
          <RPT_Y>20</RPT_Y>
          <RPT_WIDTH>2</RPT_WIDTH>
          <RPT_HEIGHT>92</RPT_HEIGHT>
          <RPT_FORECOLOR>Black, ARGB(255,0,0,0)</RPT_FORECOLOR>
          <RPT_LINEDIRECTION>Vertical</RPT_LINEDIRECTION>
          <RPT_LINEWIDTH>2</RPT_LINEWIDTH>
          <RPT_STYLE_LINE>Solid</RPT_STYLE_LINE>
          <RPT_ALIGNMENT>TopLeft</RPT_ALIGNMENT>
        </ReportLine>
        <ReportLine>
          <RPT_TEXT_MODE>False</RPT_TEXT_MODE>
          <RPT_INTERNAL_NAME>Control209</RPT_INTERNAL_NAME>
          <RPT_ID>209</RPT_ID>
          <RPT_VISIBLE>True</RPT_VISIBLE>
          <RPT_X>422</RPT_X>
          <RPT_Y>20</RPT_Y>
          <RPT_WIDTH>2</RPT_WIDTH>
          <RPT_HEIGHT>92</RPT_HEIGHT>
          <RPT_FORECOLOR>Black, ARGB(255,0,0,0)</RPT_FORECOLOR>
          <RPT_LINEDIRECTION>Vertical</RPT_LINEDIRECTION>
          <RPT_LINEWIDTH>2</RPT_LINEWIDTH>
          <RPT_STYLE_LINE>Solid</RPT_STYLE_LINE>
          <RPT_ALIGNMENT>TopLeft</RPT_ALIGNMENT>
        </ReportLine>
        <ReportLabel>
          <RPT_TEXT_MODE>False</RPT_TEXT_MODE>
          <RPT_INTERNAL_NAME>Control210</RPT_INTERNAL_NAME>
          <RPT_ID>210</RPT_ID>
          <RPT_VISIBLE>True</RPT_VISIBLE>
          <RPT_TEXT>Largura</RPT_TEXT>
          <RPT_X>273</RPT_X>
          <RPT_Y>43</RPT_Y>
          <RPT_WIDTH>46</RPT_WIDTH>
          <RPT_HEIGHT>14</RPT_HEIGHT>
          <RPT_FORECOLOR>Black, ARGB(255,0,0,0)</RPT_FORECOLOR>
          <RPT_BACKCOLOR>Transparent, ARGB(0,255,255,255)</RPT_BACKCOLOR>
          <RPT_BORDERS>None</RPT_BORDERS>
          <RPT_BORDERWIDTH>1</RPT_BORDERWIDTH>
          <RPT_BORDERCOLOR>Black, ARGB(255,0,0,0)</RPT_BORDERCOLOR>
          <RPT_ALIGNMENT>TopLeft</RPT_ALIGNMENT>
          <RPT_FONT>Microsoft Sans Serif, 8pt, style=Bold</RPT_FONT>
          <RPT_WORDWRAP>False</RPT_WORDWRAP>
        </ReportLabel>
        <ReportLabel>
          <RPT_TEXT_MODE>False</RPT_TEXT_MODE>
          <RPT_INTERNAL_NAME>Control211</RPT_INTERNAL_NAME>
          <RPT_ID>211</RPT_ID>
          <RPT_VISIBLE>True</RPT_VISIBLE>
          <RPT_TEXT>Gramagem</RPT_TEXT>
          <RPT_X>349</RPT_X>
          <RPT_Y>43</RPT_Y>
          <RPT_WIDTH>62</RPT_WIDTH>
          <RPT_HEIGHT>14</RPT_HEIGHT>
          <RPT_FORECOLOR>Black, ARGB(255,0,0,0)</RPT_FORECOLOR>
          <RPT_BACKCOLOR>Transparent, ARGB(0,255,255,255)</RPT_BACKCOLOR>
          <RPT_BORDERS>None</RPT_BORDERS>
          <RPT_BORDERWIDTH>1</RPT_BORDERWIDTH>
          <RPT_BORDERCOLOR>Black, ARGB(255,0,0,0)</RPT_BORDERCOLOR>
          <RPT_ALIGNMENT>TopLeft</RPT_ALIGNMENT>
          <RPT_FONT>Microsoft Sans Serif, 8pt, style=Bold</RPT_FONT>
          <RPT_WORDWRAP>False</RPT_WORDWRAP>
        </ReportLabel>
        <ReportAttribute>
          <RPT_TEXT_MODE>False</RPT_TEXT_MODE>
          <RPT_INTERNAL_NAME>Control212</RPT_INTERNAL_NAME>
          <RPT_ID>212</RPT_ID>
          <RPT_VISIBLE>True</RPT_VISIBLE>
          <ControlName>&amp;Kgs_s</ControlName>
          <AttID>&amp;Kgs_s</AttID>
          <AttType>4</AttType>
          <BaseAttType>4</BaseAttType>
          <PROP_EXT_BASE_ATT_COLLECTION>False</PROP_EXT_BASE_ATT_COLLECTION>
          <GxObjClass>1</GxObjClass>
          <isVariable>True</isVariable>
          <isAttribute>False</isAttribute>
          <ColCount>9</ColCount>
          <ControlType>Edit</ControlType>
          <IsEnumerated>False</IsEnumerated>
          <RowIndex>1</RowIndex>
          <ColIndex>1</ColIndex>
          <AttNumDim>0</AttNumDim>
          <AttCollection>False</AttCollection>
          <RPT_TEXT>Text</RPT_TEXT>
          <RPT_X>116</RPT_X>
          <RPT_Y>70</RPT_Y>
          <RPT_WIDTH>67</RPT_WIDTH>
          <RPT_WIDTH_Default>67</RPT_WIDTH_Default>
          <RPT_HEIGHT>17</RPT_HEIGHT>
          <RPT_HEIGHT_Default>17</RPT_HEIGHT_Default>
          <RPT_FORECOLOR>Black, ARGB(255,0,0,0)</RPT_FORECOLOR>
          <RPT_BACKCOLOR>White, ARGB(255,255,255,255)</RPT_BACKCOLOR>
          <RPT_BORDERS>None</RPT_BORDERS>
          <RPT_BORDERWIDTH>1</RPT_BORDERWIDTH>
          <RPT_BORDERCOLOR>Black, ARGB(255,0,0,0)</RPT_BORDERCOLOR>
          <RPT_ALIGNMENT>TopRight</RPT_ALIGNMENT>
          <RPT_FONT>Courier New, 9pt</RPT_FONT>
          <GxFormat>Text</GxFormat>
          <RPT_WORDWRAP>False</RPT_WORDWRAP>
          <AttEditNameProtected>False</AttEditNameProtected>
          <IsStandardVariable>False</IsStandardVariable>
          <idIsAutoDefinedVariable>False</idIsAutoDefinedVariable>
          <AttEditDisableArrays>False</AttEditDisableArrays>
          <AttEditNewVariable>False</AttEditNewVariable>
          <AttEditDontAssign>False</AttEditDontAssign>
        </ReportAttribute>
        <ReportAttribute>
          <RPT_TEXT_MODE>False</RPT_TEXT_MODE>
          <RPT_INTERNAL_NAME>Control213</RPT_INTERNAL_NAME>
          <RPT_ID>213</RPT_ID>
          <RPT_VISIBLE>True</RPT_VISIBLE>
          <ControlName>&amp;Mts_s</ControlName>
          <AttID>&amp;Mts_s</AttID>
          <AttType>4</AttType>
          <BaseAttType>4</BaseAttType>
          <PROP_EXT_BASE_ATT_COLLECTION>False</PROP_EXT_BASE_ATT_COLLECTION>
          <GxObjClass>1</GxObjClass>
          <isVariable>True</isVariable>
          <isAttribute>False</isAttribute>
          <ColCount>9</ColCount>
          <ControlType>Edit</ControlType>
          <IsEnumerated>False</IsEnumerated>
          <RowIndex>1</RowIndex>
          <ColIndex>1</ColIndex>
          <AttNumDim>0</AttNumDim>
          <AttCollection>False</AttCollection>
          <RPT_TEXT>Text</RPT_TEXT>
          <RPT_X>190</RPT_X>
          <RPT_Y>70</RPT_Y>
          <RPT_WIDTH>67</RPT_WIDTH>
          <RPT_WIDTH_Default>67</RPT_WIDTH_Default>
          <RPT_HEIGHT>17</RPT_HEIGHT>
          <RPT_HEIGHT_Default>17</RPT_HEIGHT_Default>
          <RPT_FORECOLOR>Black, ARGB(255,0,0,0)</RPT_FORECOLOR>
          <RPT_BACKCOLOR>White, ARGB(255,255,255,255)</RPT_BACKCOLOR>
          <RPT_BORDERS>None</RPT_BORDERS>
          <RPT_BORDERWIDTH>1</RPT_BORDERWIDTH>
          <RPT_BORDERCOLOR>Black, ARGB(255,0,0,0)</RPT_BORDERCOLOR>
          <RPT_ALIGNMENT>TopRight</RPT_ALIGNMENT>
          <RPT_FONT>Courier New, 9pt</RPT_FONT>
          <GxFormat>Text</GxFormat>
          <RPT_WORDWRAP>False</RPT_WORDWRAP>
          <AttEditNameProtected>False</AttEditNameProtected>
          <IsStandardVariable>False</IsStandardVariable>
          <idIsAutoDefinedVariable>False</idIsAutoDefinedVariable>
          <AttEditDisableArrays>False</AttEditDisableArrays>
          <AttEditNewVariable>False</AttEditNewVariable>
          <AttEditDontAssign>False</AttEditDontAssign>
        </ReportAttribute>
        <ReportAttribute>
          <RPT_TEXT_MODE>False</RPT_TEXT_MODE>
          <RPT_INTERNAL_NAME>Control214</RPT_INTERNAL_NAME>
          <RPT_ID>214</RPT_ID>
          <RPT_VISIBLE>True</RPT_VISIBLE>
          <ControlName>&amp;Pzs_s</ControlName>
          <AttID>&amp;Pzs_s</AttID>
          <AttType>4</AttType>
          <BaseAttType>4</BaseAttType>
          <PROP_EXT_BASE_ATT_COLLECTION>False</PROP_EXT_BASE_ATT_COLLECTION>
          <GxObjClass>1</GxObjClass>
          <isVariable>True</isVariable>
          <isAttribute>False</isAttribute>
          <ColCount>4</ColCount>
          <ControlType>Edit</ControlType>
          <IsEnumerated>False</IsEnumerated>
          <RowIndex>1</RowIndex>
          <ColIndex>1</ColIndex>
          <AttNumDim>0</AttNumDim>
          <AttCollection>False</AttCollection>
          <RPT_TEXT>Text</RPT_TEXT>
          <RPT_X>431</RPT_X>
          <RPT_Y>70</RPT_Y>
          <RPT_WIDTH>30</RPT_WIDTH>
          <RPT_WIDTH_Default>30</RPT_WIDTH_Default>
          <RPT_HEIGHT>17</RPT_HEIGHT>
          <RPT_HEIGHT_Default>17</RPT_HEIGHT_Default>
          <RPT_FORECOLOR>Black, ARGB(255,0,0,0)</RPT_FORECOLOR>
          <RPT_BACKCOLOR>White, ARGB(255,255,255,255)</RPT_BACKCOLOR>
          <RPT_BORDERS>None</RPT_BORDERS>
          <RPT_BORDERWIDTH>1</RPT_BORDERWIDTH>
          <RPT_BORDERCOLOR>Black, ARGB(255,0,0,0)</RPT_BORDERCOLOR>
          <RPT_ALIGNMENT>TopRight</RPT_ALIGNMENT>
          <RPT_FONT>Courier New, 9pt</RPT_FONT>
          <GxFormat>Text</GxFormat>
          <RPT_WORDWRAP>False</RPT_WORDWRAP>
          <AttEditNameProtected>False</AttEditNameProtected>
          <IsStandardVariable>False</IsStandardVariable>
          <idIsAutoDefinedVariable>False</idIsAutoDefinedVariable>
          <AttEditDisableArrays>False</AttEditDisableArrays>
          <AttEditNewVariable>False</AttEditNewVariable>
          <AttEditDontAssign>False</AttEditDontAssign>
        </ReportAttribute>
        <ReportAttribute>
          <RPT_TEXT_MODE>False</RPT_TEXT_MODE>
          <RPT_INTERNAL_NAME>Control215</RPT_INTERNAL_NAME>
          <RPT_ID>215</RPT_ID>
          <RPT_VISIBLE>True</RPT_VISIBLE>
          <ControlName>&amp;AlbHdrAnc</ControlName>
          <AttID>&amp;AlbHdrAnc</AttID>
          <AttType>4</AttType>
          <BaseAttType>4</BaseAttType>
          <PROP_EXT_BASE_ATT_COLLECTION>False</PROP_EXT_BASE_ATT_COLLECTION>
          <GxObjClass>1</GxObjClass>
          <isVariable>True</isVariable>
          <isAttribute>False</isAttribute>
          <ColCount>4</ColCount>
          <ControlType>Edit</ControlType>
          <IsEnumerated>False</IsEnumerated>
          <RowIndex>1</RowIndex>
          <ColIndex>1</ColIndex>
          <AttNumDim>0</AttNumDim>
          <AttCollection>False</AttCollection>
          <RPT_TEXT>Text</RPT_TEXT>
          <RPT_X>282</RPT_X>
          <RPT_Y>70</RPT_Y>
          <RPT_WIDTH>30</RPT_WIDTH>
          <RPT_WIDTH_Default>30</RPT_WIDTH_Default>
          <RPT_HEIGHT>17</RPT_HEIGHT>
          <RPT_HEIGHT_Default>17</RPT_HEIGHT_Default>
          <RPT_FORECOLOR>Black, ARGB(255,0,0,0)</RPT_FORECOLOR>
          <RPT_BACKCOLOR>White, ARGB(255,255,255,255)</RPT_BACKCOLOR>
          <RPT_BORDERS>None</RPT_BORDERS>
          <RPT_BORDERWIDTH>1</RPT_BORDERWIDTH>
          <RPT_BORDERCOLOR>Black, ARGB(255,0,0,0)</RPT_BORDERCOLOR>
          <RPT_ALIGNMENT>TopRight</RPT_ALIGNMENT>
          <RPT_FONT>Courier New, 9pt</RPT_FONT>
          <GxFormat>Text</GxFormat>
          <RPT_WORDWRAP>False</RPT_WORDWRAP>
          <AttEditNameProtected>False</AttEditNameProtected>
          <IsStandardVariable>False</IsStandardVariable>
          <idIsAutoDefinedVariable>False</idIsAutoDefinedVariable>
          <AttEditDisableArrays>False</AttEditDisableArrays>
          <AttEditNewVariable>False</AttEditNewVariable>
          <AttEditDontAssign>False</AttEditDontAssign>
        </ReportAttribute>
        <ReportAttribute>
          <RPT_TEXT_MODE>False</RPT_TEXT_MODE>
          <RPT_INTERNAL_NAME>Control216</RPT_INTERNAL_NAME>
          <RPT_ID>216</RPT_ID>
          <RPT_VISIBLE>True</RPT_VISIBLE>
          <ControlName>&amp;AlbHdrGm2</ControlName>
          <AttID>&amp;AlbHdrGm2</AttID>
          <AttType>4</AttType>
          <BaseAttType>4</BaseAttType>
          <PROP_EXT_BASE_ATT_COLLECTION>False</PROP_EXT_BASE_ATT_COLLECTION>
          <GxObjClass>1</GxObjClass>
          <isVariable>True</isVariable>
          <isAttribute>False</isAttribute>
          <ColCount>4</ColCount>
          <ControlType>Edit</ControlType>
          <IsEnumerated>False</IsEnumerated>
          <RowIndex>1</RowIndex>
          <ColIndex>1</ColIndex>
          <AttNumDim>0</AttNumDim>
          <AttCollection>False</AttCollection>
          <RPT_TEXT>Text</RPT_TEXT>
          <RPT_X>364</RPT_X>
          <RPT_Y>70</RPT_Y>
          <RPT_WIDTH>30</RPT_WIDTH>
          <RPT_WIDTH_Default>30</RPT_WIDTH_Default>
          <RPT_HEIGHT>17</RPT_HEIGHT>
          <RPT_HEIGHT_Default>17</RPT_HEIGHT_Default>
          <RPT_FORECOLOR>Black, ARGB(255,0,0,0)</RPT_FORECOLOR>
          <RPT_BACKCOLOR>White, ARGB(255,255,255,255)</RPT_BACKCOLOR>
          <RPT_BORDERS>None</RPT_BORDERS>
          <RPT_BORDERWIDTH>1</RPT_BORDERWIDTH>
          <RPT_BORDERCOLOR>Black, ARGB(255,0,0,0)</RPT_BORDERCOLOR>
          <RPT_ALIGNMENT>TopRight</RPT_ALIGNMENT>
          <RPT_FONT>Courier New, 9pt</RPT_FONT>
          <GxFormat>Text</GxFormat>
          <RPT_WORDWRAP>False</RPT_WORDWRAP>
          <AttEditNameProtected>False</AttEditNameProtected>
          <IsStandardVariable>False</IsStandardVariable>
          <idIsAutoDefinedVariable>False</idIsAutoDefinedVariable>
          <AttEditDisableArrays>False</AttEditDisableArrays>
          <AttEditNewVariable>False</AttEditNewVariable>
          <AttEditDontAssign>False</AttEditDontAssign>
        </ReportAttribute>
        <ReportAttribute>
          <RPT_TEXT_MODE>False</RPT_TEXT_MODE>
          <RPT_INTERNAL_NAME>Control217</RPT_INTERNAL_NAME>
          <RPT_ID>217</RPT_ID>
          <RPT_VISIBLE>True</RPT_VISIBLE>
          <ControlName>&amp;Albprofch</ControlName>
          <AttID>&amp;Albprofch</AttID>
          <AttType>6</AttType>
          <BaseAttType>6</BaseAttType>
          <PROP_EXT_BASE_ATT_COLLECTION>False</PROP_EXT_BASE_ATT_COLLECTION>
          <GxObjClass>1</GxObjClass>
          <isVariable>True</isVariable>
          <isAttribute>False</isAttribute>
          <ColCount>8</ColCount>
          <ControlType>Edit</ControlType>
          <IsEnumerated>False</IsEnumerated>
          <RowIndex>1</RowIndex>
          <ColIndex>1</ColIndex>
          <AttNumDim>0</AttNumDim>
          <AttCollection>False</AttCollection>
          <RPT_TEXT>Text</RPT_TEXT>
          <RPT_X>51</RPT_X>
          <RPT_Y>70</RPT_Y>
          <RPT_WIDTH>59</RPT_WIDTH>
          <RPT_WIDTH_Default>59</RPT_WIDTH_Default>
          <RPT_HEIGHT>17</RPT_HEIGHT>
          <RPT_HEIGHT_Default>17</RPT_HEIGHT_Default>
          <RPT_FORECOLOR>Black, ARGB(255,0,0,0)</RPT_FORECOLOR>
          <RPT_BACKCOLOR>White, ARGB(255,255,255,255)</RPT_BACKCOLOR>
          <RPT_BORDERS>None</RPT_BORDERS>
          <RPT_BORDERWIDTH>1</RPT_BORDERWIDTH>
          <RPT_BORDERCOLOR>Black, ARGB(255,0,0,0)</RPT_BORDERCOLOR>
          <RPT_ALIGNMENT>TopLeft</RPT_ALIGNMENT>
          <RPT_FONT>Courier New, 9pt</RPT_FONT>
          <GxFormat>Text</GxFormat>
          <RPT_WORDWRAP>False</RPT_WORDWRAP>
          <AttEditNameProtected>False</AttEditNameProtected>
          <IsStandardVariable>False</IsStandardVariable>
          <idIsAutoDefinedVariable>False</idIsAutoDefinedVariable>
          <AttEditDisableArrays>False</AttEditDisableArrays>
          <AttEditNewVariable>False</AttEditNewVariable>
          <AttEditDontAssign>False</AttEditDontAssign>
        </ReportAttribute>
        <ReportLine>
          <RPT_TEXT_MODE>False</RPT_TEXT_MODE>
          <RPT_INTERNAL_NAME>Control218</RPT_INTERNAL_NAME>
          <RPT_ID>218</RPT_ID>
          <RPT_VISIBLE>True</RPT_VISIBLE>
          <RPT_X>667</RPT_X>
          <RPT_Y>20</RPT_Y>
          <RPT_WIDTH>2</RPT_WIDTH>
          <RPT_HEIGHT>92</RPT_HEIGHT>
          <RPT_FORECOLOR>Black, ARGB(255,0,0,0)</RPT_FORECOLOR>
          <RPT_LINEDIRECTION>Vertical</RPT_LINEDIRECTION>
          <RPT_LINEWIDTH>2</RPT_LINEWIDTH>
          <RPT_STYLE_LINE>Solid</RPT_STYLE_LINE>
          <RPT_ALIGNMENT>TopLeft</RPT_ALIGNMENT>
        </ReportLine>
        <ReportAttribute>
          <RPT_TEXT_MODE>False</RPT_TEXT_MODE>
          <RPT_INTERNAL_NAME>Control219</RPT_INTERNAL_NAME>
          <RPT_ID>219</RPT_ID>
          <RPT_VISIBLE>True</RPT_VISIBLE>
          <ControlName>&amp;Baritem1</ControlName>
          <AttID>&amp;Baritem1</AttID>
          <AttType>5</AttType>
          <BaseAttType>5</BaseAttType>
          <PROP_EXT_BASE_ATT_COLLECTION>False</PROP_EXT_BASE_ATT_COLLECTION>
          <GxObjClass>1</GxObjClass>
          <isVariable>True</isVariable>
          <isAttribute>False</isAttribute>
          <ColCount>10</ColCount>
          <ControlType>Edit</ControlType>
          <IsEnumerated>False</IsEnumerated>
          <RowIndex>1</RowIndex>
          <ColIndex>1</ColIndex>
          <AttNumDim>0</AttNumDim>
          <AttCollection>False</AttCollection>
          <RPT_TEXT>Text</RPT_TEXT>
          <RPT_X>676</RPT_X>
          <RPT_Y>43</RPT_Y>
          <RPT_WIDTH>64</RPT_WIDTH>
          <RPT_WIDTH_Default>64</RPT_WIDTH_Default>
          <RPT_HEIGHT>15</RPT_HEIGHT>
          <RPT_HEIGHT_Default>15</RPT_HEIGHT_Default>
          <RPT_FORECOLOR>Red, ARGB(255,255,0,0)</RPT_FORECOLOR>
          <RPT_BACKCOLOR>White, ARGB(255,255,255,255)</RPT_BACKCOLOR>
          <RPT_BORDERS>None</RPT_BORDERS>
          <RPT_BORDERWIDTH>1</RPT_BORDERWIDTH>
          <RPT_BORDERCOLOR>Red, ARGB(255,255,0,0)</RPT_BORDERCOLOR>
          <RPT_ALIGNMENT>TopLeft</RPT_ALIGNMENT>
          <RPT_FONT>Microsoft Sans Serif, 8pt, style=Bold</RPT_FONT>
          <GxFormat>Text</GxFormat>
          <RPT_WORDWRAP>False</RPT_WORDWRAP>
          <AttEditNameProtected>False</AttEditNameProtected>
          <IsStandardVariable>False</IsStandardVariable>
          <idIsAutoDefinedVariable>False</idIsAutoDefinedVariable>
          <AttEditDisableArrays>False</AttEditDisableArrays>
          <AttEditNewVariable>False</AttEditNewVariable>
          <AttEditDontAssign>False</AttEditDontAssign>
        </ReportAttribute>
        <ReportAttribute>
          <RPT_TEXT_MODE>False</RPT_TEXT_MODE>
          <RPT_INTERNAL_NAME>Control220</RPT_INTERNAL_NAME>
          <RPT_ID>220</RPT_ID>
          <RPT_VISIBLE>True</RPT_VISIBLE>
          <ControlName>&amp;BarItem2</ControlName>
          <AttID>&amp;BarItem2</AttID>
          <AttType>5</AttType>
          <BaseAttType>5</BaseAttType>
          <PROP_EXT_BASE_ATT_COLLECTION>False</PROP_EXT_BASE_ATT_COLLECTION>
          <GxObjClass>1</GxObjClass>
          <isVariable>True</isVariable>
          <isAttribute>False</isAttribute>
          <ColCount>10</ColCount>
          <ControlType>Edit</ControlType>
          <IsEnumerated>False</IsEnumerated>
          <RowIndex>1</RowIndex>
          <ColIndex>1</ColIndex>
          <AttNumDim>0</AttNumDim>
          <AttCollection>False</AttCollection>
          <RPT_TEXT>Text</RPT_TEXT>
          <RPT_X>676</RPT_X>
          <RPT_Y>70</RPT_Y>
          <RPT_WIDTH>64</RPT_WIDTH>
          <RPT_WIDTH_Default>64</RPT_WIDTH_Default>
          <RPT_HEIGHT>15</RPT_HEIGHT>
          <RPT_HEIGHT_Default>15</RPT_HEIGHT_Default>
          <RPT_FORECOLOR>Red, ARGB(255,255,0,0)</RPT_FORECOLOR>
          <RPT_BACKCOLOR>White, ARGB(255,255,255,255)</RPT_BACKCOLOR>
          <RPT_BORDERS>None</RPT_BORDERS>
          <RPT_BORDERWIDTH>1</RPT_BORDERWIDTH>
          <RPT_BORDERCOLOR>Red, ARGB(255,255,0,0)</RPT_BORDERCOLOR>
          <RPT_ALIGNMENT>TopLeft</RPT_ALIGNMENT>
          <RPT_FONT>Microsoft Sans Serif, 8pt, style=Bold</RPT_FONT>
          <GxFormat>Text</GxFormat>
          <RPT_WORDWRAP>False</RPT_WORDWRAP>
          <AttEditNameProtected>False</AttEditNameProtected>
          <IsStandardVariable>False</IsStandardVariable>
          <idIsAutoDefinedVariable>False</idIsAutoDefinedVariable>
          <AttEditDisableArrays>False</AttEditDisableArrays>
          <AttEditNewVariable>False</AttEditNewVariable>
          <AttEditDontAssign>False</AttEditDontAssign>
        </ReportAttribute>
      </Controls>
      <Properties>
        <RPT_TEXT_MODE>False</RPT_TEXT_MODE>
        <RPT_INTERNAL_NAME>P_HDRMOD8</RPT_INTERNAL_NAME>
        <RPT_ID>186</RPT_ID>
        <RPT_VISIBLE>True</RPT_VISIBLE>
        <RPT_TEXT>Text</RPT_TEXT>
        <RPT_X>74</RPT_X>
        <RPT_Y>848</RPT_Y>
        <RPT_WIDTH>856</RPT_WIDTH>
        <RPT_HEIGHT>204</RPT_HEIGHT>
      </Properties>
    </PrintBlock>
    <PrintBlock>
      <Controls>
        <ReportLabel>
          <RPT_TEXT_MODE>False</RPT_TEXT_MODE>
          <RPT_INTERNAL_NAME>Control222</RPT_INTERNAL_NAME>
          <RPT_ID>222</RPT_ID>
          <RPT_VISIBLE>True</RPT_VISIBLE>
          <RPT_TEXT>Composição:</RPT_TEXT>
          <RPT_X>54</RPT_X>
          <RPT_Y>156</RPT_Y>
          <RPT_WIDTH>93</RPT_WIDTH>
          <RPT_HEIGHT>18</RPT_HEIGHT>
          <RPT_FORECOLOR>Black, ARGB(255,0,0,0)</RPT_FORECOLOR>
          <RPT_BACKCOLOR>Transparent, ARGB(0,255,255,255)</RPT_BACKCOLOR>
          <RPT_BORDERS>None</RPT_BORDERS>
          <RPT_BORDERWIDTH>1</RPT_BORDERWIDTH>
          <RPT_BORDERCOLOR>Black, ARGB(255,0,0,0)</RPT_BORDERCOLOR>
          <RPT_ALIGNMENT>TopLeft</RPT_ALIGNMENT>
          <RPT_FONT>Courier New, 10pt</RPT_FONT>
          <RPT_WORDWRAP>False</RPT_WORDWRAP>
        </ReportLabel>
        <ReportAttribute>
          <RPT_TEXT_MODE>False</RPT_TEXT_MODE>
          <RPT_INTERNAL_NAME>Control223</RPT_INTERNAL_NAME>
          <RPT_ID>223</RPT_ID>
          <RPT_VISIBLE>True</RPT_VISIBLE>
          <ControlName>BarTra1</ControlName>
          <AttID>BarTra1</AttID>
          <AttType>5</AttType>
          <BaseAttType>5</BaseAttType>
          <PROP_EXT_BASE_ATT_COLLECTION>False</PROP_EXT_BASE_ATT_COLLECTION>
          <GxObjClass>1</GxObjClass>
          <isVariable>False</isVariable>
          <isAttribute>True</isAttribute>
          <ColCount>4</ColCount>
          <ControlType>Edit</ControlType>
          <IsEnumerated>False</IsEnumerated>
          <RowIndex>1</RowIndex>
          <ColIndex>1</ColIndex>
          <AttNumDim>0</AttNumDim>
          <AttCollection>False</AttCollection>
          <RPT_TEXT>Text</RPT_TEXT>
          <RPT_X>151</RPT_X>
          <RPT_Y>154</RPT_Y>
          <RPT_WIDTH>34</RPT_WIDTH>
          <RPT_WIDTH_Default>34</RPT_WIDTH_Default>
          <RPT_HEIGHT>18</RPT_HEIGHT>
          <RPT_HEIGHT_Default>18</RPT_HEIGHT_Default>
          <RPT_FORECOLOR>Black, ARGB(255,0,0,0)</RPT_FORECOLOR>
          <RPT_BACKCOLOR>White, ARGB(255,255,255,255)</RPT_BACKCOLOR>
          <RPT_BORDERS>None</RPT_BORDERS>
          <RPT_BORDERWIDTH>1</RPT_BORDERWIDTH>
          <RPT_BORDERCOLOR>Black, ARGB(255,0,0,0)</RPT_BORDERCOLOR>
          <RPT_ALIGNMENT>TopLeft</RPT_ALIGNMENT>
          <RPT_FONT>Courier New, 10pt</RPT_FONT>
          <GxFormat>Text</GxFormat>
          <RPT_WORDWRAP>False</RPT_WORDWRAP>
          <AttEditNameProtected>False</AttEditNameProtected>
          <IsStandardVariable>False</IsStandardVariable>
          <idIsAutoDefinedVariable>False</idIsAutoDefinedVariable>
          <AttEditDisableArrays>False</AttEditDisableArrays>
          <AttEditNewVariable>False</AttEditNewVariable>
          <AttEditDontAssign>False</AttEditDontAssign>
        </ReportAttribute>
        <ReportAttribute>
          <RPT_TEXT_MODE>False</RPT_TEXT_MODE>
          <RPT_INTERNAL_NAME>Control224</RPT_INTERNAL_NAME>
          <RPT_ID>224</RPT_ID>
          <RPT_VISIBLE>True</RPT_VISIBLE>
          <ControlName>BarTra2</ControlName>
          <AttID>BarTra2</AttID>
          <AttType>5</AttType>
          <BaseAttType>5</BaseAttType>
          <PROP_EXT_BASE_ATT_COLLECTION>False</PROP_EXT_BASE_ATT_COLLECTION>
          <GxObjClass>1</GxObjClass>
          <isVariable>False</isVariable>
          <isAttribute>True</isAttribute>
          <ColCount>4</ColCount>
          <ControlType>Edit</ControlType>
          <IsEnumerated>False</IsEnumerated>
          <RowIndex>1</RowIndex>
          <ColIndex>1</ColIndex>
          <AttNumDim>0</AttNumDim>
          <AttCollection>False</AttCollection>
          <RPT_TEXT>Text</RPT_TEXT>
          <RPT_X>180</RPT_X>
          <RPT_Y>154</RPT_Y>
          <RPT_WIDTH>34</RPT_WIDTH>
          <RPT_WIDTH_Default>34</RPT_WIDTH_Default>
          <RPT_HEIGHT>18</RPT_HEIGHT>
          <RPT_HEIGHT_Default>18</RPT_HEIGHT_Default>
          <RPT_FORECOLOR>Black, ARGB(255,0,0,0)</RPT_FORECOLOR>
          <RPT_BACKCOLOR>White, ARGB(255,255,255,255)</RPT_BACKCOLOR>
          <RPT_BORDERS>None</RPT_BORDERS>
          <RPT_BORDERWIDTH>1</RPT_BORDERWIDTH>
          <RPT_BORDERCOLOR>Black, ARGB(255,0,0,0)</RPT_BORDERCOLOR>
          <RPT_ALIGNMENT>TopLeft</RPT_ALIGNMENT>
          <RPT_FONT>Courier New, 10pt</RPT_FONT>
          <GxFormat>Text</GxFormat>
          <RPT_WORDWRAP>False</RPT_WORDWRAP>
          <AttEditNameProtected>False</AttEditNameProtected>
          <IsStandardVariable>False</IsStandardVariable>
          <idIsAutoDefinedVariable>False</idIsAutoDefinedVariable>
          <AttEditDisableArrays>False</AttEditDisableArrays>
          <AttEditNewVariable>False</AttEditNewVariable>
          <AttEditDontAssign>False</AttEditDontAssign>
        </ReportAttribute>
        <ReportAttribute>
          <RPT_TEXT_MODE>False</RPT_TEXT_MODE>
          <RPT_INTERNAL_NAME>Control225</RPT_INTERNAL_NAME>
          <RPT_ID>225</RPT_ID>
          <RPT_VISIBLE>True</RPT_VISIBLE>
          <ControlName>BarTra3</ControlName>
          <AttID>BarTra3</AttID>
          <AttType>5</AttType>
          <BaseAttType>5</BaseAttType>
          <PROP_EXT_BASE_ATT_COLLECTION>False</PROP_EXT_BASE_ATT_COLLECTION>
          <GxObjClass>1</GxObjClass>
          <isVariable>False</isVariable>
          <isAttribute>True</isAttribute>
          <ColCount>4</ColCount>
          <ControlType>Edit</ControlType>
          <IsEnumerated>False</IsEnumerated>
          <RowIndex>1</RowIndex>
          <ColIndex>1</ColIndex>
          <AttNumDim>0</AttNumDim>
          <AttCollection>False</AttCollection>
          <RPT_TEXT>Text</RPT_TEXT>
          <RPT_X>209</RPT_X>
          <RPT_Y>154</RPT_Y>
          <RPT_WIDTH>34</RPT_WIDTH>
          <RPT_WIDTH_Default>34</RPT_WIDTH_Default>
          <RPT_HEIGHT>18</RPT_HEIGHT>
          <RPT_HEIGHT_Default>18</RPT_HEIGHT_Default>
          <RPT_FORECOLOR>Black, ARGB(255,0,0,0)</RPT_FORECOLOR>
          <RPT_BACKCOLOR>White, ARGB(255,255,255,255)</RPT_BACKCOLOR>
          <RPT_BORDERS>None</RPT_BORDERS>
          <RPT_BORDERWIDTH>1</RPT_BORDERWIDTH>
          <RPT_BORDERCOLOR>Black, ARGB(255,0,0,0)</RPT_BORDERCOLOR>
          <RPT_ALIGNMENT>TopLeft</RPT_ALIGNMENT>
          <RPT_FONT>Courier New, 10pt</RPT_FONT>
          <GxFormat>Text</GxFormat>
          <RPT_WORDWRAP>False</RPT_WORDWRAP>
          <AttEditNameProtected>False</AttEditNameProtected>
          <IsStandardVariable>False</IsStandardVariable>
          <idIsAutoDefinedVariable>False</idIsAutoDefinedVariable>
          <AttEditDisableArrays>False</AttEditDisableArrays>
          <AttEditNewVariable>False</AttEditNewVariable>
          <AttEditDontAssign>False</AttEditDontAssign>
        </ReportAttribute>
        <ReportAttribute>
          <RPT_TEXT_MODE>False</RPT_TEXT_MODE>
          <RPT_INTERNAL_NAME>Control226</RPT_INTERNAL_NAME>
          <RPT_ID>226</RPT_ID>
          <RPT_VISIBLE>True</RPT_VISIBLE>
          <ControlName>BarUrd1</ControlName>
          <AttID>BarUrd1</AttID>
          <AttType>5</AttType>
          <BaseAttType>5</BaseAttType>
          <PROP_EXT_BASE_ATT_COLLECTION>False</PROP_EXT_BASE_ATT_COLLECTION>
          <GxObjClass>1</GxObjClass>
          <isVariable>False</isVariable>
          <isAttribute>True</isAttribute>
          <ColCount>4</ColCount>
          <ControlType>Edit</ControlType>
          <IsEnumerated>False</IsEnumerated>
          <RowIndex>1</RowIndex>
          <ColIndex>1</ColIndex>
          <AttNumDim>0</AttNumDim>
          <AttCollection>False</AttCollection>
          <RPT_TEXT>Text</RPT_TEXT>
          <RPT_X>239</RPT_X>
          <RPT_Y>154</RPT_Y>
          <RPT_WIDTH>34</RPT_WIDTH>
          <RPT_WIDTH_Default>34</RPT_WIDTH_Default>
          <RPT_HEIGHT>18</RPT_HEIGHT>
          <RPT_HEIGHT_Default>18</RPT_HEIGHT_Default>
          <RPT_FORECOLOR>Black, ARGB(255,0,0,0)</RPT_FORECOLOR>
          <RPT_BACKCOLOR>White, ARGB(255,255,255,255)</RPT_BACKCOLOR>
          <RPT_BORDERS>None</RPT_BORDERS>
          <RPT_BORDERWIDTH>1</RPT_BORDERWIDTH>
          <RPT_BORDERCOLOR>Black, ARGB(255,0,0,0)</RPT_BORDERCOLOR>
          <RPT_ALIGNMENT>TopLeft</RPT_ALIGNMENT>
          <RPT_FONT>Courier New, 10pt</RPT_FONT>
          <GxFormat>Text</GxFormat>
          <RPT_WORDWRAP>False</RPT_WORDWRAP>
          <AttEditNameProtected>False</AttEditNameProtected>
          <IsStandardVariable>False</IsStandardVariable>
          <idIsAutoDefinedVariable>False</idIsAutoDefinedVariable>
          <AttEditDisableArrays>False</AttEditDisableArrays>
          <AttEditNewVariable>False</AttEditNewVariable>
          <AttEditDontAssign>False</AttEditDontAssign>
        </ReportAttribute>
        <ReportAttribute>
          <RPT_TEXT_MODE>False</RPT_TEXT_MODE>
          <RPT_INTERNAL_NAME>Control227</RPT_INTERNAL_NAME>
          <RPT_ID>227</RPT_ID>
          <RPT_VISIBLE>True</RPT_VISIBLE>
          <ControlName>BarUrd2</ControlName>
          <AttID>BarUrd2</AttID>
          <AttType>5</AttType>
          <BaseAttType>5</BaseAttType>
          <PROP_EXT_BASE_ATT_COLLECTION>False</PROP_EXT_BASE_ATT_COLLECTION>
          <GxObjClass>1</GxObjClass>
          <isVariable>False</isVariable>
          <isAttribute>True</isAttribute>
          <ColCount>4</ColCount>
          <ControlType>Edit</ControlType>
          <IsEnumerated>False</IsEnumerated>
          <RowIndex>1</RowIndex>
          <ColIndex>1</ColIndex>
          <AttNumDim>0</AttNumDim>
          <AttCollection>False</AttCollection>
          <RPT_TEXT>Text</RPT_TEXT>
          <RPT_X>275</RPT_X>
          <RPT_Y>154</RPT_Y>
          <RPT_WIDTH>34</RPT_WIDTH>
          <RPT_WIDTH_Default>34</RPT_WIDTH_Default>
          <RPT_HEIGHT>18</RPT_HEIGHT>
          <RPT_HEIGHT_Default>18</RPT_HEIGHT_Default>
          <RPT_FORECOLOR>Black, ARGB(255,0,0,0)</RPT_FORECOLOR>
          <RPT_BACKCOLOR>White, ARGB(255,255,255,255)</RPT_BACKCOLOR>
          <RPT_BORDERS>None</RPT_BORDERS>
          <RPT_BORDERWIDTH>1</RPT_BORDERWIDTH>
          <RPT_BORDERCOLOR>Black, ARGB(255,0,0,0)</RPT_BORDERCOLOR>
          <RPT_ALIGNMENT>TopLeft</RPT_ALIGNMENT>
          <RPT_FONT>Courier New, 10pt</RPT_FONT>
          <GxFormat>Text</GxFormat>
          <RPT_WORDWRAP>False</RPT_WORDWRAP>
          <AttEditNameProtected>False</AttEditNameProtected>
          <IsStandardVariable>False</IsStandardVariable>
          <idIsAutoDefinedVariable>False</idIsAutoDefinedVariable>
          <AttEditDisableArrays>False</AttEditDisableArrays>
          <AttEditNewVariable>False</AttEditNewVariable>
          <AttEditDontAssign>False</AttEditDontAssign>
        </ReportAttribute>
        <ReportAttribute>
          <RPT_TEXT_MODE>False</RPT_TEXT_MODE>
          <RPT_INTERNAL_NAME>Control228</RPT_INTERNAL_NAME>
          <RPT_ID>228</RPT_ID>
          <RPT_VISIBLE>True</RPT_VISIBLE>
          <ControlName>BarUrd3</ControlName>
          <AttID>BarUrd3</AttID>
          <AttType>5</AttType>
          <BaseAttType>5</BaseAttType>
          <PROP_EXT_BASE_ATT_COLLECTION>False</PROP_EXT_BASE_ATT_COLLECTION>
          <GxObjClass>1</GxObjClass>
          <isVariable>False</isVariable>
          <isAttribute>True</isAttribute>
          <ColCount>4</ColCount>
          <ControlType>Edit</ControlType>
          <IsEnumerated>False</IsEnumerated>
          <RowIndex>1</RowIndex>
          <ColIndex>1</ColIndex>
          <AttNumDim>0</AttNumDim>
          <AttCollection>False</AttCollection>
          <RPT_TEXT>Text</RPT_TEXT>
          <RPT_X>311</RPT_X>
          <RPT_Y>154</RPT_Y>
          <RPT_WIDTH>34</RPT_WIDTH>
          <RPT_WIDTH_Default>34</RPT_WIDTH_Default>
          <RPT_HEIGHT>18</RPT_HEIGHT>
          <RPT_HEIGHT_Default>18</RPT_HEIGHT_Default>
          <RPT_FORECOLOR>Black, ARGB(255,0,0,0)</RPT_FORECOLOR>
          <RPT_BACKCOLOR>White, ARGB(255,255,255,255)</RPT_BACKCOLOR>
          <RPT_BORDERS>None</RPT_BORDERS>
          <RPT_BORDERWIDTH>1</RPT_BORDERWIDTH>
          <RPT_BORDERCOLOR>Black, ARGB(255,0,0,0)</RPT_BORDERCOLOR>
          <RPT_ALIGNMENT>TopLeft</RPT_ALIGNMENT>
          <RPT_FONT>Courier New, 10pt</RPT_FONT>
          <GxFormat>Text</GxFormat>
          <RPT_WORDWRAP>False</RPT_WORDWRAP>
          <AttEditNameProtected>False</AttEditNameProtected>
          <IsStandardVariable>False</IsStandardVariable>
          <idIsAutoDefinedVariable>False</idIsAutoDefinedVariable>
          <AttEditDisableArrays>False</AttEditDisableArrays>
          <AttEditNewVariable>False</AttEditNewVariable>
          <AttEditDontAssign>False</AttEditDontAssign>
        </ReportAttribute>
        <ReportLabel>
          <RPT_TEXT_MODE>False</RPT_TEXT_MODE>
          <RPT_INTERNAL_NAME>Control229</RPT_INTERNAL_NAME>
          <RPT_ID>229</RPT_ID>
          <RPT_VISIBLE>True</RPT_VISIBLE>
          <RPT_TEXT>Gram.</RPT_TEXT>
          <RPT_X>519</RPT_X>
          <RPT_Y>32</RPT_Y>
          <RPT_WIDTH>43</RPT_WIDTH>
          <RPT_HEIGHT>17</RPT_HEIGHT>
          <RPT_FORECOLOR>Black, ARGB(255,0,0,0)</RPT_FORECOLOR>
          <RPT_BACKCOLOR>Transparent, ARGB(0,255,255,255)</RPT_BACKCOLOR>
          <RPT_BORDERS>None</RPT_BORDERS>
          <RPT_BORDERWIDTH>1</RPT_BORDERWIDTH>
          <RPT_BORDERCOLOR>Black, ARGB(255,0,0,0)</RPT_BORDERCOLOR>
          <RPT_ALIGNMENT>TopLeft</RPT_ALIGNMENT>
          <RPT_FONT>Courier New, 10pt, style=Bold</RPT_FONT>
          <RPT_WORDWRAP>False</RPT_WORDWRAP>
        </ReportLabel>
        <ReportAttribute>
          <RPT_TEXT_MODE>False</RPT_TEXT_MODE>
          <RPT_INTERNAL_NAME>Control230</RPT_INTERNAL_NAME>
          <RPT_ID>230</RPT_ID>
          <RPT_VISIBLE>True</RPT_VISIBLE>
          <ControlName>BarTraP1</ControlName>
          <AttID>BarTraP1</AttID>
          <AttType>4</AttType>
          <BaseAttType>4</BaseAttType>
          <PROP_EXT_BASE_ATT_COLLECTION>False</PROP_EXT_BASE_ATT_COLLECTION>
          <GxObjClass>1</GxObjClass>
          <isVariable>False</isVariable>
          <isAttribute>True</isAttribute>
          <ColCount>3</ColCount>
          <ControlType>Edit</ControlType>
          <IsEnumerated>False</IsEnumerated>
          <RowIndex>1</RowIndex>
          <ColIndex>1</ColIndex>
          <AttNumDim>0</AttNumDim>
          <AttCollection>False</AttCollection>
          <RPT_TEXT>Text</RPT_TEXT>
          <RPT_X>151</RPT_X>
          <RPT_Y>174</RPT_Y>
          <RPT_WIDTH>26</RPT_WIDTH>
          <RPT_WIDTH_Default>26</RPT_WIDTH_Default>
          <RPT_HEIGHT>18</RPT_HEIGHT>
          <RPT_HEIGHT_Default>18</RPT_HEIGHT_Default>
          <RPT_FORECOLOR>Black, ARGB(255,0,0,0)</RPT_FORECOLOR>
          <RPT_BACKCOLOR>White, ARGB(255,255,255,255)</RPT_BACKCOLOR>
          <RPT_BORDERS>None</RPT_BORDERS>
          <RPT_BORDERWIDTH>1</RPT_BORDERWIDTH>
          <RPT_BORDERCOLOR>Black, ARGB(255,0,0,0)</RPT_BORDERCOLOR>
          <RPT_ALIGNMENT>TopRight</RPT_ALIGNMENT>
          <RPT_FONT>Courier New, 10pt</RPT_FONT>
          <GxFormat>Text</GxFormat>
          <RPT_WORDWRAP>False</RPT_WORDWRAP>
          <AttEditNameProtected>False</AttEditNameProtected>
          <IsStandardVariable>False</IsStandardVariable>
          <idIsAutoDefinedVariable>False</idIsAutoDefinedVariable>
          <AttEditDisableArrays>False</AttEditDisableArrays>
          <AttEditNewVariable>False</AttEditNewVariable>
          <AttEditDontAssign>False</AttEditDontAssign>
        </ReportAttribute>
        <ReportAttribute>
          <RPT_TEXT_MODE>False</RPT_TEXT_MODE>
          <RPT_INTERNAL_NAME>Control231</RPT_INTERNAL_NAME>
          <RPT_ID>231</RPT_ID>
          <RPT_VISIBLE>True</RPT_VISIBLE>
          <ControlName>BarTraP2</ControlName>
          <AttID>BarTraP2</AttID>
          <AttType>4</AttType>
          <BaseAttType>4</BaseAttType>
          <PROP_EXT_BASE_ATT_COLLECTION>False</PROP_EXT_BASE_ATT_COLLECTION>
          <GxObjClass>1</GxObjClass>
          <isVariable>False</isVariable>
          <isAttribute>True</isAttribute>
          <ColCount>3</ColCount>
          <ControlType>Edit</ControlType>
          <IsEnumerated>False</IsEnumerated>
          <RowIndex>1</RowIndex>
          <ColIndex>1</ColIndex>
          <AttNumDim>0</AttNumDim>
          <AttCollection>False</AttCollection>
          <RPT_TEXT>Text</RPT_TEXT>
          <RPT_X>180</RPT_X>
          <RPT_Y>174</RPT_Y>
          <RPT_WIDTH>26</RPT_WIDTH>
          <RPT_WIDTH_Default>26</RPT_WIDTH_Default>
          <RPT_HEIGHT>18</RPT_HEIGHT>
          <RPT_HEIGHT_Default>18</RPT_HEIGHT_Default>
          <RPT_FORECOLOR>Black, ARGB(255,0,0,0)</RPT_FORECOLOR>
          <RPT_BACKCOLOR>White, ARGB(255,255,255,255)</RPT_BACKCOLOR>
          <RPT_BORDERS>None</RPT_BORDERS>
          <RPT_BORDERWIDTH>1</RPT_BORDERWIDTH>
          <RPT_BORDERCOLOR>Black, ARGB(255,0,0,0)</RPT_BORDERCOLOR>
          <RPT_ALIGNMENT>TopRight</RPT_ALIGNMENT>
          <RPT_FONT>Courier New, 10pt</RPT_FONT>
          <GxFormat>Text</GxFormat>
          <RPT_WORDWRAP>False</RPT_WORDWRAP>
          <AttEditNameProtected>False</AttEditNameProtected>
          <IsStandardVariable>False</IsStandardVariable>
          <idIsAutoDefinedVariable>False</idIsAutoDefinedVariable>
          <AttEditDisableArrays>False</AttEditDisableArrays>
          <AttEditNewVariable>False</AttEditNewVariable>
          <AttEditDontAssign>False</AttEditDontAssign>
        </ReportAttribute>
        <ReportAttribute>
          <RPT_TEXT_MODE>False</RPT_TEXT_MODE>
          <RPT_INTERNAL_NAME>Control232</RPT_INTERNAL_NAME>
          <RPT_ID>232</RPT_ID>
          <RPT_VISIBLE>True</RPT_VISIBLE>
          <ControlName>BarTraP3</ControlName>
          <AttID>BarTraP3</AttID>
          <AttType>4</AttType>
          <BaseAttType>4</BaseAttType>
          <PROP_EXT_BASE_ATT_COLLECTION>False</PROP_EXT_BASE_ATT_COLLECTION>
          <GxObjClass>1</GxObjClass>
          <isVariable>False</isVariable>
          <isAttribute>True</isAttribute>
          <ColCount>3</ColCount>
          <ControlType>Edit</ControlType>
          <IsEnumerated>False</IsEnumerated>
          <RowIndex>1</RowIndex>
          <ColIndex>1</ColIndex>
          <AttNumDim>0</AttNumDim>
          <AttCollection>False</AttCollection>
          <RPT_TEXT>Text</RPT_TEXT>
          <RPT_X>209</RPT_X>
          <RPT_Y>174</RPT_Y>
          <RPT_WIDTH>26</RPT_WIDTH>
          <RPT_WIDTH_Default>26</RPT_WIDTH_Default>
          <RPT_HEIGHT>18</RPT_HEIGHT>
          <RPT_HEIGHT_Default>18</RPT_HEIGHT_Default>
          <RPT_FORECOLOR>Black, ARGB(255,0,0,0)</RPT_FORECOLOR>
          <RPT_BACKCOLOR>White, ARGB(255,255,255,255)</RPT_BACKCOLOR>
          <RPT_BORDERS>None</RPT_BORDERS>
          <RPT_BORDERWIDTH>1</RPT_BORDERWIDTH>
          <RPT_BORDERCOLOR>Black, ARGB(255,0,0,0)</RPT_BORDERCOLOR>
          <RPT_ALIGNMENT>TopRight</RPT_ALIGNMENT>
          <RPT_FONT>Courier New, 10pt</RPT_FONT>
          <GxFormat>Text</GxFormat>
          <RPT_WORDWRAP>False</RPT_WORDWRAP>
          <AttEditNameProtected>False</AttEditNameProtected>
          <IsStandardVariable>False</IsStandardVariable>
          <idIsAutoDefinedVariable>False</idIsAutoDefinedVariable>
          <AttEditDisableArrays>False</AttEditDisableArrays>
          <AttEditNewVariable>False</AttEditNewVariable>
          <AttEditDontAssign>False</AttEditDontAssign>
        </ReportAttribute>
        <ReportAttribute>
          <RPT_TEXT_MODE>False</RPT_TEXT_MODE>
          <RPT_INTERNAL_NAME>Control233</RPT_INTERNAL_NAME>
          <RPT_ID>233</RPT_ID>
          <RPT_VISIBLE>True</RPT_VISIBLE>
          <ControlName>BarUrdP1</ControlName>
          <AttID>BarUrdP1</AttID>
          <AttType>4</AttType>
          <BaseAttType>4</BaseAttType>
          <PROP_EXT_BASE_ATT_COLLECTION>False</PROP_EXT_BASE_ATT_COLLECTION>
          <GxObjClass>1</GxObjClass>
          <isVariable>False</isVariable>
          <isAttribute>True</isAttribute>
          <ColCount>3</ColCount>
          <ControlType>Edit</ControlType>
          <IsEnumerated>False</IsEnumerated>
          <RowIndex>1</RowIndex>
          <ColIndex>1</ColIndex>
          <AttNumDim>0</AttNumDim>
          <AttCollection>False</AttCollection>
          <RPT_TEXT>Text</RPT_TEXT>
          <RPT_X>247</RPT_X>
          <RPT_Y>174</RPT_Y>
          <RPT_WIDTH>26</RPT_WIDTH>
          <RPT_WIDTH_Default>26</RPT_WIDTH_Default>
          <RPT_HEIGHT>18</RPT_HEIGHT>
          <RPT_HEIGHT_Default>18</RPT_HEIGHT_Default>
          <RPT_FORECOLOR>Black, ARGB(255,0,0,0)</RPT_FORECOLOR>
          <RPT_BACKCOLOR>White, ARGB(255,255,255,255)</RPT_BACKCOLOR>
          <RPT_BORDERS>None</RPT_BORDERS>
          <RPT_BORDERWIDTH>1</RPT_BORDERWIDTH>
          <RPT_BORDERCOLOR>Black, ARGB(255,0,0,0)</RPT_BORDERCOLOR>
          <RPT_ALIGNMENT>TopRight</RPT_ALIGNMENT>
          <RPT_FONT>Courier New, 10pt</RPT_FONT>
          <GxFormat>Text</GxFormat>
          <RPT_WORDWRAP>False</RPT_WORDWRAP>
          <AttEditNameProtected>False</AttEditNameProtected>
          <IsStandardVariable>False</IsStandardVariable>
          <idIsAutoDefinedVariable>False</idIsAutoDefinedVariable>
          <AttEditDisableArrays>False</AttEditDisableArrays>
          <AttEditNewVariable>False</AttEditNewVariable>
          <AttEditDontAssign>False</AttEditDontAssign>
        </ReportAttribute>
        <ReportAttribute>
          <RPT_TEXT_MODE>False</RPT_TEXT_MODE>
          <RPT_INTERNAL_NAME>Control234</RPT_INTERNAL_NAME>
          <RPT_ID>234</RPT_ID>
          <RPT_VISIBLE>True</RPT_VISIBLE>
          <ControlName>BarUrdP2</ControlName>
          <AttID>BarUrdP2</AttID>
          <AttType>4</AttType>
          <BaseAttType>4</BaseAttType>
          <PROP_EXT_BASE_ATT_COLLECTION>False</PROP_EXT_BASE_ATT_COLLECTION>
          <GxObjClass>1</GxObjClass>
          <isVariable>False</isVariable>
          <isAttribute>True</isAttribute>
          <ColCount>3</ColCount>
          <ControlType>Edit</ControlType>
          <IsEnumerated>False</IsEnumerated>
          <RowIndex>1</RowIndex>
          <ColIndex>1</ColIndex>
          <AttNumDim>0</AttNumDim>
          <AttCollection>False</AttCollection>
          <RPT_TEXT>Text</RPT_TEXT>
          <RPT_X>283</RPT_X>
          <RPT_Y>174</RPT_Y>
          <RPT_WIDTH>26</RPT_WIDTH>
          <RPT_WIDTH_Default>26</RPT_WIDTH_Default>
          <RPT_HEIGHT>18</RPT_HEIGHT>
          <RPT_HEIGHT_Default>18</RPT_HEIGHT_Default>
          <RPT_FORECOLOR>Black, ARGB(255,0,0,0)</RPT_FORECOLOR>
          <RPT_BACKCOLOR>White, ARGB(255,255,255,255)</RPT_BACKCOLOR>
          <RPT_BORDERS>None</RPT_BORDERS>
          <RPT_BORDERWIDTH>1</RPT_BORDERWIDTH>
          <RPT_BORDERCOLOR>Black, ARGB(255,0,0,0)</RPT_BORDERCOLOR>
          <RPT_ALIGNMENT>TopRight</RPT_ALIGNMENT>
          <RPT_FONT>Courier New, 10pt</RPT_FONT>
          <GxFormat>Text</GxFormat>
          <RPT_WORDWRAP>False</RPT_WORDWRAP>
          <AttEditNameProtected>False</AttEditNameProtected>
          <IsStandardVariable>False</IsStandardVariable>
          <idIsAutoDefinedVariable>False</idIsAutoDefinedVariable>
          <AttEditDisableArrays>False</AttEditDisableArrays>
          <AttEditNewVariable>False</AttEditNewVariable>
          <AttEditDontAssign>False</AttEditDontAssign>
        </ReportAttribute>
        <ReportAttribute>
          <RPT_TEXT_MODE>False</RPT_TEXT_MODE>
          <RPT_INTERNAL_NAME>Control235</RPT_INTERNAL_NAME>
          <RPT_ID>235</RPT_ID>
          <RPT_VISIBLE>True</RPT_VISIBLE>
          <ControlName>BarUrdP3</ControlName>
          <AttID>BarUrdP3</AttID>
          <AttType>4</AttType>
          <BaseAttType>4</BaseAttType>
          <PROP_EXT_BASE_ATT_COLLECTION>False</PROP_EXT_BASE_ATT_COLLECTION>
          <GxObjClass>1</GxObjClass>
          <isVariable>False</isVariable>
          <isAttribute>True</isAttribute>
          <ColCount>3</ColCount>
          <ControlType>Edit</ControlType>
          <IsEnumerated>False</IsEnumerated>
          <RowIndex>1</RowIndex>
          <ColIndex>1</ColIndex>
          <AttNumDim>0</AttNumDim>
          <AttCollection>False</AttCollection>
          <RPT_TEXT>Text</RPT_TEXT>
          <RPT_X>320</RPT_X>
          <RPT_Y>174</RPT_Y>
          <RPT_WIDTH>26</RPT_WIDTH>
          <RPT_WIDTH_Default>26</RPT_WIDTH_Default>
          <RPT_HEIGHT>18</RPT_HEIGHT>
          <RPT_HEIGHT_Default>18</RPT_HEIGHT_Default>
          <RPT_FORECOLOR>Black, ARGB(255,0,0,0)</RPT_FORECOLOR>
          <RPT_BACKCOLOR>White, ARGB(255,255,255,255)</RPT_BACKCOLOR>
          <RPT_BORDERS>None</RPT_BORDERS>
          <RPT_BORDERWIDTH>1</RPT_BORDERWIDTH>
          <RPT_BORDERCOLOR>Black, ARGB(255,0,0,0)</RPT_BORDERCOLOR>
          <RPT_ALIGNMENT>TopRight</RPT_ALIGNMENT>
          <RPT_FONT>Courier New, 10pt</RPT_FONT>
          <GxFormat>Text</GxFormat>
          <RPT_WORDWRAP>False</RPT_WORDWRAP>
          <AttEditNameProtected>False</AttEditNameProtected>
          <IsStandardVariable>False</IsStandardVariable>
          <idIsAutoDefinedVariable>False</idIsAutoDefinedVariable>
          <AttEditDisableArrays>False</AttEditDisableArrays>
          <AttEditNewVariable>False</AttEditNewVariable>
          <AttEditDontAssign>False</AttEditDontAssign>
        </ReportAttribute>
        <ReportLabel>
          <RPT_TEXT_MODE>False</RPT_TEXT_MODE>
          <RPT_INTERNAL_NAME>Control236</RPT_INTERNAL_NAME>
          <RPT_ID>236</RPT_ID>
          <RPT_VISIBLE>True</RPT_VISIBLE>
          <RPT_TEXT>Medida</RPT_TEXT>
          <RPT_X>425</RPT_X>
          <RPT_Y>32</RPT_Y>
          <RPT_WIDTH>51</RPT_WIDTH>
          <RPT_HEIGHT>17</RPT_HEIGHT>
          <RPT_FORECOLOR>Black, ARGB(255,0,0,0)</RPT_FORECOLOR>
          <RPT_BACKCOLOR>Transparent, ARGB(0,255,255,255)</RPT_BACKCOLOR>
          <RPT_BORDERS>None</RPT_BORDERS>
          <RPT_BORDERWIDTH>1</RPT_BORDERWIDTH>
          <RPT_BORDERCOLOR>Black, ARGB(255,0,0,0)</RPT_BORDERCOLOR>
          <RPT_ALIGNMENT>TopLeft</RPT_ALIGNMENT>
          <RPT_FONT>Courier New, 10pt, style=Bold</RPT_FONT>
          <RPT_WORDWRAP>False</RPT_WORDWRAP>
        </ReportLabel>
        <ReportAttribute>
          <RPT_TEXT_MODE>False</RPT_TEXT_MODE>
          <RPT_INTERNAL_NAME>Control237</RPT_INTERNAL_NAME>
          <RPT_ID>237</RPT_ID>
          <RPT_VISIBLE>True</RPT_VISIBLE>
          <ControlName>&amp;BarEncAnh</ControlName>
          <AttID>&amp;BarEncAnh</AttID>
          <AttType>5</AttType>
          <BaseAttType>5</BaseAttType>
          <PROP_EXT_BASE_ATT_COLLECTION>False</PROP_EXT_BASE_ATT_COLLECTION>
          <GxObjClass>1</GxObjClass>
          <isVariable>True</isVariable>
          <isAttribute>False</isAttribute>
          <ColCount>6</ColCount>
          <ControlType>Edit</ControlType>
          <IsEnumerated>False</IsEnumerated>
          <RowIndex>1</RowIndex>
          <ColIndex>1</ColIndex>
          <AttNumDim>0</AttNumDim>
          <AttCollection>False</AttCollection>
          <RPT_TEXT>Text</RPT_TEXT>
          <RPT_X>617</RPT_X>
          <RPT_Y>57</RPT_Y>
          <RPT_WIDTH>51</RPT_WIDTH>
          <RPT_WIDTH_Default>51</RPT_WIDTH_Default>
          <RPT_HEIGHT>18</RPT_HEIGHT>
          <RPT_HEIGHT_Default>18</RPT_HEIGHT_Default>
          <RPT_FORECOLOR>Black, ARGB(255,0,0,0)</RPT_FORECOLOR>
          <RPT_BACKCOLOR>White, ARGB(255,255,255,255)</RPT_BACKCOLOR>
          <RPT_BORDERS>None</RPT_BORDERS>
          <RPT_BORDERWIDTH>1</RPT_BORDERWIDTH>
          <RPT_BORDERCOLOR>Black, ARGB(255,0,0,0)</RPT_BORDERCOLOR>
          <RPT_ALIGNMENT>TopLeft</RPT_ALIGNMENT>
          <RPT_FONT>Courier New, 10pt</RPT_FONT>
          <GxFormat>Text</GxFormat>
          <RPT_WORDWRAP>False</RPT_WORDWRAP>
          <AttEditNameProtected>False</AttEditNameProtected>
          <IsStandardVariable>False</IsStandardVariable>
          <idIsAutoDefinedVariable>False</idIsAutoDefinedVariable>
          <AttEditDisableArrays>False</AttEditDisableArrays>
          <AttEditNewVariable>False</AttEditNewVariable>
          <AttEditDontAssign>False</AttEditDontAssign>
        </ReportAttribute>
        <ReportAttribute>
          <RPT_TEXT_MODE>False</RPT_TEXT_MODE>
          <RPT_INTERNAL_NAME>Control238</RPT_INTERNAL_NAME>
          <RPT_ID>238</RPT_ID>
          <RPT_VISIBLE>True</RPT_VISIBLE>
          <ControlName>&amp;BarEncCom</ControlName>
          <AttID>&amp;BarEncCom</AttID>
          <AttType>5</AttType>
          <BaseAttType>5</BaseAttType>
          <PROP_EXT_BASE_ATT_COLLECTION>False</PROP_EXT_BASE_ATT_COLLECTION>
          <GxObjClass>1</GxObjClass>
          <isVariable>True</isVariable>
          <isAttribute>False</isAttribute>
          <ColCount>6</ColCount>
          <ControlType>Edit</ControlType>
          <IsEnumerated>False</IsEnumerated>
          <RowIndex>1</RowIndex>
          <ColIndex>1</ColIndex>
          <AttNumDim>0</AttNumDim>
          <AttCollection>False</AttCollection>
          <RPT_TEXT>Text</RPT_TEXT>
          <RPT_X>692</RPT_X>
          <RPT_Y>57</RPT_Y>
          <RPT_WIDTH>51</RPT_WIDTH>
          <RPT_WIDTH_Default>51</RPT_WIDTH_Default>
          <RPT_HEIGHT>18</RPT_HEIGHT>
          <RPT_HEIGHT_Default>18</RPT_HEIGHT_Default>
          <RPT_FORECOLOR>Black, ARGB(255,0,0,0)</RPT_FORECOLOR>
          <RPT_BACKCOLOR>White, ARGB(255,255,255,255)</RPT_BACKCOLOR>
          <RPT_BORDERS>None</RPT_BORDERS>
          <RPT_BORDERWIDTH>1</RPT_BORDERWIDTH>
          <RPT_BORDERCOLOR>Black, ARGB(255,0,0,0)</RPT_BORDERCOLOR>
          <RPT_ALIGNMENT>TopLeft</RPT_ALIGNMENT>
          <RPT_FONT>Courier New, 10pt</RPT_FONT>
          <GxFormat>Text</GxFormat>
          <RPT_WORDWRAP>False</RPT_WORDWRAP>
          <AttEditNameProtected>False</AttEditNameProtected>
          <IsStandardVariable>False</IsStandardVariable>
          <idIsAutoDefinedVariable>False</idIsAutoDefinedVariable>
          <AttEditDisableArrays>False</AttEditDisableArrays>
          <AttEditNewVariable>False</AttEditNewVariable>
          <AttEditDontAssign>False</AttEditDontAssign>
        </ReportAttribute>
        <ReportAttribute>
          <RPT_TEXT_MODE>False</RPT_TEXT_MODE>
          <RPT_INTERNAL_NAME>Control239</RPT_INTERNAL_NAME>
          <RPT_ID>239</RPT_ID>
          <RPT_VISIBLE>True</RPT_VISIBLE>
          <ControlName>&amp;BarAncAca1</ControlName>
          <AttID>&amp;BarAncAca1</AttID>
          <AttType>5</AttType>
          <BaseAttType>5</BaseAttType>
          <PROP_EXT_BASE_ATT_COLLECTION>False</PROP_EXT_BASE_ATT_COLLECTION>
          <GxObjClass>1</GxObjClass>
          <isVariable>True</isVariable>
          <isAttribute>False</isAttribute>
          <ColCount>3</ColCount>
          <ControlType>Edit</ControlType>
          <IsEnumerated>False</IsEnumerated>
          <RowIndex>1</RowIndex>
          <ColIndex>1</ColIndex>
          <AttNumDim>0</AttNumDim>
          <AttCollection>False</AttCollection>
          <RPT_TEXT>Text</RPT_TEXT>
          <RPT_X>425</RPT_X>
          <RPT_Y>57</RPT_Y>
          <RPT_WIDTH>26</RPT_WIDTH>
          <RPT_WIDTH_Default>26</RPT_WIDTH_Default>
          <RPT_HEIGHT>18</RPT_HEIGHT>
          <RPT_HEIGHT_Default>18</RPT_HEIGHT_Default>
          <RPT_FORECOLOR>Black, ARGB(255,0,0,0)</RPT_FORECOLOR>
          <RPT_BACKCOLOR>White, ARGB(255,255,255,255)</RPT_BACKCOLOR>
          <RPT_BORDERS>None</RPT_BORDERS>
          <RPT_BORDERWIDTH>1</RPT_BORDERWIDTH>
          <RPT_BORDERCOLOR>Black, ARGB(255,0,0,0)</RPT_BORDERCOLOR>
          <RPT_ALIGNMENT>TopLeft</RPT_ALIGNMENT>
          <RPT_FONT>Courier New, 10pt</RPT_FONT>
          <GxFormat>Text</GxFormat>
          <RPT_WORDWRAP>False</RPT_WORDWRAP>
          <AttEditNameProtected>False</AttEditNameProtected>
          <IsStandardVariable>False</IsStandardVariable>
          <idIsAutoDefinedVariable>False</idIsAutoDefinedVariable>
          <AttEditDisableArrays>False</AttEditDisableArrays>
          <AttEditNewVariable>False</AttEditNewVariable>
          <AttEditDontAssign>False</AttEditDontAssign>
        </ReportAttribute>
        <ReportAttribute>
          <RPT_TEXT_MODE>False</RPT_TEXT_MODE>
          <RPT_INTERNAL_NAME>Control240</RPT_INTERNAL_NAME>
          <RPT_ID>240</RPT_ID>
          <RPT_VISIBLE>True</RPT_VISIBLE>
          <ControlName>&amp;BarGraAca</ControlName>
          <AttID>&amp;BarGraAca</AttID>
          <AttType>5</AttType>
          <BaseAttType>5</BaseAttType>
          <PROP_EXT_BASE_ATT_COLLECTION>False</PROP_EXT_BASE_ATT_COLLECTION>
          <GxObjClass>1</GxObjClass>
          <isVariable>True</isVariable>
          <isAttribute>False</isAttribute>
          <ColCount>4</ColCount>
          <ControlType>Edit</ControlType>
          <IsEnumerated>False</IsEnumerated>
          <RowIndex>1</RowIndex>
          <ColIndex>1</ColIndex>
          <AttNumDim>0</AttNumDim>
          <AttCollection>False</AttCollection>
          <RPT_TEXT>Text</RPT_TEXT>
          <RPT_X>520</RPT_X>
          <RPT_Y>57</RPT_Y>
          <RPT_WIDTH>34</RPT_WIDTH>
          <RPT_WIDTH_Default>34</RPT_WIDTH_Default>
          <RPT_HEIGHT>18</RPT_HEIGHT>
          <RPT_HEIGHT_Default>18</RPT_HEIGHT_Default>
          <RPT_FORECOLOR>Black, ARGB(255,0,0,0)</RPT_FORECOLOR>
          <RPT_BACKCOLOR>White, ARGB(255,255,255,255)</RPT_BACKCOLOR>
          <RPT_BORDERS>None</RPT_BORDERS>
          <RPT_BORDERWIDTH>1</RPT_BORDERWIDTH>
          <RPT_BORDERCOLOR>Black, ARGB(255,0,0,0)</RPT_BORDERCOLOR>
          <RPT_ALIGNMENT>TopLeft</RPT_ALIGNMENT>
          <RPT_FONT>Courier New, 10pt</RPT_FONT>
          <GxFormat>Text</GxFormat>
          <RPT_WORDWRAP>False</RPT_WORDWRAP>
          <AttEditNameProtected>False</AttEditNameProtected>
          <IsStandardVariable>False</IsStandardVariable>
          <idIsAutoDefinedVariable>False</idIsAutoDefinedVariable>
          <AttEditDisableArrays>False</AttEditDisableArrays>
          <AttEditNewVariable>False</AttEditNewVariable>
          <AttEditDontAssign>False</AttEditDontAssign>
        </ReportAttribute>
        <ReportLabel>
          <RPT_TEXT_MODE>False</RPT_TEXT_MODE>
          <RPT_INTERNAL_NAME>Control241</RPT_INTERNAL_NAME>
          <RPT_ID>241</RPT_ID>
          <RPT_VISIBLE>True</RPT_VISIBLE>
          <RPT_TEXT>Cor/Serviço:</RPT_TEXT>
          <RPT_X>54</RPT_X>
          <RPT_Y>14</RPT_Y>
          <RPT_WIDTH>101</RPT_WIDTH>
          <RPT_HEIGHT>18</RPT_HEIGHT>
          <RPT_FORECOLOR>Black, ARGB(255,0,0,0)</RPT_FORECOLOR>
          <RPT_BACKCOLOR>Transparent, ARGB(0,255,255,255)</RPT_BACKCOLOR>
          <RPT_BORDERS>None</RPT_BORDERS>
          <RPT_BORDERWIDTH>1</RPT_BORDERWIDTH>
          <RPT_BORDERCOLOR>Black, ARGB(255,0,0,0)</RPT_BORDERCOLOR>
          <RPT_ALIGNMENT>TopLeft</RPT_ALIGNMENT>
          <RPT_FONT>Courier New, 10pt</RPT_FONT>
          <RPT_WORDWRAP>False</RPT_WORDWRAP>
        </ReportLabel>
        <ReportAttribute>
          <RPT_TEXT_MODE>False</RPT_TEXT_MODE>
          <RPT_INTERNAL_NAME>Control242</RPT_INTERNAL_NAME>
          <RPT_ID>242</RPT_ID>
          <RPT_VISIBLE>True</RPT_VISIBLE>
          <ControlName>BarColNom</ControlName>
          <AttID>BarColNom</AttID>
          <AttType>5</AttType>
          <BaseAttType>5</BaseAttType>
          <PROP_EXT_BASE_ATT_COLLECTION>False</PROP_EXT_BASE_ATT_COLLECTION>
          <GxObjClass>1</GxObjClass>
          <isVariable>False</isVariable>
          <isAttribute>True</isAttribute>
          <ColCount>13</ColCount>
          <ControlType>Edit</ControlType>
          <IsEnumerated>False</IsEnumerated>
          <RowIndex>1</RowIndex>
          <ColIndex>1</ColIndex>
          <AttNumDim>0</AttNumDim>
          <AttCollection>False</AttCollection>
          <RPT_TEXT>Text</RPT_TEXT>
          <RPT_X>160</RPT_X>
          <RPT_Y>14</RPT_Y>
          <RPT_WIDTH>136</RPT_WIDTH>
          <RPT_WIDTH_Default>136</RPT_WIDTH_Default>
          <RPT_HEIGHT>20</RPT_HEIGHT>
          <RPT_HEIGHT_Default>20</RPT_HEIGHT_Default>
          <RPT_FORECOLOR>Black, ARGB(255,0,0,0)</RPT_FORECOLOR>
          <RPT_BACKCOLOR>White, ARGB(255,255,255,255)</RPT_BACKCOLOR>
          <RPT_BORDERS>None</RPT_BORDERS>
          <RPT_BORDERWIDTH>1</RPT_BORDERWIDTH>
          <RPT_BORDERCOLOR>Black, ARGB(255,0,0,0)</RPT_BORDERCOLOR>
          <RPT_ALIGNMENT>TopLeft</RPT_ALIGNMENT>
          <RPT_FONT>Courier New, 12pt, style=Bold</RPT_FONT>
          <GxFormat>Text</GxFormat>
          <RPT_WORDWRAP>False</RPT_WORDWRAP>
          <AttEditNameProtected>False</AttEditNameProtected>
          <IsStandardVariable>False</IsStandardVariable>
          <idIsAutoDefinedVariable>False</idIsAutoDefinedVariable>
          <AttEditDisableArrays>False</AttEditDisableArrays>
          <AttEditNewVariable>False</AttEditNewVariable>
          <AttEditDontAssign>False</AttEditDontAssign>
        </ReportAttribute>
        <ReportAttribute>
          <RPT_TEXT_MODE>False</RPT_TEXT_MODE>
          <RPT_INTERNAL_NAME>Control243</RPT_INTERNAL_NAME>
          <RPT_ID>243</RPT_ID>
          <RPT_VISIBLE>True</RPT_VISIBLE>
          <ControlName>BarColNum</ControlName>
          <AttID>BarColNum</AttID>
          <AttType>4</AttType>
          <BaseAttType>4</BaseAttType>
          <PROP_EXT_BASE_ATT_COLLECTION>False</PROP_EXT_BASE_ATT_COLLECTION>
          <GxObjClass>1</GxObjClass>
          <isVariable>False</isVariable>
          <isAttribute>True</isAttribute>
          <ColCount>6</ColCount>
          <ControlType>Edit</ControlType>
          <IsEnumerated>False</IsEnumerated>
          <RowIndex>1</RowIndex>
          <ColIndex>1</ColIndex>
          <AttNumDim>0</AttNumDim>
          <AttCollection>False</AttCollection>
          <RPT_TEXT>Text</RPT_TEXT>
          <RPT_X>120</RPT_X>
          <RPT_Y>36</RPT_Y>
          <RPT_WIDTH>64</RPT_WIDTH>
          <RPT_WIDTH_Default>64</RPT_WIDTH_Default>
          <RPT_HEIGHT>20</RPT_HEIGHT>
          <RPT_HEIGHT_Default>20</RPT_HEIGHT_Default>
          <RPT_FORECOLOR>Black, ARGB(255,0,0,0)</RPT_FORECOLOR>
          <RPT_BACKCOLOR>White, ARGB(255,255,255,255)</RPT_BACKCOLOR>
          <RPT_BORDERS>None</RPT_BORDERS>
          <RPT_BORDERWIDTH>1</RPT_BORDERWIDTH>
          <RPT_BORDERCOLOR>Black, ARGB(255,0,0,0)</RPT_BORDERCOLOR>
          <RPT_ALIGNMENT>TopRight</RPT_ALIGNMENT>
          <RPT_FONT>Courier New, 12pt, style=Bold</RPT_FONT>
          <GxFormat>Text</GxFormat>
          <RPT_WORDWRAP>False</RPT_WORDWRAP>
          <AttEditNameProtected>False</AttEditNameProtected>
          <IsStandardVariable>False</IsStandardVariable>
          <idIsAutoDefinedVariable>False</idIsAutoDefinedVariable>
          <AttEditDisableArrays>False</AttEditDisableArrays>
          <AttEditNewVariable>False</AttEditNewVariable>
          <AttEditDontAssign>False</AttEditDontAssign>
        </ReportAttribute>
        <ReportAttribute>
          <RPT_TEXT_MODE>False</RPT_TEXT_MODE>
          <RPT_INTERNAL_NAME>Control244</RPT_INTERNAL_NAME>
          <RPT_ID>244</RPT_ID>
          <RPT_VISIBLE>True</RPT_VISIBLE>
          <ControlName>BarTipCol</ControlName>
          <AttID>BarTipCol</AttID>
          <AttType>4</AttType>
          <BaseAttType>4</BaseAttType>
          <PROP_EXT_BASE_ATT_COLLECTION>False</PROP_EXT_BASE_ATT_COLLECTION>
          <GxObjClass>1</GxObjClass>
          <isVariable>False</isVariable>
          <isAttribute>True</isAttribute>
          <ColCount>2</ColCount>
          <ControlType>Edit</ControlType>
          <IsEnumerated>False</IsEnumerated>
          <RowIndex>1</RowIndex>
          <ColIndex>1</ColIndex>
          <AttNumDim>0</AttNumDim>
          <AttCollection>False</AttCollection>
          <RPT_TEXT>Text</RPT_TEXT>
          <RPT_X>121</RPT_X>
          <RPT_Y>59</RPT_Y>
          <RPT_WIDTH>22</RPT_WIDTH>
          <RPT_WIDTH_Default>22</RPT_WIDTH_Default>
          <RPT_HEIGHT>20</RPT_HEIGHT>
          <RPT_HEIGHT_Default>20</RPT_HEIGHT_Default>
          <RPT_FORECOLOR>Black, ARGB(255,0,0,0)</RPT_FORECOLOR>
          <RPT_BACKCOLOR>White, ARGB(255,255,255,255)</RPT_BACKCOLOR>
          <RPT_BORDERS>None</RPT_BORDERS>
          <RPT_BORDERWIDTH>1</RPT_BORDERWIDTH>
          <RPT_BORDERCOLOR>Black, ARGB(255,0,0,0)</RPT_BORDERCOLOR>
          <RPT_ALIGNMENT>TopRight</RPT_ALIGNMENT>
          <RPT_FONT>Courier New, 12pt, style=Bold</RPT_FONT>
          <GxFormat>Text</GxFormat>
          <RPT_WORDWRAP>False</RPT_WORDWRAP>
          <AttEditNameProtected>False</AttEditNameProtected>
          <IsStandardVariable>False</IsStandardVariable>
          <idIsAutoDefinedVariable>False</idIsAutoDefinedVariable>
          <AttEditDisableArrays>False</AttEditDisableArrays>
          <AttEditNewVariable>False</AttEditNewVariable>
          <AttEditDontAssign>False</AttEditDontAssign>
        </ReportAttribute>
        <ReportLabel>
          <RPT_TEXT_MODE>False</RPT_TEXT_MODE>
          <RPT_INTERNAL_NAME>Control245</RPT_INTERNAL_NAME>
          <RPT_ID>245</RPT_ID>
          <RPT_VISIBLE>True</RPT_VISIBLE>
          <RPT_TEXT>Artigo:</RPT_TEXT>
          <RPT_X>54</RPT_X>
          <RPT_Y>108</RPT_Y>
          <RPT_WIDTH>59</RPT_WIDTH>
          <RPT_HEIGHT>18</RPT_HEIGHT>
          <RPT_FORECOLOR>Black, ARGB(255,0,0,0)</RPT_FORECOLOR>
          <RPT_BACKCOLOR>Transparent, ARGB(0,255,255,255)</RPT_BACKCOLOR>
          <RPT_BORDERS>None</RPT_BORDERS>
          <RPT_BORDERWIDTH>1</RPT_BORDERWIDTH>
          <RPT_BORDERCOLOR>Black, ARGB(255,0,0,0)</RPT_BORDERCOLOR>
          <RPT_ALIGNMENT>TopLeft</RPT_ALIGNMENT>
          <RPT_FONT>Courier New, 10pt</RPT_FONT>
          <RPT_WORDWRAP>False</RPT_WORDWRAP>
        </ReportLabel>
        <ReportAttribute>
          <RPT_TEXT_MODE>False</RPT_TEXT_MODE>
          <RPT_INTERNAL_NAME>Control246</RPT_INTERNAL_NAME>
          <RPT_ID>246</RPT_ID>
          <RPT_VISIBLE>True</RPT_VISIBLE>
          <ControlName>BarSer</ControlName>
          <AttID>BarSer</AttID>
          <AttType>5</AttType>
          <BaseAttType>5</BaseAttType>
          <PROP_EXT_BASE_ATT_COLLECTION>False</PROP_EXT_BASE_ATT_COLLECTION>
          <GxObjClass>1</GxObjClass>
          <isVariable>False</isVariable>
          <isAttribute>True</isAttribute>
          <ColCount>16</ColCount>
          <ControlType>Edit</ControlType>
          <IsEnumerated>False</IsEnumerated>
          <RowIndex>1</RowIndex>
          <ColIndex>1</ColIndex>
          <AttNumDim>0</AttNumDim>
          <AttCollection>False</AttCollection>
          <RPT_TEXT>Text</RPT_TEXT>
          <RPT_X>121</RPT_X>
          <RPT_Y>108</RPT_Y>
          <RPT_WIDTH>134</RPT_WIDTH>
          <RPT_WIDTH_Default>134</RPT_WIDTH_Default>
          <RPT_HEIGHT>18</RPT_HEIGHT>
          <RPT_HEIGHT_Default>18</RPT_HEIGHT_Default>
          <RPT_FORECOLOR>Black, ARGB(255,0,0,0)</RPT_FORECOLOR>
          <RPT_BACKCOLOR>White, ARGB(255,255,255,255)</RPT_BACKCOLOR>
          <RPT_BORDERS>None</RPT_BORDERS>
          <RPT_BORDERWIDTH>1</RPT_BORDERWIDTH>
          <RPT_BORDERCOLOR>Black, ARGB(255,0,0,0)</RPT_BORDERCOLOR>
          <RPT_ALIGNMENT>TopLeft</RPT_ALIGNMENT>
          <RPT_FONT>Courier New, 10pt</RPT_FONT>
          <GxFormat>Text</GxFormat>
          <RPT_WORDWRAP>False</RPT_WORDWRAP>
          <AttEditNameProtected>False</AttEditNameProtected>
          <IsStandardVariable>False</IsStandardVariable>
          <idIsAutoDefinedVariable>False</idIsAutoDefinedVariable>
          <AttEditDisableArrays>False</AttEditDisableArrays>
          <AttEditNewVariable>False</AttEditNewVariable>
          <AttEditDontAssign>False</AttEditDontAssign>
        </ReportAttribute>
        <ReportAttribute>
          <RPT_TEXT_MODE>False</RPT_TEXT_MODE>
          <RPT_INTERNAL_NAME>Control247</RPT_INTERNAL_NAME>
          <RPT_ID>247</RPT_ID>
          <RPT_VISIBLE>True</RPT_VISIBLE>
          <ControlName>BarSerDsc</ControlName>
          <AttID>BarSerDsc</AttID>
          <AttType>5</AttType>
          <BaseAttType>5</BaseAttType>
          <PROP_EXT_BASE_ATT_COLLECTION>False</PROP_EXT_BASE_ATT_COLLECTION>
          <GxObjClass>1</GxObjClass>
          <isVariable>False</isVariable>
          <isAttribute>True</isAttribute>
          <ColCount>26</ColCount>
          <ControlType>Edit</ControlType>
          <IsEnumerated>False</IsEnumerated>
          <RowIndex>1</RowIndex>
          <ColIndex>1</ColIndex>
          <AttNumDim>0</AttNumDim>
          <AttCollection>False</AttCollection>
          <RPT_TEXT>Text</RPT_TEXT>
          <RPT_X>121</RPT_X>
          <RPT_Y>127</RPT_Y>
          <RPT_WIDTH>272</RPT_WIDTH>
          <RPT_WIDTH_Default>272</RPT_WIDTH_Default>
          <RPT_HEIGHT>20</RPT_HEIGHT>
          <RPT_HEIGHT_Default>20</RPT_HEIGHT_Default>
          <RPT_FORECOLOR>Black, ARGB(255,0,0,0)</RPT_FORECOLOR>
          <RPT_BACKCOLOR>White, ARGB(255,255,255,255)</RPT_BACKCOLOR>
          <RPT_BORDERS>None</RPT_BORDERS>
          <RPT_BORDERWIDTH>1</RPT_BORDERWIDTH>
          <RPT_BORDERCOLOR>Black, ARGB(255,0,0,0)</RPT_BORDERCOLOR>
          <RPT_ALIGNMENT>TopLeft</RPT_ALIGNMENT>
          <RPT_FONT>Courier New, 12pt, style=Bold</RPT_FONT>
          <GxFormat>Text</GxFormat>
          <RPT_WORDWRAP>False</RPT_WORDWRAP>
          <AttEditNameProtected>False</AttEditNameProtected>
          <IsStandardVariable>False</IsStandardVariable>
          <idIsAutoDefinedVariable>False</idIsAutoDefinedVariable>
          <AttEditDisableArrays>False</AttEditDisableArrays>
          <AttEditNewVariable>False</AttEditNewVariable>
          <AttEditDontAssign>False</AttEditDontAssign>
        </ReportAttribute>
        <ReportRectangle>
          <RPT_TEXT_MODE>False</RPT_TEXT_MODE>
          <RPT_INTERNAL_NAME>Control248</RPT_INTERNAL_NAME>
          <RPT_ID>248</RPT_ID>
          <RPT_VISIBLE>True</RPT_VISIBLE>
          <RPT_X>49</RPT_X>
          <RPT_Y>3</RPT_Y>
          <RPT_WIDTH>715</RPT_WIDTH>
          <RPT_HEIGHT>194</RPT_HEIGHT>
          <RPT_FORECOLOR>Black, ARGB(255,0,0,0)</RPT_FORECOLOR>
          <RPT_BACKCOLOR>Transparent, ARGB(0,255,255,255)</RPT_BACKCOLOR>
          <RPT_BORDERS>All</RPT_BORDERS>
          <RPT_BORDERWIDTH>1</RPT_BORDERWIDTH>
          <RPT_BORDERCOLOR>Black, ARGB(255,0,0,0)</RPT_BORDERCOLOR>
          <RPT_STYLE>Solid</RPT_STYLE>
          <RPT_STYLE_TOP>Solid</RPT_STYLE_TOP>
          <RPT_STYLE_RIGHT>Solid</RPT_STYLE_RIGHT>
          <RPT_STYLE_BOTTOM>Solid</RPT_STYLE_BOTTOM>
          <RPT_STYLE_LEFT>Solid</RPT_STYLE_LEFT>
          <RPT_ALIGNMENT>TopLeft</RPT_ALIGNMENT>
          <RPT_CORNER_RADIUS>0</RPT_CORNER_RADIUS>
          <RPT_CORNER_RADIUS_TOPLEFT>0</RPT_CORNER_RADIUS_TOPLEFT>
          <RPT_CORNER_RADIUS_TOPRIGHT>0</RPT_CORNER_RADIUS_TOPRIGHT>
          <RPT_CORNER_RADIUS_BOTTOMLEFT>0</RPT_CORNER_RADIUS_BOTTOMLEFT>
          <RPT_CORNER_RADIUS_BOTTOMRIGHT>0</RPT_CORNER_RADIUS_BOTTOMRIGHT>
        </ReportRectangle>
        <ReportRectangle>
          <RPT_TEXT_MODE>False</RPT_TEXT_MODE>
          <RPT_INTERNAL_NAME>Control249</RPT_INTERNAL_NAME>
          <RPT_ID>249</RPT_ID>
          <RPT_VISIBLE>True</RPT_VISIBLE>
          <RPT_X>313</RPT_X>
          <RPT_Y>9</RPT_Y>
          <RPT_WIDTH>446</RPT_WIDTH>
          <RPT_HEIGHT>69</RPT_HEIGHT>
          <RPT_FORECOLOR>Black, ARGB(255,0,0,0)</RPT_FORECOLOR>
          <RPT_BACKCOLOR>Transparent, ARGB(0,255,255,255)</RPT_BACKCOLOR>
          <RPT_BORDERS>All</RPT_BORDERS>
          <RPT_BORDERWIDTH>1</RPT_BORDERWIDTH>
          <RPT_BORDERCOLOR>Black, ARGB(255,0,0,0)</RPT_BORDERCOLOR>
          <RPT_STYLE>Solid</RPT_STYLE>
          <RPT_STYLE_TOP>Solid</RPT_STYLE_TOP>
          <RPT_STYLE_RIGHT>Solid</RPT_STYLE_RIGHT>
          <RPT_STYLE_BOTTOM>Solid</RPT_STYLE_BOTTOM>
          <RPT_STYLE_LEFT>Solid</RPT_STYLE_LEFT>
          <RPT_ALIGNMENT>TopLeft</RPT_ALIGNMENT>
          <RPT_CORNER_RADIUS>0</RPT_CORNER_RADIUS>
          <RPT_CORNER_RADIUS_TOPLEFT>0</RPT_CORNER_RADIUS_TOPLEFT>
          <RPT_CORNER_RADIUS_TOPRIGHT>0</RPT_CORNER_RADIUS_TOPRIGHT>
          <RPT_CORNER_RADIUS_BOTTOMLEFT>0</RPT_CORNER_RADIUS_BOTTOMLEFT>
          <RPT_CORNER_RADIUS_BOTTOMRIGHT>0</RPT_CORNER_RADIUS_BOTTOMRIGHT>
        </ReportRectangle>
        <ReportLabel>
          <RPT_TEXT_MODE>False</RPT_TEXT_MODE>
          <RPT_INTERNAL_NAME>Control250</RPT_INTERNAL_NAME>
          <RPT_ID>250</RPT_ID>
          <RPT_VISIBLE>True</RPT_VISIBLE>
          <RPT_TEXT>Entrada</RPT_TEXT>
          <RPT_X>436</RPT_X>
          <RPT_Y>91</RPT_Y>
          <RPT_WIDTH>59</RPT_WIDTH>
          <RPT_HEIGHT>17</RPT_HEIGHT>
          <RPT_FORECOLOR>Black, ARGB(255,0,0,0)</RPT_FORECOLOR>
          <RPT_BACKCOLOR>Transparent, ARGB(0,255,255,255)</RPT_BACKCOLOR>
          <RPT_BORDERS>None</RPT_BORDERS>
          <RPT_BORDERWIDTH>1</RPT_BORDERWIDTH>
          <RPT_BORDERCOLOR>Black, ARGB(255,0,0,0)</RPT_BORDERCOLOR>
          <RPT_ALIGNMENT>TopLeft</RPT_ALIGNMENT>
          <RPT_FONT>Courier New, 10pt, style=Bold</RPT_FONT>
          <RPT_WORDWRAP>False</RPT_WORDWRAP>
        </ReportLabel>
        <ReportRectangle>
          <RPT_TEXT_MODE>False</RPT_TEXT_MODE>
          <RPT_INTERNAL_NAME>Control251</RPT_INTERNAL_NAME>
          <RPT_ID>251</RPT_ID>
          <RPT_VISIBLE>True</RPT_VISIBLE>
          <RPT_X>421</RPT_X>
          <RPT_Y>85</RPT_Y>
          <RPT_WIDTH>335</RPT_WIDTH>
          <RPT_HEIGHT>109</RPT_HEIGHT>
          <RPT_FORECOLOR>Black, ARGB(255,0,0,0)</RPT_FORECOLOR>
          <RPT_BACKCOLOR>Transparent, ARGB(0,255,255,255)</RPT_BACKCOLOR>
          <RPT_BORDERS>All</RPT_BORDERS>
          <RPT_BORDERWIDTH>1</RPT_BORDERWIDTH>
          <RPT_BORDERCOLOR>Black, ARGB(255,0,0,0)</RPT_BORDERCOLOR>
          <RPT_STYLE>Solid</RPT_STYLE>
          <RPT_STYLE_TOP>Solid</RPT_STYLE_TOP>
          <RPT_STYLE_RIGHT>Solid</RPT_STYLE_RIGHT>
          <RPT_STYLE_BOTTOM>Solid</RPT_STYLE_BOTTOM>
          <RPT_STYLE_LEFT>Solid</RPT_STYLE_LEFT>
          <RPT_ALIGNMENT>TopLeft</RPT_ALIGNMENT>
          <RPT_CORNER_RADIUS>0</RPT_CORNER_RADIUS>
          <RPT_CORNER_RADIUS_TOPLEFT>0</RPT_CORNER_RADIUS_TOPLEFT>
          <RPT_CORNER_RADIUS_TOPRIGHT>0</RPT_CORNER_RADIUS_TOPRIGHT>
          <RPT_CORNER_RADIUS_BOTTOMLEFT>0</RPT_CORNER_RADIUS_BOTTOMLEFT>
          <RPT_CORNER_RADIUS_BOTTOMRIGHT>0</RPT_CORNER_RADIUS_BOTTOMRIGHT>
        </ReportRectangle>
        <ReportLabel>
          <RPT_TEXT_MODE>False</RPT_TEXT_MODE>
          <RPT_INTERNAL_NAME>Control252</RPT_INTERNAL_NAME>
          <RPT_ID>252</RPT_ID>
          <RPT_VISIBLE>True</RPT_VISIBLE>
          <RPT_TEXT>(Kg)</RPT_TEXT>
          <RPT_X>461</RPT_X>
          <RPT_Y>116</RPT_Y>
          <RPT_WIDTH>30</RPT_WIDTH>
          <RPT_HEIGHT>15</RPT_HEIGHT>
          <RPT_FORECOLOR>Black, ARGB(255,0,0,0)</RPT_FORECOLOR>
          <RPT_BACKCOLOR>Transparent, ARGB(0,255,255,255)</RPT_BACKCOLOR>
          <RPT_BORDERS>None</RPT_BORDERS>
          <RPT_BORDERWIDTH>1</RPT_BORDERWIDTH>
          <RPT_BORDERCOLOR>Black, ARGB(255,0,0,0)</RPT_BORDERCOLOR>
          <RPT_ALIGNMENT>TopLeft</RPT_ALIGNMENT>
          <RPT_FONT>Courier New, 8pt</RPT_FONT>
          <RPT_WORDWRAP>False</RPT_WORDWRAP>
        </ReportLabel>
        <ReportLabel>
          <RPT_TEXT_MODE>False</RPT_TEXT_MODE>
          <RPT_INTERNAL_NAME>Control253</RPT_INTERNAL_NAME>
          <RPT_ID>253</RPT_ID>
          <RPT_VISIBLE>True</RPT_VISIBLE>
          <RPT_TEXT>Peças</RPT_TEXT>
          <RPT_X>535</RPT_X>
          <RPT_Y>116</RPT_Y>
          <RPT_WIDTH>37</RPT_WIDTH>
          <RPT_HEIGHT>15</RPT_HEIGHT>
          <RPT_FORECOLOR>Black, ARGB(255,0,0,0)</RPT_FORECOLOR>
          <RPT_BACKCOLOR>Transparent, ARGB(0,255,255,255)</RPT_BACKCOLOR>
          <RPT_BORDERS>None</RPT_BORDERS>
          <RPT_BORDERWIDTH>1</RPT_BORDERWIDTH>
          <RPT_BORDERCOLOR>Black, ARGB(255,0,0,0)</RPT_BORDERCOLOR>
          <RPT_ALIGNMENT>TopLeft</RPT_ALIGNMENT>
          <RPT_FONT>Courier New, 8pt</RPT_FONT>
          <RPT_WORDWRAP>False</RPT_WORDWRAP>
        </ReportLabel>
        <ReportLine>
          <RPT_TEXT_MODE>False</RPT_TEXT_MODE>
          <RPT_INTERNAL_NAME>Control254</RPT_INTERNAL_NAME>
          <RPT_ID>254</RPT_ID>
          <RPT_VISIBLE>True</RPT_VISIBLE>
          <RPT_X>528</RPT_X>
          <RPT_Y>113</RPT_Y>
          <RPT_WIDTH>1</RPT_WIDTH>
          <RPT_HEIGHT>82</RPT_HEIGHT>
          <RPT_FORECOLOR>Black, ARGB(255,0,0,0)</RPT_FORECOLOR>
          <RPT_LINEDIRECTION>Vertical</RPT_LINEDIRECTION>
          <RPT_LINEWIDTH>1</RPT_LINEWIDTH>
          <RPT_STYLE_LINE>Solid</RPT_STYLE_LINE>
          <RPT_ALIGNMENT>TopLeft</RPT_ALIGNMENT>
        </ReportLine>
        <ReportLabel>
          <RPT_TEXT_MODE>False</RPT_TEXT_MODE>
          <RPT_INTERNAL_NAME>Control255</RPT_INTERNAL_NAME>
          <RPT_ID>255</RPT_ID>
          <RPT_VISIBLE>True</RPT_VISIBLE>
          <RPT_TEXT>Parametros de Acabamento</RPT_TEXT>
          <RPT_X>435</RPT_X>
          <RPT_Y>11</RPT_Y>
          <RPT_WIDTH>201</RPT_WIDTH>
          <RPT_HEIGHT>17</RPT_HEIGHT>
          <RPT_FORECOLOR>Black, ARGB(255,0,0,0)</RPT_FORECOLOR>
          <RPT_BACKCOLOR>Transparent, ARGB(0,255,255,255)</RPT_BACKCOLOR>
          <RPT_BORDERS>None</RPT_BORDERS>
          <RPT_BORDERWIDTH>1</RPT_BORDERWIDTH>
          <RPT_BORDERCOLOR>Black, ARGB(255,0,0,0)</RPT_BORDERCOLOR>
          <RPT_ALIGNMENT>TopLeft</RPT_ALIGNMENT>
          <RPT_FONT>Courier New, 10pt, style=Bold</RPT_FONT>
          <RPT_WORDWRAP>False</RPT_WORDWRAP>
        </ReportLabel>
        <ReportLabel>
          <RPT_TEXT_MODE>False</RPT_TEXT_MODE>
          <RPT_INTERNAL_NAME>Control256</RPT_INTERNAL_NAME>
          <RPT_ID>256</RPT_ID>
          <RPT_VISIBLE>True</RPT_VISIBLE>
          <RPT_TEXT>(g/m2)</RPT_TEXT>
          <RPT_X>556</RPT_X>
          <RPT_Y>32</RPT_Y>
          <RPT_WIDTH>45</RPT_WIDTH>
          <RPT_HEIGHT>15</RPT_HEIGHT>
          <RPT_FORECOLOR>Black, ARGB(255,0,0,0)</RPT_FORECOLOR>
          <RPT_BACKCOLOR>Transparent, ARGB(0,255,255,255)</RPT_BACKCOLOR>
          <RPT_BORDERS>None</RPT_BORDERS>
          <RPT_BORDERWIDTH>1</RPT_BORDERWIDTH>
          <RPT_BORDERCOLOR>Black, ARGB(255,0,0,0)</RPT_BORDERCOLOR>
          <RPT_ALIGNMENT>TopLeft</RPT_ALIGNMENT>
          <RPT_FONT>Courier New, 8pt, style=Bold</RPT_FONT>
          <RPT_WORDWRAP>False</RPT_WORDWRAP>
        </ReportLabel>
        <ReportLabel>
          <RPT_TEXT_MODE>False</RPT_TEXT_MODE>
          <RPT_INTERNAL_NAME>Control257</RPT_INTERNAL_NAME>
          <RPT_ID>257</RPT_ID>
          <RPT_VISIBLE>True</RPT_VISIBLE>
          <RPT_TEXT>Enc.</RPT_TEXT>
          <RPT_X>607</RPT_X>
          <RPT_Y>32</RPT_Y>
          <RPT_WIDTH>34</RPT_WIDTH>
          <RPT_HEIGHT>17</RPT_HEIGHT>
          <RPT_FORECOLOR>Black, ARGB(255,0,0,0)</RPT_FORECOLOR>
          <RPT_BACKCOLOR>Transparent, ARGB(0,255,255,255)</RPT_BACKCOLOR>
          <RPT_BORDERS>None</RPT_BORDERS>
          <RPT_BORDERWIDTH>1</RPT_BORDERWIDTH>
          <RPT_BORDERCOLOR>Black, ARGB(255,0,0,0)</RPT_BORDERCOLOR>
          <RPT_ALIGNMENT>TopLeft</RPT_ALIGNMENT>
          <RPT_FONT>Courier New, 10pt, style=Bold</RPT_FONT>
          <RPT_WORDWRAP>False</RPT_WORDWRAP>
        </ReportLabel>
        <ReportLabel>
          <RPT_TEXT_MODE>False</RPT_TEXT_MODE>
          <RPT_INTERNAL_NAME>Control258</RPT_INTERNAL_NAME>
          <RPT_ID>258</RPT_ID>
          <RPT_VISIBLE>True</RPT_VISIBLE>
          <RPT_TEXT>(%)</RPT_TEXT>
          <RPT_X>644</RPT_X>
          <RPT_Y>32</RPT_Y>
          <RPT_WIDTH>23</RPT_WIDTH>
          <RPT_HEIGHT>15</RPT_HEIGHT>
          <RPT_FORECOLOR>Black, ARGB(255,0,0,0)</RPT_FORECOLOR>
          <RPT_BACKCOLOR>Transparent, ARGB(0,255,255,255)</RPT_BACKCOLOR>
          <RPT_BORDERS>None</RPT_BORDERS>
          <RPT_BORDERWIDTH>1</RPT_BORDERWIDTH>
          <RPT_BORDERCOLOR>Black, ARGB(255,0,0,0)</RPT_BORDERCOLOR>
          <RPT_ALIGNMENT>TopLeft</RPT_ALIGNMENT>
          <RPT_FONT>Courier New, 8pt, style=Bold</RPT_FONT>
          <RPT_WORDWRAP>False</RPT_WORDWRAP>
        </ReportLabel>
        <ReportLine>
          <RPT_TEXT_MODE>False</RPT_TEXT_MODE>
          <RPT_INTERNAL_NAME>Control259</RPT_INTERNAL_NAME>
          <RPT_ID>259</RPT_ID>
          <RPT_VISIBLE>True</RPT_VISIBLE>
          <RPT_X>313</RPT_X>
          <RPT_Y>28</RPT_Y>
          <RPT_WIDTH>445</RPT_WIDTH>
          <RPT_HEIGHT>1</RPT_HEIGHT>
          <RPT_FORECOLOR>Black, ARGB(255,0,0,0)</RPT_FORECOLOR>
          <RPT_LINEDIRECTION>Horizontal</RPT_LINEDIRECTION>
          <RPT_LINEWIDTH>1</RPT_LINEWIDTH>
          <RPT_STYLE_LINE>Solid</RPT_STYLE_LINE>
          <RPT_ALIGNMENT>TopLeft</RPT_ALIGNMENT>
        </ReportLine>
        <ReportLabel>
          <RPT_TEXT_MODE>False</RPT_TEXT_MODE>
          <RPT_INTERNAL_NAME>Control260</RPT_INTERNAL_NAME>
          <RPT_ID>260</RPT_ID>
          <RPT_VISIBLE>True</RPT_VISIBLE>
          <RPT_TEXT>Torção</RPT_TEXT>
          <RPT_X>677</RPT_X>
          <RPT_Y>31</RPT_Y>
          <RPT_WIDTH>51</RPT_WIDTH>
          <RPT_HEIGHT>17</RPT_HEIGHT>
          <RPT_FORECOLOR>Black, ARGB(255,0,0,0)</RPT_FORECOLOR>
          <RPT_BACKCOLOR>Transparent, ARGB(0,255,255,255)</RPT_BACKCOLOR>
          <RPT_BORDERS>None</RPT_BORDERS>
          <RPT_BORDERWIDTH>1</RPT_BORDERWIDTH>
          <RPT_BORDERCOLOR>Black, ARGB(255,0,0,0)</RPT_BORDERCOLOR>
          <RPT_ALIGNMENT>TopLeft</RPT_ALIGNMENT>
          <RPT_FONT>Courier New, 10pt, style=Bold</RPT_FONT>
          <RPT_WORDWRAP>False</RPT_WORDWRAP>
        </ReportLabel>
        <ReportLabel>
          <RPT_TEXT_MODE>False</RPT_TEXT_MODE>
          <RPT_INTERNAL_NAME>Control261</RPT_INTERNAL_NAME>
          <RPT_ID>261</RPT_ID>
          <RPT_VISIBLE>True</RPT_VISIBLE>
          <RPT_TEXT>(%)</RPT_TEXT>
          <RPT_X>732</RPT_X>
          <RPT_Y>31</RPT_Y>
          <RPT_WIDTH>23</RPT_WIDTH>
          <RPT_HEIGHT>15</RPT_HEIGHT>
          <RPT_FORECOLOR>Black, ARGB(255,0,0,0)</RPT_FORECOLOR>
          <RPT_BACKCOLOR>Transparent, ARGB(0,255,255,255)</RPT_BACKCOLOR>
          <RPT_BORDERS>None</RPT_BORDERS>
          <RPT_BORDERWIDTH>1</RPT_BORDERWIDTH>
          <RPT_BORDERCOLOR>Black, ARGB(255,0,0,0)</RPT_BORDERCOLOR>
          <RPT_ALIGNMENT>TopLeft</RPT_ALIGNMENT>
          <RPT_FONT>Courier New, 8pt, style=Bold</RPT_FONT>
          <RPT_WORDWRAP>False</RPT_WORDWRAP>
        </ReportLabel>
        <ReportLine>
          <RPT_TEXT_MODE>False</RPT_TEXT_MODE>
          <RPT_INTERNAL_NAME>Control262</RPT_INTERNAL_NAME>
          <RPT_ID>262</RPT_ID>
          <RPT_VISIBLE>True</RPT_VISIBLE>
          <RPT_X>313</RPT_X>
          <RPT_Y>51</RPT_Y>
          <RPT_WIDTH>446</RPT_WIDTH>
          <RPT_HEIGHT>1</RPT_HEIGHT>
          <RPT_FORECOLOR>Black, ARGB(255,0,0,0)</RPT_FORECOLOR>
          <RPT_LINEDIRECTION>Horizontal</RPT_LINEDIRECTION>
          <RPT_LINEWIDTH>1</RPT_LINEWIDTH>
          <RPT_STYLE_LINE>Solid</RPT_STYLE_LINE>
          <RPT_ALIGNMENT>TopLeft</RPT_ALIGNMENT>
        </ReportLine>
        <ReportLabel>
          <RPT_TEXT_MODE>False</RPT_TEXT_MODE>
          <RPT_INTERNAL_NAME>Control263</RPT_INTERNAL_NAME>
          <RPT_ID>263</RPT_ID>
          <RPT_VISIBLE>True</RPT_VISIBLE>
          <RPT_TEXT>(cm)</RPT_TEXT>
          <RPT_X>478</RPT_X>
          <RPT_Y>32</RPT_Y>
          <RPT_WIDTH>30</RPT_WIDTH>
          <RPT_HEIGHT>15</RPT_HEIGHT>
          <RPT_FORECOLOR>Black, ARGB(255,0,0,0)</RPT_FORECOLOR>
          <RPT_BACKCOLOR>Transparent, ARGB(0,255,255,255)</RPT_BACKCOLOR>
          <RPT_BORDERS>None</RPT_BORDERS>
          <RPT_BORDERWIDTH>1</RPT_BORDERWIDTH>
          <RPT_BORDERCOLOR>Black, ARGB(255,0,0,0)</RPT_BORDERCOLOR>
          <RPT_ALIGNMENT>TopLeft</RPT_ALIGNMENT>
          <RPT_FONT>Courier New, 8pt, style=Bold</RPT_FONT>
          <RPT_WORDWRAP>False</RPT_WORDWRAP>
        </ReportLabel>
        <ReportLine>
          <RPT_TEXT_MODE>False</RPT_TEXT_MODE>
          <RPT_INTERNAL_NAME>Control264</RPT_INTERNAL_NAME>
          <RPT_ID>264</RPT_ID>
          <RPT_VISIBLE>True</RPT_VISIBLE>
          <RPT_X>509</RPT_X>
          <RPT_Y>28</RPT_Y>
          <RPT_WIDTH>1</RPT_WIDTH>
          <RPT_HEIGHT>50</RPT_HEIGHT>
          <RPT_FORECOLOR>Black, ARGB(255,0,0,0)</RPT_FORECOLOR>
          <RPT_LINEDIRECTION>Vertical</RPT_LINEDIRECTION>
          <RPT_LINEWIDTH>1</RPT_LINEWIDTH>
          <RPT_STYLE_LINE>Solid</RPT_STYLE_LINE>
          <RPT_ALIGNMENT>TopLeft</RPT_ALIGNMENT>
        </ReportLine>
        <ReportLine>
          <RPT_TEXT_MODE>False</RPT_TEXT_MODE>
          <RPT_INTERNAL_NAME>Control265</RPT_INTERNAL_NAME>
          <RPT_ID>265</RPT_ID>
          <RPT_VISIBLE>True</RPT_VISIBLE>
          <RPT_X>603</RPT_X>
          <RPT_Y>28</RPT_Y>
          <RPT_WIDTH>1</RPT_WIDTH>
          <RPT_HEIGHT>50</RPT_HEIGHT>
          <RPT_FORECOLOR>Black, ARGB(255,0,0,0)</RPT_FORECOLOR>
          <RPT_LINEDIRECTION>Vertical</RPT_LINEDIRECTION>
          <RPT_LINEWIDTH>1</RPT_LINEWIDTH>
          <RPT_STYLE_LINE>Solid</RPT_STYLE_LINE>
          <RPT_ALIGNMENT>TopLeft</RPT_ALIGNMENT>
        </ReportLine>
        <ReportLine>
          <RPT_TEXT_MODE>False</RPT_TEXT_MODE>
          <RPT_INTERNAL_NAME>Control266</RPT_INTERNAL_NAME>
          <RPT_ID>266</RPT_ID>
          <RPT_VISIBLE>True</RPT_VISIBLE>
          <RPT_X>671</RPT_X>
          <RPT_Y>28</RPT_Y>
          <RPT_WIDTH>1</RPT_WIDTH>
          <RPT_HEIGHT>50</RPT_HEIGHT>
          <RPT_FORECOLOR>Black, ARGB(255,0,0,0)</RPT_FORECOLOR>
          <RPT_LINEDIRECTION>Vertical</RPT_LINEDIRECTION>
          <RPT_LINEWIDTH>1</RPT_LINEWIDTH>
          <RPT_STYLE_LINE>Solid</RPT_STYLE_LINE>
          <RPT_ALIGNMENT>TopLeft</RPT_ALIGNMENT>
        </ReportLine>
        <ReportLine>
          <RPT_TEXT_MODE>False</RPT_TEXT_MODE>
          <RPT_INTERNAL_NAME>Control267</RPT_INTERNAL_NAME>
          <RPT_ID>267</RPT_ID>
          <RPT_VISIBLE>True</RPT_VISIBLE>
          <RPT_X>421</RPT_X>
          <RPT_Y>111</RPT_Y>
          <RPT_WIDTH>334</RPT_WIDTH>
          <RPT_HEIGHT>1</RPT_HEIGHT>
          <RPT_FORECOLOR>Black, ARGB(255,0,0,0)</RPT_FORECOLOR>
          <RPT_LINEDIRECTION>Horizontal</RPT_LINEDIRECTION>
          <RPT_LINEWIDTH>1</RPT_LINEWIDTH>
          <RPT_STYLE_LINE>Solid</RPT_STYLE_LINE>
          <RPT_ALIGNMENT>TopLeft</RPT_ALIGNMENT>
        </ReportLine>
        <ReportLine>
          <RPT_TEXT_MODE>False</RPT_TEXT_MODE>
          <RPT_INTERNAL_NAME>Control268</RPT_INTERNAL_NAME>
          <RPT_ID>268</RPT_ID>
          <RPT_VISIBLE>True</RPT_VISIBLE>
          <RPT_X>421</RPT_X>
          <RPT_Y>132</RPT_Y>
          <RPT_WIDTH>335</RPT_WIDTH>
          <RPT_HEIGHT>1</RPT_HEIGHT>
          <RPT_FORECOLOR>Black, ARGB(255,0,0,0)</RPT_FORECOLOR>
          <RPT_LINEDIRECTION>Horizontal</RPT_LINEDIRECTION>
          <RPT_LINEWIDTH>1</RPT_LINEWIDTH>
          <RPT_STYLE_LINE>Solid</RPT_STYLE_LINE>
          <RPT_ALIGNMENT>TopLeft</RPT_ALIGNMENT>
        </ReportLine>
        <ReportAttribute>
          <RPT_TEXT_MODE>False</RPT_TEXT_MODE>
          <RPT_INTERNAL_NAME>Control269</RPT_INTERNAL_NAME>
          <RPT_ID>269</RPT_ID>
          <RPT_VISIBLE>True</RPT_VISIBLE>
          <ControlName>BarPle</ControlName>
          <AttID>BarPle</AttID>
          <AttType>5</AttType>
          <BaseAttType>5</BaseAttType>
          <PROP_EXT_BASE_ATT_COLLECTION>False</PROP_EXT_BASE_ATT_COLLECTION>
          <GxObjClass>1</GxObjClass>
          <isVariable>False</isVariable>
          <isAttribute>True</isAttribute>
          <ColCount>10</ColCount>
          <ControlType>Edit</ControlType>
          <IsEnumerated>False</IsEnumerated>
          <RowIndex>1</RowIndex>
          <ColIndex>1</ColIndex>
          <AttNumDim>0</AttNumDim>
          <AttCollection>False</AttCollection>
          <RPT_TEXT>Text</RPT_TEXT>
          <RPT_X>328</RPT_X>
          <RPT_Y>57</RPT_Y>
          <RPT_WIDTH>84</RPT_WIDTH>
          <RPT_WIDTH_Default>84</RPT_WIDTH_Default>
          <RPT_HEIGHT>18</RPT_HEIGHT>
          <RPT_HEIGHT_Default>18</RPT_HEIGHT_Default>
          <RPT_FORECOLOR>Black, ARGB(255,0,0,0)</RPT_FORECOLOR>
          <RPT_BACKCOLOR>White, ARGB(255,255,255,255)</RPT_BACKCOLOR>
          <RPT_BORDERS>None</RPT_BORDERS>
          <RPT_BORDERWIDTH>1</RPT_BORDERWIDTH>
          <RPT_BORDERCOLOR>Black, ARGB(255,0,0,0)</RPT_BORDERCOLOR>
          <RPT_ALIGNMENT>TopLeft</RPT_ALIGNMENT>
          <RPT_FONT>Courier New, 10pt</RPT_FONT>
          <GxFormat>Text</GxFormat>
          <RPT_WORDWRAP>False</RPT_WORDWRAP>
          <AttEditNameProtected>False</AttEditNameProtected>
          <IsStandardVariable>False</IsStandardVariable>
          <idIsAutoDefinedVariable>False</idIsAutoDefinedVariable>
          <AttEditDisableArrays>False</AttEditDisableArrays>
          <AttEditNewVariable>False</AttEditNewVariable>
          <AttEditDontAssign>False</AttEditDontAssign>
        </ReportAttribute>
        <ReportLabel>
          <RPT_TEXT_MODE>False</RPT_TEXT_MODE>
          <RPT_INTERNAL_NAME>Control270</RPT_INTERNAL_NAME>
          <RPT_ID>270</RPT_ID>
          <RPT_VISIBLE>True</RPT_VISIBLE>
          <RPT_TEXT>Apresentação</RPT_TEXT>
          <RPT_X>315</RPT_X>
          <RPT_Y>32</RPT_Y>
          <RPT_WIDTH>101</RPT_WIDTH>
          <RPT_HEIGHT>17</RPT_HEIGHT>
          <RPT_FORECOLOR>Black, ARGB(255,0,0,0)</RPT_FORECOLOR>
          <RPT_BACKCOLOR>Transparent, ARGB(0,255,255,255)</RPT_BACKCOLOR>
          <RPT_BORDERS>None</RPT_BORDERS>
          <RPT_BORDERWIDTH>1</RPT_BORDERWIDTH>
          <RPT_BORDERCOLOR>Black, ARGB(255,0,0,0)</RPT_BORDERCOLOR>
          <RPT_ALIGNMENT>TopLeft</RPT_ALIGNMENT>
          <RPT_FONT>Courier New, 10pt, style=Bold</RPT_FONT>
          <RPT_WORDWRAP>False</RPT_WORDWRAP>
        </ReportLabel>
        <ReportLine>
          <RPT_TEXT_MODE>False</RPT_TEXT_MODE>
          <RPT_INTERNAL_NAME>Control271</RPT_INTERNAL_NAME>
          <RPT_ID>271</RPT_ID>
          <RPT_VISIBLE>True</RPT_VISIBLE>
          <RPT_X>417</RPT_X>
          <RPT_Y>28</RPT_Y>
          <RPT_WIDTH>1</RPT_WIDTH>
          <RPT_HEIGHT>50</RPT_HEIGHT>
          <RPT_FORECOLOR>Black, ARGB(255,0,0,0)</RPT_FORECOLOR>
          <RPT_LINEDIRECTION>Vertical</RPT_LINEDIRECTION>
          <RPT_LINEWIDTH>1</RPT_LINEWIDTH>
          <RPT_STYLE_LINE>Solid</RPT_STYLE_LINE>
          <RPT_ALIGNMENT>TopLeft</RPT_ALIGNMENT>
        </ReportLine>
        <ReportLabel>
          <RPT_TEXT_MODE>False</RPT_TEXT_MODE>
          <RPT_INTERNAL_NAME>Control272</RPT_INTERNAL_NAME>
          <RPT_ID>272</RPT_ID>
          <RPT_VISIBLE>True</RPT_VISIBLE>
          <RPT_TEXT>Numero:</RPT_TEXT>
          <RPT_X>54</RPT_X>
          <RPT_Y>36</RPT_Y>
          <RPT_WIDTH>59</RPT_WIDTH>
          <RPT_HEIGHT>18</RPT_HEIGHT>
          <RPT_FORECOLOR>Black, ARGB(255,0,0,0)</RPT_FORECOLOR>
          <RPT_BACKCOLOR>Transparent, ARGB(0,255,255,255)</RPT_BACKCOLOR>
          <RPT_BORDERS>None</RPT_BORDERS>
          <RPT_BORDERWIDTH>1</RPT_BORDERWIDTH>
          <RPT_BORDERCOLOR>Black, ARGB(255,0,0,0)</RPT_BORDERCOLOR>
          <RPT_ALIGNMENT>TopLeft</RPT_ALIGNMENT>
          <RPT_FONT>Courier New, 10pt</RPT_FONT>
          <RPT_WORDWRAP>False</RPT_WORDWRAP>
        </ReportLabel>
        <ReportLabel>
          <RPT_TEXT_MODE>False</RPT_TEXT_MODE>
          <RPT_INTERNAL_NAME>Control273</RPT_INTERNAL_NAME>
          <RPT_ID>273</RPT_ID>
          <RPT_VISIBLE>True</RPT_VISIBLE>
          <RPT_TEXT>Tc:</RPT_TEXT>
          <RPT_X>54</RPT_X>
          <RPT_Y>59</RPT_Y>
          <RPT_WIDTH>26</RPT_WIDTH>
          <RPT_HEIGHT>18</RPT_HEIGHT>
          <RPT_FORECOLOR>Black, ARGB(255,0,0,0)</RPT_FORECOLOR>
          <RPT_BACKCOLOR>Transparent, ARGB(0,255,255,255)</RPT_BACKCOLOR>
          <RPT_BORDERS>None</RPT_BORDERS>
          <RPT_BORDERWIDTH>1</RPT_BORDERWIDTH>
          <RPT_BORDERCOLOR>Black, ARGB(255,0,0,0)</RPT_BORDERCOLOR>
          <RPT_ALIGNMENT>TopLeft</RPT_ALIGNMENT>
          <RPT_FONT>Courier New, 10pt</RPT_FONT>
          <RPT_WORDWRAP>False</RPT_WORDWRAP>
        </ReportLabel>
        <ReportAttribute>
          <RPT_TEXT_MODE>False</RPT_TEXT_MODE>
          <RPT_INTERNAL_NAME>Control274</RPT_INTERNAL_NAME>
          <RPT_ID>274</RPT_ID>
          <RPT_VISIBLE>True</RPT_VISIBLE>
          <ControlName>&amp;BarAncAca2</ControlName>
          <AttID>&amp;BarAncAca2</AttID>
          <AttType>5</AttType>
          <BaseAttType>5</BaseAttType>
          <PROP_EXT_BASE_ATT_COLLECTION>False</PROP_EXT_BASE_ATT_COLLECTION>
          <GxObjClass>1</GxObjClass>
          <isVariable>True</isVariable>
          <isAttribute>False</isAttribute>
          <ColCount>3</ColCount>
          <ControlType>Edit</ControlType>
          <IsEnumerated>False</IsEnumerated>
          <RowIndex>1</RowIndex>
          <ColIndex>1</ColIndex>
          <AttNumDim>0</AttNumDim>
          <AttCollection>False</AttCollection>
          <RPT_TEXT>Text</RPT_TEXT>
          <RPT_X>467</RPT_X>
          <RPT_Y>57</RPT_Y>
          <RPT_WIDTH>26</RPT_WIDTH>
          <RPT_WIDTH_Default>26</RPT_WIDTH_Default>
          <RPT_HEIGHT>18</RPT_HEIGHT>
          <RPT_HEIGHT_Default>18</RPT_HEIGHT_Default>
          <RPT_FORECOLOR>Black, ARGB(255,0,0,0)</RPT_FORECOLOR>
          <RPT_BACKCOLOR>White, ARGB(255,255,255,255)</RPT_BACKCOLOR>
          <RPT_BORDERS>None</RPT_BORDERS>
          <RPT_BORDERWIDTH>1</RPT_BORDERWIDTH>
          <RPT_BORDERCOLOR>Black, ARGB(255,0,0,0)</RPT_BORDERCOLOR>
          <RPT_ALIGNMENT>TopLeft</RPT_ALIGNMENT>
          <RPT_FONT>Courier New, 10pt</RPT_FONT>
          <GxFormat>Text</GxFormat>
          <RPT_WORDWRAP>False</RPT_WORDWRAP>
          <AttEditNameProtected>False</AttEditNameProtected>
          <IsStandardVariable>False</IsStandardVariable>
          <idIsAutoDefinedVariable>False</idIsAutoDefinedVariable>
          <AttEditDisableArrays>False</AttEditDisableArrays>
          <AttEditNewVariable>False</AttEditNewVariable>
          <AttEditDontAssign>False</AttEditDontAssign>
        </ReportAttribute>
        <ReportAttribute>
          <RPT_TEXT_MODE>False</RPT_TEXT_MODE>
          <RPT_INTERNAL_NAME>Control275</RPT_INTERNAL_NAME>
          <RPT_ID>275</RPT_ID>
          <RPT_VISIBLE>True</RPT_VISIBLE>
          <ControlName>&amp;BarGraAca2</ControlName>
          <AttID>&amp;BarGraAca2</AttID>
          <AttType>5</AttType>
          <BaseAttType>5</BaseAttType>
          <PROP_EXT_BASE_ATT_COLLECTION>False</PROP_EXT_BASE_ATT_COLLECTION>
          <GxObjClass>1</GxObjClass>
          <isVariable>True</isVariable>
          <isAttribute>False</isAttribute>
          <ColCount>4</ColCount>
          <ControlType>Edit</ControlType>
          <IsEnumerated>False</IsEnumerated>
          <RowIndex>1</RowIndex>
          <ColIndex>1</ColIndex>
          <AttNumDim>0</AttNumDim>
          <AttCollection>False</AttCollection>
          <RPT_TEXT>Text</RPT_TEXT>
          <RPT_X>565</RPT_X>
          <RPT_Y>57</RPT_Y>
          <RPT_WIDTH>34</RPT_WIDTH>
          <RPT_WIDTH_Default>34</RPT_WIDTH_Default>
          <RPT_HEIGHT>18</RPT_HEIGHT>
          <RPT_HEIGHT_Default>18</RPT_HEIGHT_Default>
          <RPT_FORECOLOR>Black, ARGB(255,0,0,0)</RPT_FORECOLOR>
          <RPT_BACKCOLOR>White, ARGB(255,255,255,255)</RPT_BACKCOLOR>
          <RPT_BORDERS>None</RPT_BORDERS>
          <RPT_BORDERWIDTH>1</RPT_BORDERWIDTH>
          <RPT_BORDERCOLOR>Black, ARGB(255,0,0,0)</RPT_BORDERCOLOR>
          <RPT_ALIGNMENT>TopLeft</RPT_ALIGNMENT>
          <RPT_FONT>Courier New, 10pt</RPT_FONT>
          <GxFormat>Text</GxFormat>
          <RPT_WORDWRAP>False</RPT_WORDWRAP>
          <AttEditNameProtected>False</AttEditNameProtected>
          <IsStandardVariable>False</IsStandardVariable>
          <idIsAutoDefinedVariable>False</idIsAutoDefinedVariable>
          <AttEditDisableArrays>False</AttEditDisableArrays>
          <AttEditNewVariable>False</AttEditNewVariable>
          <AttEditDontAssign>False</AttEditDontAssign>
        </ReportAttribute>
        <ReportAttribute>
          <RPT_TEXT_MODE>False</RPT_TEXT_MODE>
          <RPT_INTERNAL_NAME>Control276</RPT_INTERNAL_NAME>
          <RPT_ID>276</RPT_ID>
          <RPT_VISIBLE>True</RPT_VISIBLE>
          <ControlName>Control276</ControlName>
          <AttID>&amp;Tab_kgs</AttID>
          <AttType>4</AttType>
          <BaseAttType>4</BaseAttType>
          <PROP_EXT_BASE_ATT_COLLECTION>False</PROP_EXT_BASE_ATT_COLLECTION>
          <GxObjClass>1</GxObjClass>
          <isVariable>True</isVariable>
          <isAttribute>False</isAttribute>
          <ColCount>9</ColCount>
          <ControlType>Edit</ControlType>
          <IsEnumerated>False</IsEnumerated>
          <RowIndex>1</RowIndex>
          <ColIndex>1</ColIndex>
          <AttNumDim>1</AttNumDim>
          <AttCollection>False</AttCollection>
          <RPT_TEXT>Text</RPT_TEXT>
          <RPT_X>444</RPT_X>
          <RPT_Y>136</RPT_Y>
          <RPT_WIDTH>67</RPT_WIDTH>
          <RPT_WIDTH_Default>67</RPT_WIDTH_Default>
          <RPT_HEIGHT>17</RPT_HEIGHT>
          <RPT_HEIGHT_Default>17</RPT_HEIGHT_Default>
          <RPT_FORECOLOR>Black, ARGB(255,0,0,0)</RPT_FORECOLOR>
          <RPT_BACKCOLOR>White, ARGB(255,255,255,255)</RPT_BACKCOLOR>
          <RPT_BORDERS>None</RPT_BORDERS>
          <RPT_BORDERWIDTH>1</RPT_BORDERWIDTH>
          <RPT_BORDERCOLOR>Black, ARGB(255,0,0,0)</RPT_BORDERCOLOR>
          <RPT_ALIGNMENT>TopRight</RPT_ALIGNMENT>
          <RPT_FONT>Courier New, 9pt</RPT_FONT>
          <GxFormat>Text</GxFormat>
          <RPT_WORDWRAP>False</RPT_WORDWRAP>
          <AttEditNameProtected>False</AttEditNameProtected>
          <IsStandardVariable>False</IsStandardVariable>
          <idIsAutoDefinedVariable>False</idIsAutoDefinedVariable>
          <AttEditDisableArrays>False</AttEditDisableArrays>
          <AttEditNewVariable>False</AttEditNewVariable>
          <AttEditDontAssign>False</AttEditDontAssign>
        </ReportAttribute>
        <ReportAttribute>
          <RPT_TEXT_MODE>False</RPT_TEXT_MODE>
          <RPT_INTERNAL_NAME>Control277</RPT_INTERNAL_NAME>
          <RPT_ID>277</RPT_ID>
          <RPT_VISIBLE>True</RPT_VISIBLE>
          <ControlName>Control277</ControlName>
          <AttID>&amp;Tab_pz</AttID>
          <AttType>4</AttType>
          <BaseAttType>4</BaseAttType>
          <PROP_EXT_BASE_ATT_COLLECTION>False</PROP_EXT_BASE_ATT_COLLECTION>
          <GxObjClass>1</GxObjClass>
          <isVariable>True</isVariable>
          <isAttribute>False</isAttribute>
          <ColCount>6</ColCount>
          <ControlType>Edit</ControlType>
          <IsEnumerated>False</IsEnumerated>
          <RowIndex>1</RowIndex>
          <ColIndex>1</ColIndex>
          <AttNumDim>1</AttNumDim>
          <AttCollection>False</AttCollection>
          <RPT_TEXT>Text</RPT_TEXT>
          <RPT_X>540</RPT_X>
          <RPT_Y>136</RPT_Y>
          <RPT_WIDTH>45</RPT_WIDTH>
          <RPT_WIDTH_Default>45</RPT_WIDTH_Default>
          <RPT_HEIGHT>17</RPT_HEIGHT>
          <RPT_HEIGHT_Default>17</RPT_HEIGHT_Default>
          <RPT_FORECOLOR>Black, ARGB(255,0,0,0)</RPT_FORECOLOR>
          <RPT_BACKCOLOR>White, ARGB(255,255,255,255)</RPT_BACKCOLOR>
          <RPT_BORDERS>None</RPT_BORDERS>
          <RPT_BORDERWIDTH>1</RPT_BORDERWIDTH>
          <RPT_BORDERCOLOR>Black, ARGB(255,0,0,0)</RPT_BORDERCOLOR>
          <RPT_ALIGNMENT>TopRight</RPT_ALIGNMENT>
          <RPT_FONT>Courier New, 9pt</RPT_FONT>
          <GxFormat>Text</GxFormat>
          <RPT_WORDWRAP>False</RPT_WORDWRAP>
          <AttEditNameProtected>False</AttEditNameProtected>
          <IsStandardVariable>False</IsStandardVariable>
          <idIsAutoDefinedVariable>False</idIsAutoDefinedVariable>
          <AttEditDisableArrays>False</AttEditDisableArrays>
          <AttEditNewVariable>False</AttEditNewVariable>
          <AttEditDontAssign>False</AttEditDontAssign>
        </ReportAttribute>
        <ReportLine>
          <RPT_TEXT_MODE>False</RPT_TEXT_MODE>
          <RPT_INTERNAL_NAME>Control278</RPT_INTERNAL_NAME>
          <RPT_ID>278</RPT_ID>
          <RPT_VISIBLE>True</RPT_VISIBLE>
          <RPT_X>589</RPT_X>
          <RPT_Y>113</RPT_Y>
          <RPT_WIDTH>1</RPT_WIDTH>
          <RPT_HEIGHT>82</RPT_HEIGHT>
          <RPT_FORECOLOR>Black, ARGB(255,0,0,0)</RPT_FORECOLOR>
          <RPT_LINEDIRECTION>Vertical</RPT_LINEDIRECTION>
          <RPT_LINEWIDTH>1</RPT_LINEWIDTH>
          <RPT_STYLE_LINE>Solid</RPT_STYLE_LINE>
          <RPT_ALIGNMENT>TopLeft</RPT_ALIGNMENT>
        </ReportLine>
        <ReportLabel>
          <RPT_TEXT_MODE>False</RPT_TEXT_MODE>
          <RPT_INTERNAL_NAME>Control279</RPT_INTERNAL_NAME>
          <RPT_ID>279</RPT_ID>
          <RPT_VISIBLE>True</RPT_VISIBLE>
          <RPT_TEXT>Localização</RPT_TEXT>
          <RPT_X>598</RPT_X>
          <RPT_Y>116</RPT_Y>
          <RPT_WIDTH>81</RPT_WIDTH>
          <RPT_HEIGHT>15</RPT_HEIGHT>
          <RPT_FORECOLOR>Black, ARGB(255,0,0,0)</RPT_FORECOLOR>
          <RPT_BACKCOLOR>Transparent, ARGB(0,255,255,255)</RPT_BACKCOLOR>
          <RPT_BORDERS>None</RPT_BORDERS>
          <RPT_BORDERWIDTH>1</RPT_BORDERWIDTH>
          <RPT_BORDERCOLOR>Black, ARGB(255,0,0,0)</RPT_BORDERCOLOR>
          <RPT_ALIGNMENT>TopLeft</RPT_ALIGNMENT>
          <RPT_FONT>Courier New, 8pt</RPT_FONT>
          <RPT_WORDWRAP>False</RPT_WORDWRAP>
        </ReportLabel>
        <ReportAttribute>
          <RPT_TEXT_MODE>False</RPT_TEXT_MODE>
          <RPT_INTERNAL_NAME>Control280</RPT_INTERNAL_NAME>
          <RPT_ID>280</RPT_ID>
          <RPT_VISIBLE>True</RPT_VISIBLE>
          <ControlName>Control280</ControlName>
          <AttID>&amp;Tab_loc</AttID>
          <AttType>5</AttType>
          <BaseAttType>5</BaseAttType>
          <PROP_EXT_BASE_ATT_COLLECTION>False</PROP_EXT_BASE_ATT_COLLECTION>
          <GxObjClass>1</GxObjClass>
          <isVariable>True</isVariable>
          <isAttribute>False</isAttribute>
          <ColCount>10</ColCount>
          <ControlType>Edit</ControlType>
          <IsEnumerated>False</IsEnumerated>
          <RowIndex>1</RowIndex>
          <ColIndex>1</ColIndex>
          <AttNumDim>1</AttNumDim>
          <AttCollection>False</AttCollection>
          <RPT_TEXT>Text</RPT_TEXT>
          <RPT_X>596</RPT_X>
          <RPT_Y>136</RPT_Y>
          <RPT_WIDTH>74</RPT_WIDTH>
          <RPT_WIDTH_Default>74</RPT_WIDTH_Default>
          <RPT_HEIGHT>17</RPT_HEIGHT>
          <RPT_HEIGHT_Default>17</RPT_HEIGHT_Default>
          <RPT_FORECOLOR>Black, ARGB(255,0,0,0)</RPT_FORECOLOR>
          <RPT_BACKCOLOR>White, ARGB(255,255,255,255)</RPT_BACKCOLOR>
          <RPT_BORDERS>None</RPT_BORDERS>
          <RPT_BORDERWIDTH>1</RPT_BORDERWIDTH>
          <RPT_BORDERCOLOR>Black, ARGB(255,0,0,0)</RPT_BORDERCOLOR>
          <RPT_ALIGNMENT>TopLeft</RPT_ALIGNMENT>
          <RPT_FONT>Courier New, 9pt</RPT_FONT>
          <GxFormat>Text</GxFormat>
          <RPT_WORDWRAP>False</RPT_WORDWRAP>
          <AttEditNameProtected>False</AttEditNameProtected>
          <IsStandardVariable>False</IsStandardVariable>
          <idIsAutoDefinedVariable>False</idIsAutoDefinedVariable>
          <AttEditDisableArrays>False</AttEditDisableArrays>
          <AttEditNewVariable>False</AttEditNewVariable>
          <AttEditDontAssign>False</AttEditDontAssign>
        </ReportAttribute>
        <ReportAttribute>
          <RPT_TEXT_MODE>False</RPT_TEXT_MODE>
          <RPT_INTERNAL_NAME>Control281</RPT_INTERNAL_NAME>
          <RPT_ID>281</RPT_ID>
          <RPT_VISIBLE>True</RPT_VISIBLE>
          <ControlName>Control281</ControlName>
          <AttID>&amp;Tab_fe</AttID>
          <AttType>6</AttType>
          <BaseAttType>6</BaseAttType>
          <PROP_EXT_BASE_ATT_COLLECTION>False</PROP_EXT_BASE_ATT_COLLECTION>
          <GxObjClass>1</GxObjClass>
          <isVariable>True</isVariable>
          <isAttribute>False</isAttribute>
          <ColCount>8</ColCount>
          <ControlType>Edit</ControlType>
          <IsEnumerated>False</IsEnumerated>
          <RowIndex>1</RowIndex>
          <ColIndex>1</ColIndex>
          <AttNumDim>1</AttNumDim>
          <AttCollection>False</AttCollection>
          <RPT_TEXT>Text</RPT_TEXT>
          <RPT_X>692</RPT_X>
          <RPT_Y>136</RPT_Y>
          <RPT_WIDTH>59</RPT_WIDTH>
          <RPT_WIDTH_Default>59</RPT_WIDTH_Default>
          <RPT_HEIGHT>17</RPT_HEIGHT>
          <RPT_HEIGHT_Default>17</RPT_HEIGHT_Default>
          <RPT_FORECOLOR>Black, ARGB(255,0,0,0)</RPT_FORECOLOR>
          <RPT_BACKCOLOR>White, ARGB(255,255,255,255)</RPT_BACKCOLOR>
          <RPT_BORDERS>None</RPT_BORDERS>
          <RPT_BORDERWIDTH>1</RPT_BORDERWIDTH>
          <RPT_BORDERCOLOR>Black, ARGB(255,0,0,0)</RPT_BORDERCOLOR>
          <RPT_ALIGNMENT>TopLeft</RPT_ALIGNMENT>
          <RPT_FONT>Courier New, 9pt</RPT_FONT>
          <GxFormat>Text</GxFormat>
          <RPT_WORDWRAP>False</RPT_WORDWRAP>
          <AttEditNameProtected>False</AttEditNameProtected>
          <IsStandardVariable>False</IsStandardVariable>
          <idIsAutoDefinedVariable>False</idIsAutoDefinedVariable>
          <AttEditDisableArrays>False</AttEditDisableArrays>
          <AttEditNewVariable>False</AttEditNewVariable>
          <AttEditDontAssign>False</AttEditDontAssign>
        </ReportAttribute>
        <ReportLabel>
          <RPT_TEXT_MODE>False</RPT_TEXT_MODE>
          <RPT_INTERNAL_NAME>Control282</RPT_INTERNAL_NAME>
          <RPT_ID>282</RPT_ID>
          <RPT_VISIBLE>True</RPT_VISIBLE>
          <RPT_TEXT>Data</RPT_TEXT>
          <RPT_X>706</RPT_X>
          <RPT_Y>117</RPT_Y>
          <RPT_WIDTH>30</RPT_WIDTH>
          <RPT_HEIGHT>15</RPT_HEIGHT>
          <RPT_FORECOLOR>Black, ARGB(255,0,0,0)</RPT_FORECOLOR>
          <RPT_BACKCOLOR>Transparent, ARGB(0,255,255,255)</RPT_BACKCOLOR>
          <RPT_BORDERS>None</RPT_BORDERS>
          <RPT_BORDERWIDTH>1</RPT_BORDERWIDTH>
          <RPT_BORDERCOLOR>Black, ARGB(255,0,0,0)</RPT_BORDERCOLOR>
          <RPT_ALIGNMENT>TopLeft</RPT_ALIGNMENT>
          <RPT_FONT>Courier New, 8pt</RPT_FONT>
          <RPT_WORDWRAP>False</RPT_WORDWRAP>
        </ReportLabel>
        <ReportLine>
          <RPT_TEXT_MODE>False</RPT_TEXT_MODE>
          <RPT_INTERNAL_NAME>Control283</RPT_INTERNAL_NAME>
          <RPT_ID>283</RPT_ID>
          <RPT_VISIBLE>True</RPT_VISIBLE>
          <RPT_X>685</RPT_X>
          <RPT_Y>113</RPT_Y>
          <RPT_WIDTH>1</RPT_WIDTH>
          <RPT_HEIGHT>82</RPT_HEIGHT>
          <RPT_FORECOLOR>Black, ARGB(255,0,0,0)</RPT_FORECOLOR>
          <RPT_LINEDIRECTION>Vertical</RPT_LINEDIRECTION>
          <RPT_LINEWIDTH>1</RPT_LINEWIDTH>
          <RPT_STYLE_LINE>Solid</RPT_STYLE_LINE>
          <RPT_ALIGNMENT>TopLeft</RPT_ALIGNMENT>
        </ReportLine>
        <ReportAttribute>
          <RPT_TEXT_MODE>False</RPT_TEXT_MODE>
          <RPT_INTERNAL_NAME>Control284</RPT_INTERNAL_NAME>
          <RPT_ID>284</RPT_ID>
          <RPT_VISIBLE>True</RPT_VISIBLE>
          <ControlName>Control284</ControlName>
          <AttID>&amp;Tab_kgs</AttID>
          <AttType>4</AttType>
          <BaseAttType>4</BaseAttType>
          <PROP_EXT_BASE_ATT_COLLECTION>False</PROP_EXT_BASE_ATT_COLLECTION>
          <GxObjClass>1</GxObjClass>
          <isVariable>True</isVariable>
          <isAttribute>False</isAttribute>
          <ColCount>9</ColCount>
          <ControlType>Edit</ControlType>
          <IsEnumerated>False</IsEnumerated>
          <RowIndex>2</RowIndex>
          <ColIndex>1</ColIndex>
          <AttNumDim>1</AttNumDim>
          <AttCollection>False</AttCollection>
          <RPT_TEXT>Text</RPT_TEXT>
          <RPT_X>444</RPT_X>
          <RPT_Y>155</RPT_Y>
          <RPT_WIDTH>67</RPT_WIDTH>
          <RPT_WIDTH_Default>67</RPT_WIDTH_Default>
          <RPT_HEIGHT>17</RPT_HEIGHT>
          <RPT_HEIGHT_Default>17</RPT_HEIGHT_Default>
          <RPT_FORECOLOR>Black, ARGB(255,0,0,0)</RPT_FORECOLOR>
          <RPT_BACKCOLOR>White, ARGB(255,255,255,255)</RPT_BACKCOLOR>
          <RPT_BORDERS>None</RPT_BORDERS>
          <RPT_BORDERWIDTH>1</RPT_BORDERWIDTH>
          <RPT_BORDERCOLOR>Black, ARGB(255,0,0,0)</RPT_BORDERCOLOR>
          <RPT_ALIGNMENT>TopRight</RPT_ALIGNMENT>
          <RPT_FONT>Courier New, 9pt</RPT_FONT>
          <GxFormat>Text</GxFormat>
          <RPT_WORDWRAP>False</RPT_WORDWRAP>
          <AttEditNameProtected>False</AttEditNameProtected>
          <IsStandardVariable>False</IsStandardVariable>
          <idIsAutoDefinedVariable>False</idIsAutoDefinedVariable>
          <AttEditDisableArrays>False</AttEditDisableArrays>
          <AttEditNewVariable>False</AttEditNewVariable>
          <AttEditDontAssign>False</AttEditDontAssign>
        </ReportAttribute>
        <ReportAttribute>
          <RPT_TEXT_MODE>False</RPT_TEXT_MODE>
          <RPT_INTERNAL_NAME>Control285</RPT_INTERNAL_NAME>
          <RPT_ID>285</RPT_ID>
          <RPT_VISIBLE>True</RPT_VISIBLE>
          <ControlName>Control285</ControlName>
          <AttID>&amp;Tab_kgs</AttID>
          <AttType>4</AttType>
          <BaseAttType>4</BaseAttType>
          <PROP_EXT_BASE_ATT_COLLECTION>False</PROP_EXT_BASE_ATT_COLLECTION>
          <GxObjClass>1</GxObjClass>
          <isVariable>True</isVariable>
          <isAttribute>False</isAttribute>
          <ColCount>9</ColCount>
          <ControlType>Edit</ControlType>
          <IsEnumerated>False</IsEnumerated>
          <RowIndex>3</RowIndex>
          <ColIndex>1</ColIndex>
          <AttNumDim>1</AttNumDim>
          <AttCollection>False</AttCollection>
          <RPT_TEXT>Text</RPT_TEXT>
          <RPT_X>444</RPT_X>
          <RPT_Y>174</RPT_Y>
          <RPT_WIDTH>67</RPT_WIDTH>
          <RPT_WIDTH_Default>67</RPT_WIDTH_Default>
          <RPT_HEIGHT>17</RPT_HEIGHT>
          <RPT_HEIGHT_Default>17</RPT_HEIGHT_Default>
          <RPT_FORECOLOR>Black, ARGB(255,0,0,0)</RPT_FORECOLOR>
          <RPT_BACKCOLOR>White, ARGB(255,255,255,255)</RPT_BACKCOLOR>
          <RPT_BORDERS>None</RPT_BORDERS>
          <RPT_BORDERWIDTH>1</RPT_BORDERWIDTH>
          <RPT_BORDERCOLOR>Black, ARGB(255,0,0,0)</RPT_BORDERCOLOR>
          <RPT_ALIGNMENT>TopRight</RPT_ALIGNMENT>
          <RPT_FONT>Courier New, 9pt</RPT_FONT>
          <GxFormat>Text</GxFormat>
          <RPT_WORDWRAP>False</RPT_WORDWRAP>
          <AttEditNameProtected>False</AttEditNameProtected>
          <IsStandardVariable>False</IsStandardVariable>
          <idIsAutoDefinedVariable>False</idIsAutoDefinedVariable>
          <AttEditDisableArrays>False</AttEditDisableArrays>
          <AttEditNewVariable>False</AttEditNewVariable>
          <AttEditDontAssign>False</AttEditDontAssign>
        </ReportAttribute>
        <ReportAttribute>
          <RPT_TEXT_MODE>False</RPT_TEXT_MODE>
          <RPT_INTERNAL_NAME>Control286</RPT_INTERNAL_NAME>
          <RPT_ID>286</RPT_ID>
          <RPT_VISIBLE>True</RPT_VISIBLE>
          <ControlName>Control286</ControlName>
          <AttID>&amp;Tab_pz</AttID>
          <AttType>4</AttType>
          <BaseAttType>4</BaseAttType>
          <PROP_EXT_BASE_ATT_COLLECTION>False</PROP_EXT_BASE_ATT_COLLECTION>
          <GxObjClass>1</GxObjClass>
          <isVariable>True</isVariable>
          <isAttribute>False</isAttribute>
          <ColCount>6</ColCount>
          <ControlType>Edit</ControlType>
          <IsEnumerated>False</IsEnumerated>
          <RowIndex>2</RowIndex>
          <ColIndex>1</ColIndex>
          <AttNumDim>1</AttNumDim>
          <AttCollection>False</AttCollection>
          <RPT_TEXT>Text</RPT_TEXT>
          <RPT_X>540</RPT_X>
          <RPT_Y>155</RPT_Y>
          <RPT_WIDTH>45</RPT_WIDTH>
          <RPT_WIDTH_Default>45</RPT_WIDTH_Default>
          <RPT_HEIGHT>17</RPT_HEIGHT>
          <RPT_HEIGHT_Default>17</RPT_HEIGHT_Default>
          <RPT_FORECOLOR>Black, ARGB(255,0,0,0)</RPT_FORECOLOR>
          <RPT_BACKCOLOR>White, ARGB(255,255,255,255)</RPT_BACKCOLOR>
          <RPT_BORDERS>None</RPT_BORDERS>
          <RPT_BORDERWIDTH>1</RPT_BORDERWIDTH>
          <RPT_BORDERCOLOR>Black, ARGB(255,0,0,0)</RPT_BORDERCOLOR>
          <RPT_ALIGNMENT>TopRight</RPT_ALIGNMENT>
          <RPT_FONT>Courier New, 9pt</RPT_FONT>
          <GxFormat>Text</GxFormat>
          <RPT_WORDWRAP>False</RPT_WORDWRAP>
          <AttEditNameProtected>False</AttEditNameProtected>
          <IsStandardVariable>False</IsStandardVariable>
          <idIsAutoDefinedVariable>False</idIsAutoDefinedVariable>
          <AttEditDisableArrays>False</AttEditDisableArrays>
          <AttEditNewVariable>False</AttEditNewVariable>
          <AttEditDontAssign>False</AttEditDontAssign>
        </ReportAttribute>
        <ReportAttribute>
          <RPT_TEXT_MODE>False</RPT_TEXT_MODE>
          <RPT_INTERNAL_NAME>Control287</RPT_INTERNAL_NAME>
          <RPT_ID>287</RPT_ID>
          <RPT_VISIBLE>True</RPT_VISIBLE>
          <ControlName>Control287</ControlName>
          <AttID>&amp;Tab_pz</AttID>
          <AttType>4</AttType>
          <BaseAttType>4</BaseAttType>
          <PROP_EXT_BASE_ATT_COLLECTION>False</PROP_EXT_BASE_ATT_COLLECTION>
          <GxObjClass>1</GxObjClass>
          <isVariable>True</isVariable>
          <isAttribute>False</isAttribute>
          <ColCount>6</ColCount>
          <ControlType>Edit</ControlType>
          <IsEnumerated>False</IsEnumerated>
          <RowIndex>3</RowIndex>
          <ColIndex>1</ColIndex>
          <AttNumDim>1</AttNumDim>
          <AttCollection>False</AttCollection>
          <RPT_TEXT>Text</RPT_TEXT>
          <RPT_X>540</RPT_X>
          <RPT_Y>174</RPT_Y>
          <RPT_WIDTH>45</RPT_WIDTH>
          <RPT_WIDTH_Default>45</RPT_WIDTH_Default>
          <RPT_HEIGHT>17</RPT_HEIGHT>
          <RPT_HEIGHT_Default>17</RPT_HEIGHT_Default>
          <RPT_FORECOLOR>Black, ARGB(255,0,0,0)</RPT_FORECOLOR>
          <RPT_BACKCOLOR>White, ARGB(255,255,255,255)</RPT_BACKCOLOR>
          <RPT_BORDERS>None</RPT_BORDERS>
          <RPT_BORDERWIDTH>1</RPT_BORDERWIDTH>
          <RPT_BORDERCOLOR>Black, ARGB(255,0,0,0)</RPT_BORDERCOLOR>
          <RPT_ALIGNMENT>TopRight</RPT_ALIGNMENT>
          <RPT_FONT>Courier New, 9pt</RPT_FONT>
          <GxFormat>Text</GxFormat>
          <RPT_WORDWRAP>False</RPT_WORDWRAP>
          <AttEditNameProtected>False</AttEditNameProtected>
          <IsStandardVariable>False</IsStandardVariable>
          <idIsAutoDefinedVariable>False</idIsAutoDefinedVariable>
          <AttEditDisableArrays>False</AttEditDisableArrays>
          <AttEditNewVariable>False</AttEditNewVariable>
          <AttEditDontAssign>False</AttEditDontAssign>
        </ReportAttribute>
        <ReportAttribute>
          <RPT_TEXT_MODE>False</RPT_TEXT_MODE>
          <RPT_INTERNAL_NAME>Control288</RPT_INTERNAL_NAME>
          <RPT_ID>288</RPT_ID>
          <RPT_VISIBLE>True</RPT_VISIBLE>
          <ControlName>Control288</ControlName>
          <AttID>&amp;Tab_loc</AttID>
          <AttType>5</AttType>
          <BaseAttType>5</BaseAttType>
          <PROP_EXT_BASE_ATT_COLLECTION>False</PROP_EXT_BASE_ATT_COLLECTION>
          <GxObjClass>1</GxObjClass>
          <isVariable>True</isVariable>
          <isAttribute>False</isAttribute>
          <ColCount>10</ColCount>
          <ControlType>Edit</ControlType>
          <IsEnumerated>False</IsEnumerated>
          <RowIndex>2</RowIndex>
          <ColIndex>1</ColIndex>
          <AttNumDim>1</AttNumDim>
          <AttCollection>False</AttCollection>
          <RPT_TEXT>Text</RPT_TEXT>
          <RPT_X>595</RPT_X>
          <RPT_Y>155</RPT_Y>
          <RPT_WIDTH>74</RPT_WIDTH>
          <RPT_WIDTH_Default>74</RPT_WIDTH_Default>
          <RPT_HEIGHT>17</RPT_HEIGHT>
          <RPT_HEIGHT_Default>17</RPT_HEIGHT_Default>
          <RPT_FORECOLOR>Black, ARGB(255,0,0,0)</RPT_FORECOLOR>
          <RPT_BACKCOLOR>White, ARGB(255,255,255,255)</RPT_BACKCOLOR>
          <RPT_BORDERS>None</RPT_BORDERS>
          <RPT_BORDERWIDTH>1</RPT_BORDERWIDTH>
          <RPT_BORDERCOLOR>Black, ARGB(255,0,0,0)</RPT_BORDERCOLOR>
          <RPT_ALIGNMENT>TopLeft</RPT_ALIGNMENT>
          <RPT_FONT>Courier New, 9pt</RPT_FONT>
          <GxFormat>Text</GxFormat>
          <RPT_WORDWRAP>False</RPT_WORDWRAP>
          <AttEditNameProtected>False</AttEditNameProtected>
          <IsStandardVariable>False</IsStandardVariable>
          <idIsAutoDefinedVariable>False</idIsAutoDefinedVariable>
          <AttEditDisableArrays>False</AttEditDisableArrays>
          <AttEditNewVariable>False</AttEditNewVariable>
          <AttEditDontAssign>False</AttEditDontAssign>
        </ReportAttribute>
        <ReportAttribute>
          <RPT_TEXT_MODE>False</RPT_TEXT_MODE>
          <RPT_INTERNAL_NAME>Control289</RPT_INTERNAL_NAME>
          <RPT_ID>289</RPT_ID>
          <RPT_VISIBLE>True</RPT_VISIBLE>
          <ControlName>Control289</ControlName>
          <AttID>&amp;Tab_loc</AttID>
          <AttType>5</AttType>
          <BaseAttType>5</BaseAttType>
          <PROP_EXT_BASE_ATT_COLLECTION>False</PROP_EXT_BASE_ATT_COLLECTION>
          <GxObjClass>1</GxObjClass>
          <isVariable>True</isVariable>
          <isAttribute>False</isAttribute>
          <ColCount>10</ColCount>
          <ControlType>Edit</ControlType>
          <IsEnumerated>False</IsEnumerated>
          <RowIndex>3</RowIndex>
          <ColIndex>1</ColIndex>
          <AttNumDim>1</AttNumDim>
          <AttCollection>False</AttCollection>
          <RPT_TEXT>Text</RPT_TEXT>
          <RPT_X>595</RPT_X>
          <RPT_Y>174</RPT_Y>
          <RPT_WIDTH>74</RPT_WIDTH>
          <RPT_WIDTH_Default>74</RPT_WIDTH_Default>
          <RPT_HEIGHT>17</RPT_HEIGHT>
          <RPT_HEIGHT_Default>17</RPT_HEIGHT_Default>
          <RPT_FORECOLOR>Black, ARGB(255,0,0,0)</RPT_FORECOLOR>
          <RPT_BACKCOLOR>White, ARGB(255,255,255,255)</RPT_BACKCOLOR>
          <RPT_BORDERS>None</RPT_BORDERS>
          <RPT_BORDERWIDTH>1</RPT_BORDERWIDTH>
          <RPT_BORDERCOLOR>Black, ARGB(255,0,0,0)</RPT_BORDERCOLOR>
          <RPT_ALIGNMENT>TopLeft</RPT_ALIGNMENT>
          <RPT_FONT>Courier New, 9pt</RPT_FONT>
          <GxFormat>Text</GxFormat>
          <RPT_WORDWRAP>False</RPT_WORDWRAP>
          <AttEditNameProtected>False</AttEditNameProtected>
          <IsStandardVariable>False</IsStandardVariable>
          <idIsAutoDefinedVariable>False</idIsAutoDefinedVariable>
          <AttEditDisableArrays>False</AttEditDisableArrays>
          <AttEditNewVariable>False</AttEditNewVariable>
          <AttEditDontAssign>False</AttEditDontAssign>
        </ReportAttribute>
        <ReportAttribute>
          <RPT_TEXT_MODE>False</RPT_TEXT_MODE>
          <RPT_INTERNAL_NAME>Control290</RPT_INTERNAL_NAME>
          <RPT_ID>290</RPT_ID>
          <RPT_VISIBLE>True</RPT_VISIBLE>
          <ControlName>Control290</ControlName>
          <AttID>&amp;Tab_fe</AttID>
          <AttType>6</AttType>
          <BaseAttType>6</BaseAttType>
          <PROP_EXT_BASE_ATT_COLLECTION>False</PROP_EXT_BASE_ATT_COLLECTION>
          <GxObjClass>1</GxObjClass>
          <isVariable>True</isVariable>
          <isAttribute>False</isAttribute>
          <ColCount>8</ColCount>
          <ControlType>Edit</ControlType>
          <IsEnumerated>False</IsEnumerated>
          <RowIndex>2</RowIndex>
          <ColIndex>1</ColIndex>
          <AttNumDim>1</AttNumDim>
          <AttCollection>False</AttCollection>
          <RPT_TEXT>Text</RPT_TEXT>
          <RPT_X>692</RPT_X>
          <RPT_Y>155</RPT_Y>
          <RPT_WIDTH>59</RPT_WIDTH>
          <RPT_WIDTH_Default>59</RPT_WIDTH_Default>
          <RPT_HEIGHT>17</RPT_HEIGHT>
          <RPT_HEIGHT_Default>17</RPT_HEIGHT_Default>
          <RPT_FORECOLOR>Black, ARGB(255,0,0,0)</RPT_FORECOLOR>
          <RPT_BACKCOLOR>White, ARGB(255,255,255,255)</RPT_BACKCOLOR>
          <RPT_BORDERS>None</RPT_BORDERS>
          <RPT_BORDERWIDTH>1</RPT_BORDERWIDTH>
          <RPT_BORDERCOLOR>Black, ARGB(255,0,0,0)</RPT_BORDERCOLOR>
          <RPT_ALIGNMENT>TopLeft</RPT_ALIGNMENT>
          <RPT_FONT>Courier New, 9pt</RPT_FONT>
          <GxFormat>Text</GxFormat>
          <RPT_WORDWRAP>False</RPT_WORDWRAP>
          <AttEditNameProtected>False</AttEditNameProtected>
          <IsStandardVariable>False</IsStandardVariable>
          <idIsAutoDefinedVariable>False</idIsAutoDefinedVariable>
          <AttEditDisableArrays>False</AttEditDisableArrays>
          <AttEditNewVariable>False</AttEditNewVariable>
          <AttEditDontAssign>False</AttEditDontAssign>
        </ReportAttribute>
        <ReportAttribute>
          <RPT_TEXT_MODE>False</RPT_TEXT_MODE>
          <RPT_INTERNAL_NAME>Control291</RPT_INTERNAL_NAME>
          <RPT_ID>291</RPT_ID>
          <RPT_VISIBLE>True</RPT_VISIBLE>
          <ControlName>Control291</ControlName>
          <AttID>&amp;Tab_fe</AttID>
          <AttType>6</AttType>
          <BaseAttType>6</BaseAttType>
          <PROP_EXT_BASE_ATT_COLLECTION>False</PROP_EXT_BASE_ATT_COLLECTION>
          <GxObjClass>1</GxObjClass>
          <isVariable>True</isVariable>
          <isAttribute>False</isAttribute>
          <ColCount>8</ColCount>
          <ControlType>Edit</ControlType>
          <IsEnumerated>False</IsEnumerated>
          <RowIndex>3</RowIndex>
          <ColIndex>1</ColIndex>
          <AttNumDim>1</AttNumDim>
          <AttCollection>False</AttCollection>
          <RPT_TEXT>Text</RPT_TEXT>
          <RPT_X>692</RPT_X>
          <RPT_Y>174</RPT_Y>
          <RPT_WIDTH>59</RPT_WIDTH>
          <RPT_WIDTH_Default>59</RPT_WIDTH_Default>
          <RPT_HEIGHT>17</RPT_HEIGHT>
          <RPT_HEIGHT_Default>17</RPT_HEIGHT_Default>
          <RPT_FORECOLOR>Black, ARGB(255,0,0,0)</RPT_FORECOLOR>
          <RPT_BACKCOLOR>White, ARGB(255,255,255,255)</RPT_BACKCOLOR>
          <RPT_BORDERS>None</RPT_BORDERS>
          <RPT_BORDERWIDTH>1</RPT_BORDERWIDTH>
          <RPT_BORDERCOLOR>Black, ARGB(255,0,0,0)</RPT_BORDERCOLOR>
          <RPT_ALIGNMENT>TopLeft</RPT_ALIGNMENT>
          <RPT_FONT>Courier New, 9pt</RPT_FONT>
          <GxFormat>Text</GxFormat>
          <RPT_WORDWRAP>False</RPT_WORDWRAP>
          <AttEditNameProtected>False</AttEditNameProtected>
          <IsStandardVariable>False</IsStandardVariable>
          <idIsAutoDefinedVariable>False</idIsAutoDefinedVariable>
          <AttEditDisableArrays>False</AttEditDisableArrays>
          <AttEditNewVariable>False</AttEditNewVariable>
          <AttEditDontAssign>False</AttEditDontAssign>
        </ReportAttribute>
        <ReportLine>
          <RPT_TEXT_MODE>False</RPT_TEXT_MODE>
          <RPT_INTERNAL_NAME>Control292</RPT_INTERNAL_NAME>
          <RPT_ID>292</RPT_ID>
          <RPT_VISIBLE>True</RPT_VISIBLE>
          <RPT_X>511</RPT_X>
          <RPT_Y>85</RPT_Y>
          <RPT_WIDTH>1</RPT_WIDTH>
          <RPT_HEIGHT>26</RPT_HEIGHT>
          <RPT_FORECOLOR>Black, ARGB(255,0,0,0)</RPT_FORECOLOR>
          <RPT_LINEDIRECTION>Vertical</RPT_LINEDIRECTION>
          <RPT_LINEWIDTH>1</RPT_LINEWIDTH>
          <RPT_STYLE_LINE>Solid</RPT_STYLE_LINE>
          <RPT_ALIGNMENT>TopLeft</RPT_ALIGNMENT>
        </ReportLine>
        <ReportAttribute>
          <RPT_TEXT_MODE>False</RPT_TEXT_MODE>
          <RPT_INTERNAL_NAME>Control293</RPT_INTERNAL_NAME>
          <RPT_ID>293</RPT_ID>
          <RPT_VISIBLE>True</RPT_VISIBLE>
          <ControlName>BarKgm</ControlName>
          <AttID>BarKgm</AttID>
          <AttType>4</AttType>
          <BaseAttType>4</BaseAttType>
          <PROP_EXT_BASE_ATT_COLLECTION>False</PROP_EXT_BASE_ATT_COLLECTION>
          <GxObjClass>1</GxObjClass>
          <isVariable>False</isVariable>
          <isAttribute>True</isAttribute>
          <ColCount>9</ColCount>
          <ControlType>Edit</ControlType>
          <IsEnumerated>False</IsEnumerated>
          <RowIndex>1</RowIndex>
          <ColIndex>1</ColIndex>
          <AttNumDim>0</AttNumDim>
          <AttCollection>False</AttCollection>
          <RPT_TEXT>Text</RPT_TEXT>
          <RPT_X>575</RPT_X>
          <RPT_Y>90</RPT_Y>
          <RPT_WIDTH>95</RPT_WIDTH>
          <RPT_WIDTH_Default>95</RPT_WIDTH_Default>
          <RPT_HEIGHT>20</RPT_HEIGHT>
          <RPT_HEIGHT_Default>20</RPT_HEIGHT_Default>
          <RPT_FORECOLOR>Black, ARGB(255,0,0,0)</RPT_FORECOLOR>
          <RPT_BACKCOLOR>White, ARGB(255,255,255,255)</RPT_BACKCOLOR>
          <RPT_BORDERS>None</RPT_BORDERS>
          <RPT_BORDERWIDTH>1</RPT_BORDERWIDTH>
          <RPT_BORDERCOLOR>Black, ARGB(255,0,0,0)</RPT_BORDERCOLOR>
          <RPT_ALIGNMENT>TopRight</RPT_ALIGNMENT>
          <RPT_FONT>Courier New, 12pt, style=Bold</RPT_FONT>
          <GxFormat>Text</GxFormat>
          <RPT_WORDWRAP>False</RPT_WORDWRAP>
          <AttEditNameProtected>False</AttEditNameProtected>
          <IsStandardVariable>False</IsStandardVariable>
          <idIsAutoDefinedVariable>False</idIsAutoDefinedVariable>
          <AttEditDisableArrays>False</AttEditDisableArrays>
          <AttEditNewVariable>False</AttEditNewVariable>
          <AttEditDontAssign>False</AttEditDontAssign>
        </ReportAttribute>
        <ReportAttribute>
          <RPT_TEXT_MODE>False</RPT_TEXT_MODE>
          <RPT_INTERNAL_NAME>Control294</RPT_INTERNAL_NAME>
          <RPT_ID>294</RPT_ID>
          <RPT_VISIBLE>True</RPT_VISIBLE>
          <ControlName>BarPie</ControlName>
          <AttID>BarPie</AttID>
          <AttType>4</AttType>
          <BaseAttType>4</BaseAttType>
          <PROP_EXT_BASE_ATT_COLLECTION>False</PROP_EXT_BASE_ATT_COLLECTION>
          <GxObjClass>1</GxObjClass>
          <isVariable>False</isVariable>
          <isAttribute>True</isAttribute>
          <ColCount>6</ColCount>
          <ControlType>Edit</ControlType>
          <IsEnumerated>False</IsEnumerated>
          <RowIndex>1</RowIndex>
          <ColIndex>1</ColIndex>
          <AttNumDim>0</AttNumDim>
          <AttCollection>False</AttCollection>
          <RPT_TEXT>Text</RPT_TEXT>
          <RPT_X>688</RPT_X>
          <RPT_Y>90</RPT_Y>
          <RPT_WIDTH>64</RPT_WIDTH>
          <RPT_WIDTH_Default>64</RPT_WIDTH_Default>
          <RPT_HEIGHT>20</RPT_HEIGHT>
          <RPT_HEIGHT_Default>20</RPT_HEIGHT_Default>
          <RPT_FORECOLOR>Black, ARGB(255,0,0,0)</RPT_FORECOLOR>
          <RPT_BACKCOLOR>White, ARGB(255,255,255,255)</RPT_BACKCOLOR>
          <RPT_BORDERS>None</RPT_BORDERS>
          <RPT_BORDERWIDTH>1</RPT_BORDERWIDTH>
          <RPT_BORDERCOLOR>Black, ARGB(255,0,0,0)</RPT_BORDERCOLOR>
          <RPT_ALIGNMENT>TopRight</RPT_ALIGNMENT>
          <RPT_FONT>Courier New, 12pt, style=Bold</RPT_FONT>
          <GxFormat>Text</GxFormat>
          <RPT_WORDWRAP>False</RPT_WORDWRAP>
          <AttEditNameProtected>False</AttEditNameProtected>
          <IsStandardVariable>False</IsStandardVariable>
          <idIsAutoDefinedVariable>False</idIsAutoDefinedVariable>
          <AttEditDisableArrays>False</AttEditDisableArrays>
          <AttEditNewVariable>False</AttEditNewVariable>
          <AttEditDontAssign>False</AttEditDontAssign>
        </ReportAttribute>
        <ReportLabel>
          <RPT_TEXT_MODE>False</RPT_TEXT_MODE>
          <RPT_INTERNAL_NAME>Control295</RPT_INTERNAL_NAME>
          <RPT_ID>295</RPT_ID>
          <RPT_VISIBLE>True</RPT_VISIBLE>
          <RPT_TEXT>Total</RPT_TEXT>
          <RPT_X>518</RPT_X>
          <RPT_Y>91</RPT_Y>
          <RPT_WIDTH>43</RPT_WIDTH>
          <RPT_HEIGHT>17</RPT_HEIGHT>
          <RPT_FORECOLOR>Black, ARGB(255,0,0,0)</RPT_FORECOLOR>
          <RPT_BACKCOLOR>Transparent, ARGB(0,255,255,255)</RPT_BACKCOLOR>
          <RPT_BORDERS>None</RPT_BORDERS>
          <RPT_BORDERWIDTH>1</RPT_BORDERWIDTH>
          <RPT_BORDERCOLOR>Black, ARGB(255,0,0,0)</RPT_BORDERCOLOR>
          <RPT_ALIGNMENT>TopLeft</RPT_ALIGNMENT>
          <RPT_FONT>Courier New, 10pt, style=Bold</RPT_FONT>
          <RPT_WORDWRAP>False</RPT_WORDWRAP>
        </ReportLabel>
        <ReportLabel>
          <RPT_TEXT_MODE>False</RPT_TEXT_MODE>
          <RPT_INTERNAL_NAME>Control296</RPT_INTERNAL_NAME>
          <RPT_ID>296</RPT_ID>
          <RPT_VISIBLE>True</RPT_VISIBLE>
          <RPT_TEXT>Cartaz Nº:</RPT_TEXT>
          <RPT_X>258</RPT_X>
          <RPT_Y>108</RPT_Y>
          <RPT_WIDTH>84</RPT_WIDTH>
          <RPT_HEIGHT>18</RPT_HEIGHT>
          <RPT_FORECOLOR>Black, ARGB(255,0,0,0)</RPT_FORECOLOR>
          <RPT_BACKCOLOR>Transparent, ARGB(0,255,255,255)</RPT_BACKCOLOR>
          <RPT_BORDERS>None</RPT_BORDERS>
          <RPT_BORDERWIDTH>1</RPT_BORDERWIDTH>
          <RPT_BORDERCOLOR>Black, ARGB(255,0,0,0)</RPT_BORDERCOLOR>
          <RPT_ALIGNMENT>TopLeft</RPT_ALIGNMENT>
          <RPT_FONT>Courier New, 10pt</RPT_FONT>
          <RPT_WORDWRAP>False</RPT_WORDWRAP>
        </ReportLabel>
        <ReportAttribute>
          <RPT_TEXT_MODE>False</RPT_TEXT_MODE>
          <RPT_INTERNAL_NAME>Control297</RPT_INTERNAL_NAME>
          <RPT_ID>297</RPT_ID>
          <RPT_VISIBLE>True</RPT_VISIBLE>
          <ControlName>&amp;Cartaz</ControlName>
          <AttID>&amp;Cartaz</AttID>
          <AttType>5</AttType>
          <BaseAttType>5</BaseAttType>
          <PROP_EXT_BASE_ATT_COLLECTION>False</PROP_EXT_BASE_ATT_COLLECTION>
          <GxObjClass>1</GxObjClass>
          <isVariable>True</isVariable>
          <isAttribute>False</isAttribute>
          <ColCount>10</ColCount>
          <ControlType>Edit</ControlType>
          <IsEnumerated>False</IsEnumerated>
          <RowIndex>1</RowIndex>
          <ColIndex>1</ColIndex>
          <AttNumDim>0</AttNumDim>
          <AttCollection>False</AttCollection>
          <RPT_TEXT>Text</RPT_TEXT>
          <RPT_X>344</RPT_X>
          <RPT_Y>109</RPT_Y>
          <RPT_WIDTH>74</RPT_WIDTH>
          <RPT_WIDTH_Default>74</RPT_WIDTH_Default>
          <RPT_HEIGHT>17</RPT_HEIGHT>
          <RPT_HEIGHT_Default>17</RPT_HEIGHT_Default>
          <RPT_FORECOLOR>Black, ARGB(255,0,0,0)</RPT_FORECOLOR>
          <RPT_BACKCOLOR>White, ARGB(255,255,255,255)</RPT_BACKCOLOR>
          <RPT_BORDERS>None</RPT_BORDERS>
          <RPT_BORDERWIDTH>1</RPT_BORDERWIDTH>
          <RPT_BORDERCOLOR>Black, ARGB(255,0,0,0)</RPT_BORDERCOLOR>
          <RPT_ALIGNMENT>TopLeft</RPT_ALIGNMENT>
          <RPT_FONT>Courier New, 9pt</RPT_FONT>
          <GxFormat>Text</GxFormat>
          <RPT_WORDWRAP>False</RPT_WORDWRAP>
          <AttEditNameProtected>False</AttEditNameProtected>
          <IsStandardVariable>False</IsStandardVariable>
          <idIsAutoDefinedVariable>False</idIsAutoDefinedVariable>
          <AttEditDisableArrays>False</AttEditDisableArrays>
          <AttEditNewVariable>False</AttEditNewVariable>
          <AttEditDontAssign>False</AttEditDontAssign>
        </ReportAttribute>
        <ReportLabel>
          <RPT_TEXT_MODE>False</RPT_TEXT_MODE>
          <RPT_INTERNAL_NAME>Control298</RPT_INTERNAL_NAME>
          <RPT_ID>298</RPT_ID>
          <RPT_VISIBLE>True</RPT_VISIBLE>
          <RPT_TEXT>Programa:</RPT_TEXT>
          <RPT_X>54</RPT_X>
          <RPT_Y>84</RPT_Y>
          <RPT_WIDTH>76</RPT_WIDTH>
          <RPT_HEIGHT>18</RPT_HEIGHT>
          <RPT_FORECOLOR>Black, ARGB(255,0,0,0)</RPT_FORECOLOR>
          <RPT_BACKCOLOR>Transparent, ARGB(0,255,255,255)</RPT_BACKCOLOR>
          <RPT_BORDERS>None</RPT_BORDERS>
          <RPT_BORDERWIDTH>1</RPT_BORDERWIDTH>
          <RPT_BORDERCOLOR>Black, ARGB(255,0,0,0)</RPT_BORDERCOLOR>
          <RPT_ALIGNMENT>TopLeft</RPT_ALIGNMENT>
          <RPT_FONT>Courier New, 10pt</RPT_FONT>
          <RPT_WORDWRAP>False</RPT_WORDWRAP>
        </ReportLabel>
        <ReportAttribute>
          <RPT_TEXT_MODE>False</RPT_TEXT_MODE>
          <RPT_INTERNAL_NAME>Control299</RPT_INTERNAL_NAME>
          <RPT_ID>299</RPT_ID>
          <RPT_VISIBLE>True</RPT_VISIBLE>
          <ControlName>&amp;PrgTing</ControlName>
          <AttID>&amp;PrgTing</AttID>
          <AttType>5</AttType>
          <BaseAttType>5</BaseAttType>
          <PROP_EXT_BASE_ATT_COLLECTION>False</PROP_EXT_BASE_ATT_COLLECTION>
          <GxObjClass>1</GxObjClass>
          <isVariable>True</isVariable>
          <isAttribute>False</isAttribute>
          <ColCount>30</ColCount>
          <ControlType>Edit</ControlType>
          <IsEnumerated>False</IsEnumerated>
          <RowIndex>1</RowIndex>
          <ColIndex>1</ColIndex>
          <AttNumDim>0</AttNumDim>
          <AttCollection>False</AttCollection>
          <RPT_TEXT>Text</RPT_TEXT>
          <RPT_X>135</RPT_X>
          <RPT_Y>84</RPT_Y>
          <RPT_WIDTH>251</RPT_WIDTH>
          <RPT_WIDTH_Default>251</RPT_WIDTH_Default>
          <RPT_HEIGHT>18</RPT_HEIGHT>
          <RPT_HEIGHT_Default>18</RPT_HEIGHT_Default>
          <RPT_FORECOLOR>Black, ARGB(255,0,0,0)</RPT_FORECOLOR>
          <RPT_BACKCOLOR>White, ARGB(255,255,255,255)</RPT_BACKCOLOR>
          <RPT_BORDERS>None</RPT_BORDERS>
          <RPT_BORDERWIDTH>1</RPT_BORDERWIDTH>
          <RPT_BORDERCOLOR>Black, ARGB(255,0,0,0)</RPT_BORDERCOLOR>
          <RPT_ALIGNMENT>TopLeft</RPT_ALIGNMENT>
          <RPT_FONT>Courier New, 10pt</RPT_FONT>
          <GxFormat>Text</GxFormat>
          <RPT_WORDWRAP>False</RPT_WORDWRAP>
          <AttEditNameProtected>False</AttEditNameProtected>
          <IsStandardVariable>False</IsStandardVariable>
          <idIsAutoDefinedVariable>False</idIsAutoDefinedVariable>
          <AttEditDisableArrays>False</AttEditDisableArrays>
          <AttEditNewVariable>False</AttEditNewVariable>
          <AttEditDontAssign>False</AttEditDontAssign>
        </ReportAttribute>
      </Controls>
      <Properties>
        <RPT_TEXT_MODE>False</RPT_TEXT_MODE>
        <RPT_INTERNAL_NAME>P_BarColNom</RPT_INTERNAL_NAME>
        <RPT_ID>221</RPT_ID>
        <RPT_VISIBLE>True</RPT_VISIBLE>
        <RPT_TEXT>Text</RPT_TEXT>
        <RPT_X>74</RPT_X>
        <RPT_Y>209</RPT_Y>
        <RPT_WIDTH>856</RPT_WIDTH>
        <RPT_HEIGHT>203</RPT_HEIGHT>
      </Properties>
    </PrintBlock>
  </Bands>
  <Properties>
    <RPT_TEXT_MODE>False</RPT_TEXT_MODE>
    <RPT_PAPER_SIZE>Custom</RPT_PAPER_SIZE>
    <RPT_PAPER_ORIENTATION>Portrait</RPT_PAPER_ORIENTATION>
    <RPT_PAPER_WIDTH>856</RPT_PAPER_WIDTH>
    <RPT_PAPER_HEIGHT>1169</RPT_PAPER_HEIGHT>
    <RPT_RIGHT_MARGIN>0</RPT_RIGHT_MARGIN>
    <RPT_ATT_FONT>Courier New, 9pt</RPT_ATT_FONT>
    <RPT_TXT_FONT>Microsoft Sans Serif, 8pt, style=Bold</RPT_TXT_FONT>
  </Properties>
</Report>